Handle,Title,Body (HTML),Vendor,Product Category,Type,Tags,Published,Option1 Name,Option1 Value,Option1 Linked To,Option2 Name,Option2 Value,Option2 Linked To,Option3 Name,Option3 Value,Option3 Linked To,Variant SKU,Variant Grams,Variant Inventory Tracker,Variant Inventory Policy,Variant Fulfillment Service,Variant Price,Variant Compare At Price,Variant Requires Shipping,Variant Taxable,Unit Price Total Measure,Unit Price Total Measure Unit,Unit Price Base Measure,Unit Price Base Measure Unit,Variant Barcode,Image Src,Image Position,Image Alt Text,Gift Card,SEO Title,SEO Description,Band Material (product.metafields.custom.band_material),Case Color (product.metafields.custom.case_color),Department (product.metafields.custom.department),Dial Color (product.metafields.custom.dial_color),Display (product.metafields.custom.display),Frame Color (product.metafields.custom.frame_color),Increased Price (product.metafields.custom.increased_price),Lug Width (product.metafields.custom.lug_width),Product Source URL (product.metafields.custom.product_source_url),Water Resistance (product.metafields.custom.water_resistance),Google: Custom Product (product.metafields.mm-google-shopping.custom_product),Product rating count (product.metafields.reviews.rating_count),Age group (product.metafields.shopify.age-group),Band color (product.metafields.shopify.band-color),Barware material (product.metafields.shopify.barware-material),Case color (product.metafields.shopify.case-color),Clothing accessory material (product.metafields.shopify.clothing-accessory-material),Color (product.metafields.shopify.color-pattern),Connectivity technology (product.metafields.shopify.connectivity-technology),Dial color (product.metafields.shopify.dial-color),Dispenser type (product.metafields.shopify.dispenser-type),Eyewear frame design (product.metafields.shopify.eyewear-frame-design),Eyewear frame material (product.metafields.shopify.eyewear-frame-material),Eyewear lens material (product.metafields.shopify.eyewear-lens-material),Fabric (product.metafields.shopify.fabric),Hardware material (product.metafields.shopify.hardware-material),Knife type (product.metafields.shopify.knife-type),Lens polarization (product.metafields.shopify.lens-polarization),Lens type (product.metafields.shopify.lens-type),Lock type (product.metafields.shopify.lock-type),Material (product.metafields.shopify.material),Occasion (product.metafields.shopify.occasion),Optical frame design (product.metafields.shopify.optical-frame-design),Season (product.metafields.shopify.season),Target gender (product.metafields.shopify.target-gender),Wallet features (product.metafields.shopify.wallet-features),Watch accessory style (product.metafields.shopify.watch-accessory-style),Watch display (product.metafields.shopify.watch-display),Watch features (product.metafields.shopify.watch-features),Watch material (product.metafields.shopify.watch-material),Complementary products (product.metafields.shopify--discovery--product_recommendation.complementary_products),Related products (product.metafields.shopify--discovery--product_recommendation.related_products),Related products settings (product.metafields.shopify--discovery--product_recommendation.related_products_display),Search product boosts (product.metafields.shopify--discovery--product_search_boost.queries),Variant Image,Variant Weight Unit,Variant Tax Code,Cost per item,Status
museum-bangle,Museum Bangle,"Modern, minimal, and made to stack. The Jewelry-Inspired Movado Museum Bangle. This 21.5mm by 25.5mm watch features an oval silver white sunray dial, yellow gold tone dauphine hands, and our signature dot at 12 o'clock.<br><br><table style=""width:100%; border-collapse:collapse;""><tr><td style=""font-weight:bold; border:1px solid #ddd; padding:8px;"">Brand</td><td style=""border:1px solid #ddd; padding:8px;"">Movado</td></tr></table><br><br>
<div><strong>Easy Returns</strong></div>
<p>This item can be returned within 7 days.&nbsp;<a href=""https://theluxurydirect.com/pages/return-refund-policy"" rel=""noopener"" target=""_blank"">View our return policy</a><br><br></p>
<div><strong>USA Shipping</strong></div>
<p>All of our items ship from the United States.&nbsp;<a href=""https://theluxurydirect.com/pages/shipping-policy"" rel=""noopener"" target=""_blank"">Learn more</a></p>
<div><br></div>
<div><br></div>
",Movado,Apparel & Accessories > Jewelry > Watches,Watches,"Wristwatches, Watches, Jewelry & Watches, SwiftCommerce_Movado",FALSE,Title,Default Title,,,,,,,,0608072,90,shopify,deny,manual,895.00,,TRUE,TRUE,,,,,,outputs\movado\listing\20260311_193522\images\museum-bangle-0608072-html\processed\0608072_1.webp,1,Museum Bangle_1,FALSE,,,,,Unisex,,,,,,https://www.movado.com/us/en/shop-watches/museum-bangle-0608072.html,,,,adults,,,,,,,,,,,,,,,,,,,,,,unisex,,,,,,,,,,,g,,,draft
museum-bangle,,,,,,,,,,,,,,,,,,,,,,,,,,,,,,,outputs\movado\listing\20260311_193522\images\museum-bangle-0608072-html\processed\0608072_2.webp,2,Museum Bangle_2,,,,,,,,,,,,,,,,,,,,,,,,,,,,,,,,,,,,,,,,,,,,,,,,,,,,
museum-bangle,,,,,,,,,,,,,,,,,,,,,,,,,,,,,,,outputs\movado\listing\20260311_193522\images\museum-bangle-0608072-html\processed\0608072_3.webp,3,Museum Bangle_3,,,,,,,,,,,,,,,,,,,,,,,,,,,,,,,,,,,,,,,,,,,,,,,,,,,,
museum-bangle,,,,,,,,,,,,,,,,,,,,,,,,,,,,,,,outputs\movado\listing\20260311_193522\images\museum-bangle-0608072-html\processed\0608072_4.webp,4,Museum Bangle_4,,,,,,,,,,,,,,,,,,,,,,,,,,,,,,,,,,,,,,,,,,,,,,,,,,,,
museum-bangle,,,,,,,,,,,,,,,,,,,,,,,,,,,,,,,outputs\movado\listing\20260311_193522\images\museum-bangle-0608072-html\processed\0608072_5.webp,5,Museum Bangle_5,,,,,,,,,,,,,,,,,,,,,,,,,,,,,,,,,,,,,,,,,,,,,,,,,,,,
museum-bangle,,,,,,,,,,,,,,,,,,,,,,,,,,,,,,,outputs\movado\listing\20260311_193522\images\museum-bangle-0608072-html\processed\0608072_6.webp,6,Museum Bangle_6,,,,,,,,,,,,,,,,,,,,,,,,,,,,,,,,,,,,,,,,,,,,,,,,,,,,
museum-bangle,,,,,,,,,,,,,,,,,,,,,,,,,,,,,,,outputs\movado\listing\20260311_193522\images\museum-bangle-0608072-html\processed\0608072_7.webp,7,Museum Bangle_7,,,,,,,,,,,,,,,,,,,,,,,,,,,,,,,,,,,,,,,,,,,,,,,,,,,,
museum-bangle,,,,,,,,,,,,,,,,,,,,,,,,,,,,,,,outputs\movado\listing\20260311_193522\images\museum-bangle-0608072-html\processed\0608072_8.webp,8,Museum Bangle_8,,,,,,,,,,,,,,,,,,,,,,,,,,,,,,,,,,,,,,,,,,,,,,,,,,,,
museum-bangle,,,,,,,,,,,,,,,,,,,,,,,,,,,,,,,outputs\movado\listing\20260311_193522\images\museum-bangle-0608072-html\processed\0608072_9.webp,9,Museum Bangle_9,,,,,,,,,,,,,,,,,,,,,,,,,,,,,,,,,,,,,,,,,,,,,,,,,,,,
museum-bangle,,,,,,,,,,,,,,,,,,,,,,,,,,,,,,,outputs\movado\listing\20260311_193522\images\museum-bangle-0608072-html\processed\0608072_10.webp,10,Museum Bangle_10,,,,,,,,,,,,,,,,,,,,,,,,,,,,,,,,,,,,,,,,,,,,,,,,,,,,
museum-bangle,,,,,,,,,,,,,,,,,,,,,,,,,,,,,,,outputs\movado\listing\20260311_193522\images\museum-bangle-0608072-html\processed\0608072_11.webp,11,Museum Bangle_11,,,,,,,,,,,,,,,,,,,,,,,,,,,,,,,,,,,,,,,,,,,,,,,,,,,,
museum-bangle,,,,,,,,,,,,,,,,,,,,,,,,,,,,,,,outputs\movado\listing\20260311_193522\images\museum-bangle-0608072-html\processed\0608072_12.webp,12,Museum Bangle_12,,,,,,,,,,,,,,,,,,,,,,,,,,,,,,,,,,,,,,,,,,,,,,,,,,,,
museum-bangle,,,,,,,,,,,,,,,,,,,,,,,,,,,,,,,outputs\movado\listing\20260311_193522\images\museum-bangle-0608072-html\processed\0608072_13.webp,13,Museum Bangle_13,,,,,,,,,,,,,,,,,,,,,,,,,,,,,,,,,,,,,,,,,,,,,,,,,,,,
museum-bangle,,,,,,,,,,,,,,,,,,,,,,,,,,,,,,,outputs\movado\listing\20260311_193522\images\museum-bangle-0608072-html\processed\0608072_14.webp,14,Museum Bangle_14,,,,,,,,,,,,,,,,,,,,,,,,,,,,,,,,,,,,,,,,,,,,,,,,,,,,
museum-bangle,,,,,,,,,,,,,,,,,,,,,,,,,,,,,,,outputs\movado\listing\20260311_193522\images\museum-bangle-0608072-html\processed\0608072_15.webp,15,Museum Bangle_15,,,,,,,,,,,,,,,,,,,,,,,,,,,,,,,,,,,,,,,,,,,,,,,,,,,,
heritage-1917,Heritage 1917,"A century in the making, The Heritage 1917 revives Movado’s Art Deco era square watch with clean geometry and stylized Arabic numerals. This petite 25mm x 34.10mm stainless steel watch features a cherry sunburst ombré dial, a cherry leather strap, and our flower motif stamped on the crown—an archival detail pulled from an early Movado design.<br><br><table style=""width:100%; border-collapse:collapse;""><tr><td style=""font-weight:bold; border:1px solid #ddd; padding:8px;"">Brand</td><td style=""border:1px solid #ddd; padding:8px;"">Movado</td></tr></table><br><br>
<div><strong>Easy Returns</strong></div>
<p>This item can be returned within 7 days.&nbsp;<a href=""https://theluxurydirect.com/pages/return-refund-policy"" rel=""noopener"" target=""_blank"">View our return policy</a><br><br></p>
<div><strong>USA Shipping</strong></div>
<p>All of our items ship from the United States.&nbsp;<a href=""https://theluxurydirect.com/pages/shipping-policy"" rel=""noopener"" target=""_blank"">Learn more</a></p>
<div><br></div>
<div><br></div>
",Movado,Apparel & Accessories > Jewelry > Watches,Watches,"Wristwatches, Watches, Jewelry & Watches, SwiftCommerce_Movado",FALSE,Title,Default Title,,,,,,,,3650247,90,shopify,deny,manual,895.00,,TRUE,TRUE,,,,,,outputs\movado\listing\20260311_193522\images\heritage-1917-3650247-html\processed\3650247_1.webp,1,Heritage 1917_1,FALSE,,,,,Unisex,,,,,,https://www.movado.com/us/en/shop-watches/heritage-1917-3650247.html,,,,adults,,,,,,,,,,,,,,,,,,,,,,unisex,,,,,,,,,,,g,,,draft
heritage-1917,,,,,,,,,,,,,,,,,,,,,,,,,,,,,,,outputs\movado\listing\20260311_193522\images\heritage-1917-3650247-html\processed\3650247_2.webp,2,Heritage 1917_2,,,,,,,,,,,,,,,,,,,,,,,,,,,,,,,,,,,,,,,,,,,,,,,,,,,,
heritage-1917,,,,,,,,,,,,,,,,,,,,,,,,,,,,,,,outputs\movado\listing\20260311_193522\images\heritage-1917-3650247-html\processed\3650247_3.webp,3,Heritage 1917_3,,,,,,,,,,,,,,,,,,,,,,,,,,,,,,,,,,,,,,,,,,,,,,,,,,,,
heritage-1917,,,,,,,,,,,,,,,,,,,,,,,,,,,,,,,outputs\movado\listing\20260311_193522\images\heritage-1917-3650247-html\processed\3650247_4.webp,4,Heritage 1917_4,,,,,,,,,,,,,,,,,,,,,,,,,,,,,,,,,,,,,,,,,,,,,,,,,,,,
heritage-1917,,,,,,,,,,,,,,,,,,,,,,,,,,,,,,,outputs\movado\listing\20260311_193522\images\heritage-1917-3650247-html\processed\3650247_5.webp,5,Heritage 1917_5,,,,,,,,,,,,,,,,,,,,,,,,,,,,,,,,,,,,,,,,,,,,,,,,,,,,
heritage-1917,,,,,,,,,,,,,,,,,,,,,,,,,,,,,,,outputs\movado\listing\20260311_193522\images\heritage-1917-3650247-html\processed\3650247_6.webp,6,Heritage 1917_6,,,,,,,,,,,,,,,,,,,,,,,,,,,,,,,,,,,,,,,,,,,,,,,,,,,,
heritage-1917,,,,,,,,,,,,,,,,,,,,,,,,,,,,,,,outputs\movado\listing\20260311_193522\images\heritage-1917-3650247-html\processed\3650247_7.webp,7,Heritage 1917_7,,,,,,,,,,,,,,,,,,,,,,,,,,,,,,,,,,,,,,,,,,,,,,,,,,,,
heritage-1917,,,,,,,,,,,,,,,,,,,,,,,,,,,,,,,outputs\movado\listing\20260311_193522\images\heritage-1917-3650247-html\processed\3650247_8.webp,8,Heritage 1917_8,,,,,,,,,,,,,,,,,,,,,,,,,,,,,,,,,,,,,,,,,,,,,,,,,,,,
heritage-1917,,,,,,,,,,,,,,,,,,,,,,,,,,,,,,,outputs\movado\listing\20260311_193522\images\heritage-1917-3650247-html\processed\3650247_9.webp,9,Heritage 1917_9,,,,,,,,,,,,,,,,,,,,,,,,,,,,,,,,,,,,,,,,,,,,,,,,,,,,
heritage-1917,,,,,,,,,,,,,,,,,,,,,,,,,,,,,,,outputs\movado\listing\20260311_193522\images\heritage-1917-3650247-html\processed\3650247_10.webp,10,Heritage 1917_10,,,,,,,,,,,,,,,,,,,,,,,,,,,,,,,,,,,,,,,,,,,,,,,,,,,,
heritage-1917,,,,,,,,,,,,,,,,,,,,,,,,,,,,,,,outputs\movado\listing\20260311_193522\images\heritage-1917-3650247-html\processed\3650247_11.webp,11,Heritage 1917_11,,,,,,,,,,,,,,,,,,,,,,,,,,,,,,,,,,,,,,,,,,,,,,,,,,,,
heritage-1917,,,,,,,,,,,,,,,,,,,,,,,,,,,,,,,outputs\movado\listing\20260311_193522\images\heritage-1917-3650247-html\processed\3650247_12.webp,12,Heritage 1917_12,,,,,,,,,,,,,,,,,,,,,,,,,,,,,,,,,,,,,,,,,,,,,,,,,,,,
heritage-1917,,,,,,,,,,,,,,,,,,,,,,,,,,,,,,,outputs\movado\listing\20260311_193522\images\heritage-1917-3650247-html\processed\3650247_13.webp,13,Heritage 1917_13,,,,,,,,,,,,,,,,,,,,,,,,,,,,,,,,,,,,,,,,,,,,,,,,,,,,
heritage-1917,,,,,,,,,,,,,,,,,,,,,,,,,,,,,,,outputs\movado\listing\20260311_193522\images\heritage-1917-3650247-html\processed\3650247_14.webp,14,Heritage 1917_14,,,,,,,,,,,,,,,,,,,,,,,,,,,,,,,,,,,,,,,,,,,,,,,,,,,,
heritage-1917,,,,,,,,,,,,,,,,,,,,,,,,,,,,,,,outputs\movado\listing\20260311_193522\images\heritage-1917-3650247-html\processed\3650247_15.webp,15,Heritage 1917_15,,,,,,,,,,,,,,,,,,,,,,,,,,,,,,,,,,,,,,,,,,,,,,,,,,,,
heritage-1917,Heritage 1917,"A century in the making, The Heritage 1917 revives Movado’s Art Deco era square watch with refined geometry and stylized Arabic numerals. This 35mm x 45.20mm stainless steel watch features a vintage green sunburst ombré dial, a cognac leather strap, and an exhibition caseback.<br><br><table style=""width:100%; border-collapse:collapse;""><tr><td style=""font-weight:bold; border:1px solid #ddd; padding:8px;"">Brand</td><td style=""border:1px solid #ddd; padding:8px;"">Movado</td></tr></table><br><br>
<div><strong>Easy Returns</strong></div>
<p>This item can be returned within 7 days.&nbsp;<a href=""https://theluxurydirect.com/pages/return-refund-policy"" rel=""noopener"" target=""_blank"">View our return policy</a><br><br></p>
<div><strong>USA Shipping</strong></div>
<p>All of our items ship from the United States.&nbsp;<a href=""https://theluxurydirect.com/pages/shipping-policy"" rel=""noopener"" target=""_blank"">Learn more</a></p>
<div><br></div>
<div><br></div>
",Movado,Apparel & Accessories > Jewelry > Watches,Watches,"Wristwatches, Watches, Jewelry & Watches, SwiftCommerce_Movado",FALSE,Title,Default Title,,,,,,,,3650253,90,shopify,deny,manual,895.00,,TRUE,TRUE,,,,,,outputs\movado\listing\20260311_193522\images\heritage-1917-3650253-html\processed\3650253_1.webp,1,Heritage 1917_1,FALSE,,,,,Unisex,,,,,,https://www.movado.com/us/en/shop-watches/heritage-1917-3650253.html,,,,adults,,,,,,,,,,,,,,,,,,,,,,unisex,,,,,,,,,,,g,,,draft
heritage-1917,,,,,,,,,,,,,,,,,,,,,,,,,,,,,,,outputs\movado\listing\20260311_193522\images\heritage-1917-3650253-html\processed\3650253_2.webp,2,Heritage 1917_2,,,,,,,,,,,,,,,,,,,,,,,,,,,,,,,,,,,,,,,,,,,,,,,,,,,,
heritage-1917,,,,,,,,,,,,,,,,,,,,,,,,,,,,,,,outputs\movado\listing\20260311_193522\images\heritage-1917-3650253-html\processed\3650253_3.webp,3,Heritage 1917_3,,,,,,,,,,,,,,,,,,,,,,,,,,,,,,,,,,,,,,,,,,,,,,,,,,,,
heritage-1917,,,,,,,,,,,,,,,,,,,,,,,,,,,,,,,outputs\movado\listing\20260311_193522\images\heritage-1917-3650253-html\processed\3650253_4.webp,4,Heritage 1917_4,,,,,,,,,,,,,,,,,,,,,,,,,,,,,,,,,,,,,,,,,,,,,,,,,,,,
heritage-1917,,,,,,,,,,,,,,,,,,,,,,,,,,,,,,,outputs\movado\listing\20260311_193522\images\heritage-1917-3650253-html\processed\3650253_5.webp,5,Heritage 1917_5,,,,,,,,,,,,,,,,,,,,,,,,,,,,,,,,,,,,,,,,,,,,,,,,,,,,
heritage-1917,,,,,,,,,,,,,,,,,,,,,,,,,,,,,,,outputs\movado\listing\20260311_193522\images\heritage-1917-3650253-html\processed\3650253_6.webp,6,Heritage 1917_6,,,,,,,,,,,,,,,,,,,,,,,,,,,,,,,,,,,,,,,,,,,,,,,,,,,,
heritage-1917,,,,,,,,,,,,,,,,,,,,,,,,,,,,,,,outputs\movado\listing\20260311_193522\images\heritage-1917-3650253-html\processed\3650253_7.webp,7,Heritage 1917_7,,,,,,,,,,,,,,,,,,,,,,,,,,,,,,,,,,,,,,,,,,,,,,,,,,,,
heritage-1917,,,,,,,,,,,,,,,,,,,,,,,,,,,,,,,outputs\movado\listing\20260311_193522\images\heritage-1917-3650253-html\processed\3650253_8.webp,8,Heritage 1917_8,,,,,,,,,,,,,,,,,,,,,,,,,,,,,,,,,,,,,,,,,,,,,,,,,,,,
heritage-1917,,,,,,,,,,,,,,,,,,,,,,,,,,,,,,,outputs\movado\listing\20260311_193522\images\heritage-1917-3650253-html\processed\3650253_9.webp,9,Heritage 1917_9,,,,,,,,,,,,,,,,,,,,,,,,,,,,,,,,,,,,,,,,,,,,,,,,,,,,
heritage-1917,,,,,,,,,,,,,,,,,,,,,,,,,,,,,,,outputs\movado\listing\20260311_193522\images\heritage-1917-3650253-html\processed\3650253_10.webp,10,Heritage 1917_10,,,,,,,,,,,,,,,,,,,,,,,,,,,,,,,,,,,,,,,,,,,,,,,,,,,,
heritage-1917,,,,,,,,,,,,,,,,,,,,,,,,,,,,,,,outputs\movado\listing\20260311_193522\images\heritage-1917-3650253-html\processed\3650253_11.webp,11,Heritage 1917_11,,,,,,,,,,,,,,,,,,,,,,,,,,,,,,,,,,,,,,,,,,,,,,,,,,,,
heritage-1917,,,,,,,,,,,,,,,,,,,,,,,,,,,,,,,outputs\movado\listing\20260311_193522\images\heritage-1917-3650253-html\processed\3650253_12.webp,12,Heritage 1917_12,,,,,,,,,,,,,,,,,,,,,,,,,,,,,,,,,,,,,,,,,,,,,,,,,,,,
heritage-1917,,,,,,,,,,,,,,,,,,,,,,,,,,,,,,,outputs\movado\listing\20260311_193522\images\heritage-1917-3650253-html\processed\3650253_13.webp,13,Heritage 1917_13,,,,,,,,,,,,,,,,,,,,,,,,,,,,,,,,,,,,,,,,,,,,,,,,,,,,
heritage-1917,,,,,,,,,,,,,,,,,,,,,,,,,,,,,,,outputs\movado\listing\20260311_193522\images\heritage-1917-3650253-html\processed\3650253_14.webp,14,Heritage 1917_14,,,,,,,,,,,,,,,,,,,,,,,,,,,,,,,,,,,,,,,,,,,,,,,,,,,,
heritage-1917,,,,,,,,,,,,,,,,,,,,,,,,,,,,,,,outputs\movado\listing\20260311_193522\images\heritage-1917-3650253-html\processed\3650253_15.webp,15,Heritage 1917_15,,,,,,,,,,,,,,,,,,,,,,,,,,,,,,,,,,,,,,,,,,,,,,,,,,,,
heritage-1917,,,,,,,,,,,,,,,,,,,,,,,,,,,,,,,outputs\movado\listing\20260311_193522\images\heritage-1917-3650253-html\processed\3650253_16.webp,16,Heritage 1917_16,,,,,,,,,,,,,,,,,,,,,,,,,,,,,,,,,,,,,,,,,,,,,,,,,,,,
bold-evolution-2-0-chronograph,BOLD Evolution 2.0 Chronograph,"The BOLD Evolution 2.0 Chronograph is defined by an elevated, bold case and a skeleton dial. This 42mm chronograph watch features a transparent coffee brown dial with yellow gold tone subdials, slim hands, and our signature dot at 12 o'clock.<br><br><table style=""width:100%; border-collapse:collapse;""><tr><td style=""font-weight:bold; border:1px solid #ddd; padding:8px;"">Brand</td><td style=""border:1px solid #ddd; padding:8px;"">Movado</td></tr></table><br><br>
<div><strong>Easy Returns</strong></div>
<p>This item can be returned within 7 days.&nbsp;<a href=""https://theluxurydirect.com/pages/return-refund-policy"" rel=""noopener"" target=""_blank"">View our return policy</a><br><br></p>
<div><strong>USA Shipping</strong></div>
<p>All of our items ship from the United States.&nbsp;<a href=""https://theluxurydirect.com/pages/shipping-policy"" rel=""noopener"" target=""_blank"">Learn more</a></p>
<div><br></div>
<div><br></div>
",Movado,Apparel & Accessories > Jewelry > Watches,Watches,"Wristwatches, Watches, Jewelry & Watches, SwiftCommerce_Movado",FALSE,Title,Default Title,,,,,,,,3601265,90,shopify,deny,manual,895.00,,TRUE,TRUE,,,,,,outputs\movado\listing\20260311_193522\images\bold-evolution-2-0-chronograph-3601265-html\processed\3601265_1.webp,1,BOLD Evolution 2.0 Chronograph_1,FALSE,,,,,Unisex,,,,,,https://www.movado.com/us/en/shop-watches/bold-evolution-2.0-chronograph-3601265.html,,,,adults,,,,,,,,,,,,,,,,,,,,,,unisex,,,,,,,,,,,g,,,draft
bold-evolution-2-0-chronograph,,,,,,,,,,,,,,,,,,,,,,,,,,,,,,,outputs\movado\listing\20260311_193522\images\bold-evolution-2-0-chronograph-3601265-html\processed\3601265_2.webp,2,BOLD Evolution 2.0 Chronograph_2,,,,,,,,,,,,,,,,,,,,,,,,,,,,,,,,,,,,,,,,,,,,,,,,,,,,
bold-evolution-2-0-chronograph,,,,,,,,,,,,,,,,,,,,,,,,,,,,,,,outputs\movado\listing\20260311_193522\images\bold-evolution-2-0-chronograph-3601265-html\processed\3601265_3.webp,3,BOLD Evolution 2.0 Chronograph_3,,,,,,,,,,,,,,,,,,,,,,,,,,,,,,,,,,,,,,,,,,,,,,,,,,,,
bold-evolution-2-0-chronograph,,,,,,,,,,,,,,,,,,,,,,,,,,,,,,,outputs\movado\listing\20260311_193522\images\bold-evolution-2-0-chronograph-3601265-html\processed\3601265_4.webp,4,BOLD Evolution 2.0 Chronograph_4,,,,,,,,,,,,,,,,,,,,,,,,,,,,,,,,,,,,,,,,,,,,,,,,,,,,
bold-evolution-2-0-chronograph,,,,,,,,,,,,,,,,,,,,,,,,,,,,,,,outputs\movado\listing\20260311_193522\images\bold-evolution-2-0-chronograph-3601265-html\processed\3601265_5.webp,5,BOLD Evolution 2.0 Chronograph_5,,,,,,,,,,,,,,,,,,,,,,,,,,,,,,,,,,,,,,,,,,,,,,,,,,,,
bold-evolution-2-0-chronograph,,,,,,,,,,,,,,,,,,,,,,,,,,,,,,,outputs\movado\listing\20260311_193522\images\bold-evolution-2-0-chronograph-3601265-html\processed\3601265_6.webp,6,BOLD Evolution 2.0 Chronograph_6,,,,,,,,,,,,,,,,,,,,,,,,,,,,,,,,,,,,,,,,,,,,,,,,,,,,
bold-evolution-2-0-chronograph,,,,,,,,,,,,,,,,,,,,,,,,,,,,,,,outputs\movado\listing\20260311_193522\images\bold-evolution-2-0-chronograph-3601265-html\processed\3601265_7.webp,7,BOLD Evolution 2.0 Chronograph_7,,,,,,,,,,,,,,,,,,,,,,,,,,,,,,,,,,,,,,,,,,,,,,,,,,,,
bold-evolution-2-0-chronograph,,,,,,,,,,,,,,,,,,,,,,,,,,,,,,,outputs\movado\listing\20260311_193522\images\bold-evolution-2-0-chronograph-3601265-html\processed\3601265_8.webp,8,BOLD Evolution 2.0 Chronograph_8,,,,,,,,,,,,,,,,,,,,,,,,,,,,,,,,,,,,,,,,,,,,,,,,,,,,
bold-evolution-2-0-chronograph,,,,,,,,,,,,,,,,,,,,,,,,,,,,,,,outputs\movado\listing\20260311_193522\images\bold-evolution-2-0-chronograph-3601265-html\processed\3601265_9.webp,9,BOLD Evolution 2.0 Chronograph_9,,,,,,,,,,,,,,,,,,,,,,,,,,,,,,,,,,,,,,,,,,,,,,,,,,,,
bold-evolution-2-0-chronograph,,,,,,,,,,,,,,,,,,,,,,,,,,,,,,,outputs\movado\listing\20260311_193522\images\bold-evolution-2-0-chronograph-3601265-html\processed\3601265_10.webp,10,BOLD Evolution 2.0 Chronograph_10,,,,,,,,,,,,,,,,,,,,,,,,,,,,,,,,,,,,,,,,,,,,,,,,,,,,
bold-evolution-2-0-chronograph,,,,,,,,,,,,,,,,,,,,,,,,,,,,,,,outputs\movado\listing\20260311_193522\images\bold-evolution-2-0-chronograph-3601265-html\processed\3601265_11.webp,11,BOLD Evolution 2.0 Chronograph_11,,,,,,,,,,,,,,,,,,,,,,,,,,,,,,,,,,,,,,,,,,,,,,,,,,,,
bold-evolution-2-0-chronograph,,,,,,,,,,,,,,,,,,,,,,,,,,,,,,,outputs\movado\listing\20260311_193522\images\bold-evolution-2-0-chronograph-3601265-html\processed\3601265_12.webp,12,BOLD Evolution 2.0 Chronograph_12,,,,,,,,,,,,,,,,,,,,,,,,,,,,,,,,,,,,,,,,,,,,,,,,,,,,
bold-evolution-2-0-chronograph,,,,,,,,,,,,,,,,,,,,,,,,,,,,,,,outputs\movado\listing\20260311_193522\images\bold-evolution-2-0-chronograph-3601265-html\processed\3601265_13.webp,13,BOLD Evolution 2.0 Chronograph_13,,,,,,,,,,,,,,,,,,,,,,,,,,,,,,,,,,,,,,,,,,,,,,,,,,,,
bold-evolution-2-0-chronograph,,,,,,,,,,,,,,,,,,,,,,,,,,,,,,,outputs\movado\listing\20260311_193522\images\bold-evolution-2-0-chronograph-3601265-html\processed\3601265_14.webp,14,BOLD Evolution 2.0 Chronograph_14,,,,,,,,,,,,,,,,,,,,,,,,,,,,,,,,,,,,,,,,,,,,,,,,,,,,
bold-evolution-2-0-chronograph,,,,,,,,,,,,,,,,,,,,,,,,,,,,,,,outputs\movado\listing\20260311_193522\images\bold-evolution-2-0-chronograph-3601265-html\processed\3601265_15.webp,15,BOLD Evolution 2.0 Chronograph_15,,,,,,,,,,,,,,,,,,,,,,,,,,,,,,,,,,,,,,,,,,,,,,,,,,,,
heritage-1917,Heritage 1917,"A century in the making, The Heritage 1917 revives Movado’s Art Deco era square watch with clean geometry and stylized Arabic numerals. This petite 25mm x 34.10mm stainless steel watch features a sculptural unilink bracelet, a taupe sunburst ombré dial, a yellow gold plated bezel, and our flower motif stamped on the crown—an archival detail pulled from an early Movado design.<br><br><table style=""width:100%; border-collapse:collapse;""><tr><td style=""font-weight:bold; border:1px solid #ddd; padding:8px;"">Brand</td><td style=""border:1px solid #ddd; padding:8px;"">Movado</td></tr></table><br><br>
<div><strong>Easy Returns</strong></div>
<p>This item can be returned within 7 days.&nbsp;<a href=""https://theluxurydirect.com/pages/return-refund-policy"" rel=""noopener"" target=""_blank"">View our return policy</a><br><br></p>
<div><strong>USA Shipping</strong></div>
<p>All of our items ship from the United States.&nbsp;<a href=""https://theluxurydirect.com/pages/shipping-policy"" rel=""noopener"" target=""_blank"">Learn more</a></p>
<div><br></div>
<div><br></div>
",Movado,Apparel & Accessories > Jewelry > Watches,Watches,"Wristwatches, Watches, Jewelry & Watches, SwiftCommerce_Movado, Women's Watches",FALSE,Title,Default Title,,,,,,,,3650249,90,shopify,deny,manual,895.00,,TRUE,TRUE,,,,,,outputs\movado\listing\20260311_193522\images\heritage-1917-3650249-html\processed\3650249_1.webp,1,Heritage 1917_1,FALSE,,,,,Women,,,,,,https://www.movado.com/us/en/shop-watches/heritage-1917-3650249.html,,,,adults,,,,,,,,,,,,,,,,,,,,,,female,,,,,,,,,,,g,,,draft
heritage-1917,,,,,,,,,,,,,,,,,,,,,,,,,,,,,,,outputs\movado\listing\20260311_193522\images\heritage-1917-3650249-html\processed\3650249_2.webp,2,Heritage 1917_2,,,,,,,,,,,,,,,,,,,,,,,,,,,,,,,,,,,,,,,,,,,,,,,,,,,,
heritage-1917,,,,,,,,,,,,,,,,,,,,,,,,,,,,,,,outputs\movado\listing\20260311_193522\images\heritage-1917-3650249-html\processed\3650249_3.webp,3,Heritage 1917_3,,,,,,,,,,,,,,,,,,,,,,,,,,,,,,,,,,,,,,,,,,,,,,,,,,,,
heritage-1917,,,,,,,,,,,,,,,,,,,,,,,,,,,,,,,outputs\movado\listing\20260311_193522\images\heritage-1917-3650249-html\processed\3650249_4.webp,4,Heritage 1917_4,,,,,,,,,,,,,,,,,,,,,,,,,,,,,,,,,,,,,,,,,,,,,,,,,,,,
heritage-1917,,,,,,,,,,,,,,,,,,,,,,,,,,,,,,,outputs\movado\listing\20260311_193522\images\heritage-1917-3650249-html\processed\3650249_5.webp,5,Heritage 1917_5,,,,,,,,,,,,,,,,,,,,,,,,,,,,,,,,,,,,,,,,,,,,,,,,,,,,
heritage-1917,,,,,,,,,,,,,,,,,,,,,,,,,,,,,,,outputs\movado\listing\20260311_193522\images\heritage-1917-3650249-html\processed\3650249_6.webp,6,Heritage 1917_6,,,,,,,,,,,,,,,,,,,,,,,,,,,,,,,,,,,,,,,,,,,,,,,,,,,,
heritage-1917,,,,,,,,,,,,,,,,,,,,,,,,,,,,,,,outputs\movado\listing\20260311_193522\images\heritage-1917-3650249-html\processed\3650249_7.webp,7,Heritage 1917_7,,,,,,,,,,,,,,,,,,,,,,,,,,,,,,,,,,,,,,,,,,,,,,,,,,,,
heritage-1917,,,,,,,,,,,,,,,,,,,,,,,,,,,,,,,outputs\movado\listing\20260311_193522\images\heritage-1917-3650249-html\processed\3650249_8.webp,8,Heritage 1917_8,,,,,,,,,,,,,,,,,,,,,,,,,,,,,,,,,,,,,,,,,,,,,,,,,,,,
heritage-1917,,,,,,,,,,,,,,,,,,,,,,,,,,,,,,,outputs\movado\listing\20260311_193522\images\heritage-1917-3650249-html\processed\3650249_9.webp,9,Heritage 1917_9,,,,,,,,,,,,,,,,,,,,,,,,,,,,,,,,,,,,,,,,,,,,,,,,,,,,
heritage-1917,,,,,,,,,,,,,,,,,,,,,,,,,,,,,,,outputs\movado\listing\20260311_193522\images\heritage-1917-3650249-html\processed\3650249_10.webp,10,Heritage 1917_10,,,,,,,,,,,,,,,,,,,,,,,,,,,,,,,,,,,,,,,,,,,,,,,,,,,,
heritage-1917,,,,,,,,,,,,,,,,,,,,,,,,,,,,,,,outputs\movado\listing\20260311_193522\images\heritage-1917-3650249-html\processed\3650249_11.webp,11,Heritage 1917_11,,,,,,,,,,,,,,,,,,,,,,,,,,,,,,,,,,,,,,,,,,,,,,,,,,,,
heritage-1917,,,,,,,,,,,,,,,,,,,,,,,,,,,,,,,outputs\movado\listing\20260311_193522\images\heritage-1917-3650249-html\processed\3650249_12.webp,12,Heritage 1917_12,,,,,,,,,,,,,,,,,,,,,,,,,,,,,,,,,,,,,,,,,,,,,,,,,,,,
heritage-1917,,,,,,,,,,,,,,,,,,,,,,,,,,,,,,,outputs\movado\listing\20260311_193522\images\heritage-1917-3650249-html\processed\3650249_13.webp,13,Heritage 1917_13,,,,,,,,,,,,,,,,,,,,,,,,,,,,,,,,,,,,,,,,,,,,,,,,,,,,
heritage-1917,,,,,,,,,,,,,,,,,,,,,,,,,,,,,,,outputs\movado\listing\20260311_193522\images\heritage-1917-3650249-html\processed\3650249_14.webp,14,Heritage 1917_14,,,,,,,,,,,,,,,,,,,,,,,,,,,,,,,,,,,,,,,,,,,,,,,,,,,,
heritage-1917,,,,,,,,,,,,,,,,,,,,,,,,,,,,,,,outputs\movado\listing\20260311_193522\images\heritage-1917-3650249-html\processed\3650249_15.webp,15,Heritage 1917_15,,,,,,,,,,,,,,,,,,,,,,,,,,,,,,,,,,,,,,,,,,,,,,,,,,,,
heritage-1917,,,,,,,,,,,,,,,,,,,,,,,,,,,,,,,outputs\movado\listing\20260311_193522\images\heritage-1917-3650249-html\processed\3650249_16.webp,16,Heritage 1917_16,,,,,,,,,,,,,,,,,,,,,,,,,,,,,,,,,,,,,,,,,,,,,,,,,,,,
heritage-1917,Heritage 1917,"A century in the making, The Heritage 1917 revives Movado’s Art Deco era square watch with refined geometry and stylized Arabic numerals. This 35mm x 45.20mm stainless steel watch features a newly reimagined unilink bracelet, a charcoal gray sunburst ombré dial, a gold plated bezel, and an exhibition caseback.<br><br><table style=""width:100%; border-collapse:collapse;""><tr><td style=""font-weight:bold; border:1px solid #ddd; padding:8px;"">Brand</td><td style=""border:1px solid #ddd; padding:8px;"">Movado</td></tr></table><br><br>
<div><strong>Easy Returns</strong></div>
<p>This item can be returned within 7 days.&nbsp;<a href=""https://theluxurydirect.com/pages/return-refund-policy"" rel=""noopener"" target=""_blank"">View our return policy</a><br><br></p>
<div><strong>USA Shipping</strong></div>
<p>All of our items ship from the United States.&nbsp;<a href=""https://theluxurydirect.com/pages/shipping-policy"" rel=""noopener"" target=""_blank"">Learn more</a></p>
<div><br></div>
<div><br></div>
",Movado,Apparel & Accessories > Jewelry > Watches,Watches,"Wristwatches, Watches, Jewelry & Watches, SwiftCommerce_Movado, Men's Watches",FALSE,Title,Default Title,,,,,,,,3650257,90,shopify,deny,manual,895.00,,TRUE,TRUE,,,,,,outputs\movado\listing\20260311_193522\images\heritage-1917-3650257-html\processed\3650257_1.webp,1,Heritage 1917_1,FALSE,,,,,Men,,,,,,https://www.movado.com/us/en/shop-watches/heritage-1917-3650257.html,,,,adults,,,,,,,,,,,,,,,,,,,,,,male,,,,,,,,,,,g,,,draft
heritage-1917,,,,,,,,,,,,,,,,,,,,,,,,,,,,,,,outputs\movado\listing\20260311_193522\images\heritage-1917-3650257-html\processed\3650257_2.webp,2,Heritage 1917_2,,,,,,,,,,,,,,,,,,,,,,,,,,,,,,,,,,,,,,,,,,,,,,,,,,,,
heritage-1917,,,,,,,,,,,,,,,,,,,,,,,,,,,,,,,outputs\movado\listing\20260311_193522\images\heritage-1917-3650257-html\processed\3650257_3.webp,3,Heritage 1917_3,,,,,,,,,,,,,,,,,,,,,,,,,,,,,,,,,,,,,,,,,,,,,,,,,,,,
heritage-1917,,,,,,,,,,,,,,,,,,,,,,,,,,,,,,,outputs\movado\listing\20260311_193522\images\heritage-1917-3650257-html\processed\3650257_4.webp,4,Heritage 1917_4,,,,,,,,,,,,,,,,,,,,,,,,,,,,,,,,,,,,,,,,,,,,,,,,,,,,
heritage-1917,,,,,,,,,,,,,,,,,,,,,,,,,,,,,,,outputs\movado\listing\20260311_193522\images\heritage-1917-3650257-html\processed\3650257_5.webp,5,Heritage 1917_5,,,,,,,,,,,,,,,,,,,,,,,,,,,,,,,,,,,,,,,,,,,,,,,,,,,,
heritage-1917,,,,,,,,,,,,,,,,,,,,,,,,,,,,,,,outputs\movado\listing\20260311_193522\images\heritage-1917-3650257-html\processed\3650257_6.webp,6,Heritage 1917_6,,,,,,,,,,,,,,,,,,,,,,,,,,,,,,,,,,,,,,,,,,,,,,,,,,,,
heritage-1917,,,,,,,,,,,,,,,,,,,,,,,,,,,,,,,outputs\movado\listing\20260311_193522\images\heritage-1917-3650257-html\processed\3650257_7.webp,7,Heritage 1917_7,,,,,,,,,,,,,,,,,,,,,,,,,,,,,,,,,,,,,,,,,,,,,,,,,,,,
heritage-1917,,,,,,,,,,,,,,,,,,,,,,,,,,,,,,,outputs\movado\listing\20260311_193522\images\heritage-1917-3650257-html\processed\3650257_8.webp,8,Heritage 1917_8,,,,,,,,,,,,,,,,,,,,,,,,,,,,,,,,,,,,,,,,,,,,,,,,,,,,
heritage-1917,,,,,,,,,,,,,,,,,,,,,,,,,,,,,,,outputs\movado\listing\20260311_193522\images\heritage-1917-3650257-html\processed\3650257_9.webp,9,Heritage 1917_9,,,,,,,,,,,,,,,,,,,,,,,,,,,,,,,,,,,,,,,,,,,,,,,,,,,,
heritage-1917,,,,,,,,,,,,,,,,,,,,,,,,,,,,,,,outputs\movado\listing\20260311_193522\images\heritage-1917-3650257-html\processed\3650257_10.webp,10,Heritage 1917_10,,,,,,,,,,,,,,,,,,,,,,,,,,,,,,,,,,,,,,,,,,,,,,,,,,,,
heritage-1917,,,,,,,,,,,,,,,,,,,,,,,,,,,,,,,outputs\movado\listing\20260311_193522\images\heritage-1917-3650257-html\processed\3650257_11.webp,11,Heritage 1917_11,,,,,,,,,,,,,,,,,,,,,,,,,,,,,,,,,,,,,,,,,,,,,,,,,,,,
heritage-1917,,,,,,,,,,,,,,,,,,,,,,,,,,,,,,,outputs\movado\listing\20260311_193522\images\heritage-1917-3650257-html\processed\3650257_12.webp,12,Heritage 1917_12,,,,,,,,,,,,,,,,,,,,,,,,,,,,,,,,,,,,,,,,,,,,,,,,,,,,
heritage-1917,,,,,,,,,,,,,,,,,,,,,,,,,,,,,,,outputs\movado\listing\20260311_193522\images\heritage-1917-3650257-html\processed\3650257_13.webp,13,Heritage 1917_13,,,,,,,,,,,,,,,,,,,,,,,,,,,,,,,,,,,,,,,,,,,,,,,,,,,,
heritage-1917,,,,,,,,,,,,,,,,,,,,,,,,,,,,,,,outputs\movado\listing\20260311_193522\images\heritage-1917-3650257-html\processed\3650257_14.webp,14,Heritage 1917_14,,,,,,,,,,,,,,,,,,,,,,,,,,,,,,,,,,,,,,,,,,,,,,,,,,,,
heritage-1917,,,,,,,,,,,,,,,,,,,,,,,,,,,,,,,outputs\movado\listing\20260311_193522\images\heritage-1917-3650257-html\processed\3650257_15.webp,15,Heritage 1917_15,,,,,,,,,,,,,,,,,,,,,,,,,,,,,,,,,,,,,,,,,,,,,,,,,,,,
heritage-1917,,,,,,,,,,,,,,,,,,,,,,,,,,,,,,,outputs\movado\listing\20260311_193522\images\heritage-1917-3650257-html\processed\3650257_16.webp,16,Heritage 1917_16,,,,,,,,,,,,,,,,,,,,,,,,,,,,,,,,,,,,,,,,,,,,,,,,,,,,
museum-classic-chronograph,Museum Classic Chronograph,"The Museum Classic is the purest interpretation of Movado's Museum Dial—an icon of modern design and featured in art institutions around the world. This 42mm chronograph watch features a black dial, tonal subdials, and our signature dot at 12 o'clock.<br><br><table style=""width:100%; border-collapse:collapse;""><tr><td style=""font-weight:bold; border:1px solid #ddd; padding:8px;"">Brand</td><td style=""border:1px solid #ddd; padding:8px;"">Movado</td></tr></table><br><br>
<div><strong>Easy Returns</strong></div>
<p>This item can be returned within 7 days.&nbsp;<a href=""https://theluxurydirect.com/pages/return-refund-policy"" rel=""noopener"" target=""_blank"">View our return policy</a><br><br></p>
<div><strong>USA Shipping</strong></div>
<p>All of our items ship from the United States.&nbsp;<a href=""https://theluxurydirect.com/pages/shipping-policy"" rel=""noopener"" target=""_blank"">Learn more</a></p>
<div><br></div>
<div><br></div>
",Movado,Apparel & Accessories > Jewelry > Watches,Watches,"Wristwatches, Watches, Jewelry & Watches, SwiftCommerce_Movado, Men's Watches",FALSE,Title,Default Title,,,,,,,,0607777,90,shopify,deny,manual,895.00,,TRUE,TRUE,,,,,,outputs\movado\listing\20260311_193522\images\museum-classic-chronograph-0607777-html\processed\0607777_1.webp,1,Museum Classic Chronograph_1,FALSE,,,,,Men,,,,,,https://www.movado.com/us/en/shop-watches/museum-classic-chronograph-0607777.html,,,,adults,,,,,,,,,,,,,,,,,,,,,,male,,,,,,,,,,,g,,,draft
museum-classic-chronograph,,,,,,,,,,,,,,,,,,,,,,,,,,,,,,,outputs\movado\listing\20260311_193522\images\museum-classic-chronograph-0607777-html\processed\0607777_2.webp,2,Museum Classic Chronograph_2,,,,,,,,,,,,,,,,,,,,,,,,,,,,,,,,,,,,,,,,,,,,,,,,,,,,
museum-classic-chronograph,,,,,,,,,,,,,,,,,,,,,,,,,,,,,,,outputs\movado\listing\20260311_193522\images\museum-classic-chronograph-0607777-html\processed\0607777_3.webp,3,Museum Classic Chronograph_3,,,,,,,,,,,,,,,,,,,,,,,,,,,,,,,,,,,,,,,,,,,,,,,,,,,,
museum-classic-chronograph,,,,,,,,,,,,,,,,,,,,,,,,,,,,,,,outputs\movado\listing\20260311_193522\images\museum-classic-chronograph-0607777-html\processed\0607777_4.webp,4,Museum Classic Chronograph_4,,,,,,,,,,,,,,,,,,,,,,,,,,,,,,,,,,,,,,,,,,,,,,,,,,,,
museum-classic-chronograph,,,,,,,,,,,,,,,,,,,,,,,,,,,,,,,outputs\movado\listing\20260311_193522\images\museum-classic-chronograph-0607777-html\processed\0607777_5.webp,5,Museum Classic Chronograph_5,,,,,,,,,,,,,,,,,,,,,,,,,,,,,,,,,,,,,,,,,,,,,,,,,,,,
museum-classic-chronograph,,,,,,,,,,,,,,,,,,,,,,,,,,,,,,,outputs\movado\listing\20260311_193522\images\museum-classic-chronograph-0607777-html\processed\0607777_6.webp,6,Museum Classic Chronograph_6,,,,,,,,,,,,,,,,,,,,,,,,,,,,,,,,,,,,,,,,,,,,,,,,,,,,
museum-classic-chronograph,,,,,,,,,,,,,,,,,,,,,,,,,,,,,,,outputs\movado\listing\20260311_193522\images\museum-classic-chronograph-0607777-html\processed\0607777_7.webp,7,Museum Classic Chronograph_7,,,,,,,,,,,,,,,,,,,,,,,,,,,,,,,,,,,,,,,,,,,,,,,,,,,,
museum-classic-chronograph,,,,,,,,,,,,,,,,,,,,,,,,,,,,,,,outputs\movado\listing\20260311_193522\images\museum-classic-chronograph-0607777-html\processed\0607777_8.webp,8,Museum Classic Chronograph_8,,,,,,,,,,,,,,,,,,,,,,,,,,,,,,,,,,,,,,,,,,,,,,,,,,,,
museum-classic-chronograph,,,,,,,,,,,,,,,,,,,,,,,,,,,,,,,outputs\movado\listing\20260311_193522\images\museum-classic-chronograph-0607777-html\processed\0607777_9.webp,9,Museum Classic Chronograph_9,,,,,,,,,,,,,,,,,,,,,,,,,,,,,,,,,,,,,,,,,,,,,,,,,,,,
museum-classic-chronograph,,,,,,,,,,,,,,,,,,,,,,,,,,,,,,,outputs\movado\listing\20260311_193522\images\museum-classic-chronograph-0607777-html\processed\0607777_10.webp,10,Museum Classic Chronograph_10,,,,,,,,,,,,,,,,,,,,,,,,,,,,,,,,,,,,,,,,,,,,,,,,,,,,
museum-classic-chronograph,,,,,,,,,,,,,,,,,,,,,,,,,,,,,,,outputs\movado\listing\20260311_193522\images\museum-classic-chronograph-0607777-html\processed\0607777_11.webp,11,Museum Classic Chronograph_11,,,,,,,,,,,,,,,,,,,,,,,,,,,,,,,,,,,,,,,,,,,,,,,,,,,,
museum-classic-chronograph,,,,,,,,,,,,,,,,,,,,,,,,,,,,,,,outputs\movado\listing\20260311_193522\images\museum-classic-chronograph-0607777-html\processed\0607777_12.webp,12,Museum Classic Chronograph_12,,,,,,,,,,,,,,,,,,,,,,,,,,,,,,,,,,,,,,,,,,,,,,,,,,,,
museum-classic-chronograph,,,,,,,,,,,,,,,,,,,,,,,,,,,,,,,outputs\movado\listing\20260311_193522\images\museum-classic-chronograph-0607777-html\processed\0607777_13.webp,13,Museum Classic Chronograph_13,,,,,,,,,,,,,,,,,,,,,,,,,,,,,,,,,,,,,,,,,,,,,,,,,,,,
museum-classic-chronograph,,,,,,,,,,,,,,,,,,,,,,,,,,,,,,,outputs\movado\listing\20260311_193522\images\museum-classic-chronograph-0607777-html\processed\0607777_14.webp,14,Museum Classic Chronograph_14,,,,,,,,,,,,,,,,,,,,,,,,,,,,,,,,,,,,,,,,,,,,,,,,,,,,
museum-classic-chronograph,,,,,,,,,,,,,,,,,,,,,,,,,,,,,,,outputs\movado\listing\20260311_193522\images\museum-classic-chronograph-0607777-html\processed\0607777_15.webp,15,Museum Classic Chronograph_15,,,,,,,,,,,,,,,,,,,,,,,,,,,,,,,,,,,,,,,,,,,,,,,,,,,,
museum-classic-chronograph,,,,,,,,,,,,,,,,,,,,,,,,,,,,,,,outputs\movado\listing\20260311_193522\images\museum-classic-chronograph-0607777-html\processed\0607777_16.webp,16,Museum Classic Chronograph_16,,,,,,,,,,,,,,,,,,,,,,,,,,,,,,,,,,,,,,,,,,,,,,,,,,,,
museum-imperiale,Museum Imperiale,"The Museum Imperiale elevates everyday sophistication with a clean, modern silhouette, refined sporty materials, and an evolution of iconic Movado design. This 40mm stainless steel watch features a mid-tone blue sunburst dial with date window detailing, a sculptural three-row bracelet, Swiss Super-LumiNova® accents, and exhibition caseback.<br><br><table style=""width:100%; border-collapse:collapse;""><tr><td style=""font-weight:bold; border:1px solid #ddd; padding:8px;"">Brand</td><td style=""border:1px solid #ddd; padding:8px;"">Movado</td></tr></table><br><br>
<div><strong>Easy Returns</strong></div>
<p>This item can be returned within 7 days.&nbsp;<a href=""https://theluxurydirect.com/pages/return-refund-policy"" rel=""noopener"" target=""_blank"">View our return policy</a><br><br></p>
<div><strong>USA Shipping</strong></div>
<p>All of our items ship from the United States.&nbsp;<a href=""https://theluxurydirect.com/pages/shipping-policy"" rel=""noopener"" target=""_blank"">Learn more</a></p>
<div><br></div>
<div><br></div>
",Movado,Apparel & Accessories > Jewelry > Watches,Watches,"Wristwatches, Watches, Jewelry & Watches, SwiftCommerce_Movado, Men's Watches",FALSE,Title,Default Title,,,,,,,,0608048,90,shopify,deny,manual,895.00,,TRUE,TRUE,,,,,,outputs\movado\listing\20260311_193522\images\museum-imperiale-0608048-html\processed\0608048_1.webp,1,Museum Imperiale_1,FALSE,,,,,Men,,,,,,https://www.movado.com/us/en/shop-watches/museum-imperiale-0608048.html,,,,adults,,,,,,,,,,,,,,,,,,,,,,male,,,,,,,,,,,g,,,draft
museum-imperiale,,,,,,,,,,,,,,,,,,,,,,,,,,,,,,,outputs\movado\listing\20260311_193522\images\museum-imperiale-0608048-html\processed\0608048_2.webp,2,Museum Imperiale_2,,,,,,,,,,,,,,,,,,,,,,,,,,,,,,,,,,,,,,,,,,,,,,,,,,,,
museum-imperiale,,,,,,,,,,,,,,,,,,,,,,,,,,,,,,,outputs\movado\listing\20260311_193522\images\museum-imperiale-0608048-html\processed\0608048_3.webp,3,Museum Imperiale_3,,,,,,,,,,,,,,,,,,,,,,,,,,,,,,,,,,,,,,,,,,,,,,,,,,,,
museum-imperiale,,,,,,,,,,,,,,,,,,,,,,,,,,,,,,,outputs\movado\listing\20260311_193522\images\museum-imperiale-0608048-html\processed\0608048_4.webp,4,Museum Imperiale_4,,,,,,,,,,,,,,,,,,,,,,,,,,,,,,,,,,,,,,,,,,,,,,,,,,,,
museum-imperiale,,,,,,,,,,,,,,,,,,,,,,,,,,,,,,,outputs\movado\listing\20260311_193522\images\museum-imperiale-0608048-html\processed\0608048_5.webp,5,Museum Imperiale_5,,,,,,,,,,,,,,,,,,,,,,,,,,,,,,,,,,,,,,,,,,,,,,,,,,,,
museum-imperiale,,,,,,,,,,,,,,,,,,,,,,,,,,,,,,,outputs\movado\listing\20260311_193522\images\museum-imperiale-0608048-html\processed\0608048_6.webp,6,Museum Imperiale_6,,,,,,,,,,,,,,,,,,,,,,,,,,,,,,,,,,,,,,,,,,,,,,,,,,,,
museum-imperiale,,,,,,,,,,,,,,,,,,,,,,,,,,,,,,,outputs\movado\listing\20260311_193522\images\museum-imperiale-0608048-html\processed\0608048_7.webp,7,Museum Imperiale_7,,,,,,,,,,,,,,,,,,,,,,,,,,,,,,,,,,,,,,,,,,,,,,,,,,,,
museum-imperiale,,,,,,,,,,,,,,,,,,,,,,,,,,,,,,,outputs\movado\listing\20260311_193522\images\museum-imperiale-0608048-html\processed\0608048_8.webp,8,Museum Imperiale_8,,,,,,,,,,,,,,,,,,,,,,,,,,,,,,,,,,,,,,,,,,,,,,,,,,,,
museum-imperiale,,,,,,,,,,,,,,,,,,,,,,,,,,,,,,,outputs\movado\listing\20260311_193522\images\museum-imperiale-0608048-html\processed\0608048_9.webp,9,Museum Imperiale_9,,,,,,,,,,,,,,,,,,,,,,,,,,,,,,,,,,,,,,,,,,,,,,,,,,,,
museum-imperiale,,,,,,,,,,,,,,,,,,,,,,,,,,,,,,,outputs\movado\listing\20260311_193522\images\museum-imperiale-0608048-html\processed\0608048_10.webp,10,Museum Imperiale_10,,,,,,,,,,,,,,,,,,,,,,,,,,,,,,,,,,,,,,,,,,,,,,,,,,,,
museum-imperiale,Museum Imperiale,"The Museum Imperiale elevates everyday elegance with a clean, modern silhouette, refined sporty materials, and an evolution of iconic Movado design. This 33mm stainless steel watch features a light blue sunburst dial with date window detailing, a sculptural three-row bracelet, Swiss Super-LumiNova® accents, and exhibition caseback.<br><br><table style=""width:100%; border-collapse:collapse;""><tr><td style=""font-weight:bold; border:1px solid #ddd; padding:8px;"">Brand</td><td style=""border:1px solid #ddd; padding:8px;"">Movado</td></tr></table><br><br>
<div><strong>Easy Returns</strong></div>
<p>This item can be returned within 7 days.&nbsp;<a href=""https://theluxurydirect.com/pages/return-refund-policy"" rel=""noopener"" target=""_blank"">View our return policy</a><br><br></p>
<div><strong>USA Shipping</strong></div>
<p>All of our items ship from the United States.&nbsp;<a href=""https://theluxurydirect.com/pages/shipping-policy"" rel=""noopener"" target=""_blank"">Learn more</a></p>
<div><br></div>
<div><br></div>
",Movado,Apparel & Accessories > Jewelry > Watches,Watches,"Wristwatches, Watches, Jewelry & Watches, SwiftCommerce_Movado",FALSE,Title,Default Title,,,,,,,,0608054,90,shopify,deny,manual,895.00,,TRUE,TRUE,,,,,,outputs\movado\listing\20260311_193522\images\museum-imperiale-0608054-html\processed\0608054_1.webp,1,Museum Imperiale_1,FALSE,,,,,,,,,,,https://www.movado.com/us/en/shop-watches/museum-imperiale-0608054.html,,,,adults,,,,,,,,,,,,,,,,,,,,,,,,,,,,,,,,,g,,,draft
museum-imperiale,,,,,,,,,,,,,,,,,,,,,,,,,,,,,,,outputs\movado\listing\20260311_193522\images\museum-imperiale-0608054-html\processed\0608054_2.webp,2,Museum Imperiale_2,,,,,,,,,,,,,,,,,,,,,,,,,,,,,,,,,,,,,,,,,,,,,,,,,,,,
museum-imperiale,,,,,,,,,,,,,,,,,,,,,,,,,,,,,,,outputs\movado\listing\20260311_193522\images\museum-imperiale-0608054-html\processed\0608054_3.webp,3,Museum Imperiale_3,,,,,,,,,,,,,,,,,,,,,,,,,,,,,,,,,,,,,,,,,,,,,,,,,,,,
museum-imperiale,,,,,,,,,,,,,,,,,,,,,,,,,,,,,,,outputs\movado\listing\20260311_193522\images\museum-imperiale-0608054-html\processed\0608054_4.webp,4,Museum Imperiale_4,,,,,,,,,,,,,,,,,,,,,,,,,,,,,,,,,,,,,,,,,,,,,,,,,,,,
museum-imperiale,,,,,,,,,,,,,,,,,,,,,,,,,,,,,,,outputs\movado\listing\20260311_193522\images\museum-imperiale-0608054-html\processed\0608054_5.webp,5,Museum Imperiale_5,,,,,,,,,,,,,,,,,,,,,,,,,,,,,,,,,,,,,,,,,,,,,,,,,,,,
museum-imperiale,,,,,,,,,,,,,,,,,,,,,,,,,,,,,,,outputs\movado\listing\20260311_193522\images\museum-imperiale-0608054-html\processed\0608054_6.webp,6,Museum Imperiale_6,,,,,,,,,,,,,,,,,,,,,,,,,,,,,,,,,,,,,,,,,,,,,,,,,,,,
museum-imperiale,,,,,,,,,,,,,,,,,,,,,,,,,,,,,,,outputs\movado\listing\20260311_193522\images\museum-imperiale-0608054-html\processed\0608054_7.webp,7,Museum Imperiale_7,,,,,,,,,,,,,,,,,,,,,,,,,,,,,,,,,,,,,,,,,,,,,,,,,,,,
museum-imperiale,,,,,,,,,,,,,,,,,,,,,,,,,,,,,,,outputs\movado\listing\20260311_193522\images\museum-imperiale-0608054-html\processed\0608054_8.webp,8,Museum Imperiale_8,,,,,,,,,,,,,,,,,,,,,,,,,,,,,,,,,,,,,,,,,,,,,,,,,,,,
museum-imperiale,,,,,,,,,,,,,,,,,,,,,,,,,,,,,,,outputs\movado\listing\20260311_193522\images\museum-imperiale-0608054-html\processed\0608054_9.webp,9,Museum Imperiale_9,,,,,,,,,,,,,,,,,,,,,,,,,,,,,,,,,,,,,,,,,,,,,,,,,,,,
bold-fusion-chronograph,BOLD Fusion Chronograph,"Named for its dynamic mix of materials and finishes, BOLD Fusion features a layered sporty design with a dual-level skeleton dial and ceramic bezel. This 44mm watch features a stainless steel case, multifunction sub-dials, and a sculpted rubber strap, with ice blue accents and Swiss Super-LumiNova® detailing.<br><br><table style=""width:100%; border-collapse:collapse;""><tr><td style=""font-weight:bold; border:1px solid #ddd; padding:8px;"">Brand</td><td style=""border:1px solid #ddd; padding:8px;"">Movado</td></tr></table><br><br>
<div><strong>Easy Returns</strong></div>
<p>This item can be returned within 7 days.&nbsp;<a href=""https://theluxurydirect.com/pages/return-refund-policy"" rel=""noopener"" target=""_blank"">View our return policy</a><br><br></p>
<div><strong>USA Shipping</strong></div>
<p>All of our items ship from the United States.&nbsp;<a href=""https://theluxurydirect.com/pages/shipping-policy"" rel=""noopener"" target=""_blank"">Learn more</a></p>
<div><br></div>
<div><br></div>
",Movado,Apparel & Accessories > Jewelry > Watches,Watches,"Wristwatches, Watches, Jewelry & Watches, SwiftCommerce_Movado",FALSE,Title,Default Title,,,,,,,,3601240,90,shopify,deny,manual,895.00,,TRUE,TRUE,,,,,,outputs\movado\listing\20260311_193522\images\bold-fusion-chronograph-3601240-html\processed\3601240_1.webp,1,BOLD Fusion Chronograph_1,FALSE,,,,,,,,,,,https://www.movado.com/us/en/shop-watches/bold-fusion-chronograph-3601240.html,,,,adults,,,,,,,,,,,,,,,,,,,,,,,,,,,,,,,,,g,,,draft
bold-fusion-chronograph,,,,,,,,,,,,,,,,,,,,,,,,,,,,,,,outputs\movado\listing\20260311_193522\images\bold-fusion-chronograph-3601240-html\processed\3601240_2.webp,2,BOLD Fusion Chronograph_2,,,,,,,,,,,,,,,,,,,,,,,,,,,,,,,,,,,,,,,,,,,,,,,,,,,,
bold-fusion-chronograph,,,,,,,,,,,,,,,,,,,,,,,,,,,,,,,outputs\movado\listing\20260311_193522\images\bold-fusion-chronograph-3601240-html\processed\3601240_3.webp,3,BOLD Fusion Chronograph_3,,,,,,,,,,,,,,,,,,,,,,,,,,,,,,,,,,,,,,,,,,,,,,,,,,,,
bold-fusion-chronograph,,,,,,,,,,,,,,,,,,,,,,,,,,,,,,,outputs\movado\listing\20260311_193522\images\bold-fusion-chronograph-3601240-html\processed\3601240_4.webp,4,BOLD Fusion Chronograph_4,,,,,,,,,,,,,,,,,,,,,,,,,,,,,,,,,,,,,,,,,,,,,,,,,,,,
bold-fusion-chronograph,,,,,,,,,,,,,,,,,,,,,,,,,,,,,,,outputs\movado\listing\20260311_193522\images\bold-fusion-chronograph-3601240-html\processed\3601240_5.webp,5,BOLD Fusion Chronograph_5,,,,,,,,,,,,,,,,,,,,,,,,,,,,,,,,,,,,,,,,,,,,,,,,,,,,
bold-fusion-chronograph,,,,,,,,,,,,,,,,,,,,,,,,,,,,,,,outputs\movado\listing\20260311_193522\images\bold-fusion-chronograph-3601240-html\processed\3601240_6.webp,6,BOLD Fusion Chronograph_6,,,,,,,,,,,,,,,,,,,,,,,,,,,,,,,,,,,,,,,,,,,,,,,,,,,,
bold-fusion-chronograph,,,,,,,,,,,,,,,,,,,,,,,,,,,,,,,outputs\movado\listing\20260311_193522\images\bold-fusion-chronograph-3601240-html\processed\3601240_7.webp,7,BOLD Fusion Chronograph_7,,,,,,,,,,,,,,,,,,,,,,,,,,,,,,,,,,,,,,,,,,,,,,,,,,,,
bold-fusion-chronograph,,,,,,,,,,,,,,,,,,,,,,,,,,,,,,,outputs\movado\listing\20260311_193522\images\bold-fusion-chronograph-3601240-html\processed\3601240_8.webp,8,BOLD Fusion Chronograph_8,,,,,,,,,,,,,,,,,,,,,,,,,,,,,,,,,,,,,,,,,,,,,,,,,,,,
bold-fusion-chronograph,,,,,,,,,,,,,,,,,,,,,,,,,,,,,,,outputs\movado\listing\20260311_193522\images\bold-fusion-chronograph-3601240-html\processed\3601240_9.webp,9,BOLD Fusion Chronograph_9,,,,,,,,,,,,,,,,,,,,,,,,,,,,,,,,,,,,,,,,,,,,,,,,,,,,
bold-fusion-chronograph,,,,,,,,,,,,,,,,,,,,,,,,,,,,,,,outputs\movado\listing\20260311_193522\images\bold-fusion-chronograph-3601240-html\processed\3601240_10.webp,10,BOLD Fusion Chronograph_10,,,,,,,,,,,,,,,,,,,,,,,,,,,,,,,,,,,,,,,,,,,,,,,,,,,,
bold-fusion-chronograph,,,,,,,,,,,,,,,,,,,,,,,,,,,,,,,outputs\movado\listing\20260311_193522\images\bold-fusion-chronograph-3601240-html\processed\3601240_11.webp,11,BOLD Fusion Chronograph_11,,,,,,,,,,,,,,,,,,,,,,,,,,,,,,,,,,,,,,,,,,,,,,,,,,,,
bold-fusion-chronograph,,,,,,,,,,,,,,,,,,,,,,,,,,,,,,,outputs\movado\listing\20260311_193522\images\bold-fusion-chronograph-3601240-html\processed\3601240_12.webp,12,BOLD Fusion Chronograph_12,,,,,,,,,,,,,,,,,,,,,,,,,,,,,,,,,,,,,,,,,,,,,,,,,,,,
bold-fusion-chronograph,,,,,,,,,,,,,,,,,,,,,,,,,,,,,,,outputs\movado\listing\20260311_193522\images\bold-fusion-chronograph-3601240-html\processed\3601240_13.webp,13,BOLD Fusion Chronograph_13,,,,,,,,,,,,,,,,,,,,,,,,,,,,,,,,,,,,,,,,,,,,,,,,,,,,
bold-fusion-chronograph,,,,,,,,,,,,,,,,,,,,,,,,,,,,,,,outputs\movado\listing\20260311_193522\images\bold-fusion-chronograph-3601240-html\processed\3601240_14.webp,14,BOLD Fusion Chronograph_14,,,,,,,,,,,,,,,,,,,,,,,,,,,,,,,,,,,,,,,,,,,,,,,,,,,,
bold-fusion-chronograph,,,,,,,,,,,,,,,,,,,,,,,,,,,,,,,outputs\movado\listing\20260311_193522\images\bold-fusion-chronograph-3601240-html\processed\3601240_15.webp,15,BOLD Fusion Chronograph_15,,,,,,,,,,,,,,,,,,,,,,,,,,,,,,,,,,,,,,,,,,,,,,,,,,,,
heritage-calendoplan-s-chronograph,Heritage Calendoplan S Chronograph,"Heritage Calendoplan S Chronograph, 42mm stainless steel and pale yellow gold ion-plated case and bracelet with a navy blue chronograph dial & unidirectional bezel. We’re updating our logo—during this transition, products may ship with either the existing or new logo.<br><br><table style=""width:100%; border-collapse:collapse;""><tr><td style=""font-weight:bold; border:1px solid #ddd; padding:8px;"">Brand</td><td style=""border:1px solid #ddd; padding:8px;"">Movado</td></tr></table><br><br>
<div><strong>Easy Returns</strong></div>
<p>This item can be returned within 7 days.&nbsp;<a href=""https://theluxurydirect.com/pages/return-refund-policy"" rel=""noopener"" target=""_blank"">View our return policy</a><br><br></p>
<div><strong>USA Shipping</strong></div>
<p>All of our items ship from the United States.&nbsp;<a href=""https://theluxurydirect.com/pages/shipping-policy"" rel=""noopener"" target=""_blank"">Learn more</a></p>
<div><br></div>
<div><br></div>
",Movado,Apparel & Accessories > Jewelry > Watches,Watches,"Wristwatches, Watches, Jewelry & Watches, SwiftCommerce_Movado, Men's Watches",FALSE,Title,Default Title,,,,,,,,3650126,90,shopify,deny,manual,895.00,,TRUE,TRUE,,,,,,outputs\movado\listing\20260311_193522\images\heritage-calendoplan-s-chronograph-3650126-html\processed\3650126_1.webp,1,Heritage Calendoplan S Chronograph_1,FALSE,,,,,Men,,,,,,https://www.movado.com/us/en/shop-watches/heritage-calendoplan-s-chronograph-3650126.html,,,,adults,,,,,,,,,,,,,,,,,,,,,,male,,,,,,,,,,,g,,,draft
heritage-calendoplan-s-chronograph,,,,,,,,,,,,,,,,,,,,,,,,,,,,,,,outputs\movado\listing\20260311_193522\images\heritage-calendoplan-s-chronograph-3650126-html\processed\3650126_2.webp,2,Heritage Calendoplan S Chronograph_2,,,,,,,,,,,,,,,,,,,,,,,,,,,,,,,,,,,,,,,,,,,,,,,,,,,,
heritage-calendoplan-s-chronograph,,,,,,,,,,,,,,,,,,,,,,,,,,,,,,,outputs\movado\listing\20260311_193522\images\heritage-calendoplan-s-chronograph-3650126-html\processed\3650126_3.webp,3,Heritage Calendoplan S Chronograph_3,,,,,,,,,,,,,,,,,,,,,,,,,,,,,,,,,,,,,,,,,,,,,,,,,,,,
heritage-calendoplan-s-chronograph,,,,,,,,,,,,,,,,,,,,,,,,,,,,,,,outputs\movado\listing\20260311_193522\images\heritage-calendoplan-s-chronograph-3650126-html\processed\3650126_4.webp,4,Heritage Calendoplan S Chronograph_4,,,,,,,,,,,,,,,,,,,,,,,,,,,,,,,,,,,,,,,,,,,,,,,,,,,,
heritage-calendoplan-s-chronograph,,,,,,,,,,,,,,,,,,,,,,,,,,,,,,,outputs\movado\listing\20260311_193522\images\heritage-calendoplan-s-chronograph-3650126-html\processed\3650126_5.webp,5,Heritage Calendoplan S Chronograph_5,,,,,,,,,,,,,,,,,,,,,,,,,,,,,,,,,,,,,,,,,,,,,,,,,,,,
heritage-calendoplan-s-chronograph,,,,,,,,,,,,,,,,,,,,,,,,,,,,,,,outputs\movado\listing\20260311_193522\images\heritage-calendoplan-s-chronograph-3650126-html\processed\3650126_6.webp,6,Heritage Calendoplan S Chronograph_6,,,,,,,,,,,,,,,,,,,,,,,,,,,,,,,,,,,,,,,,,,,,,,,,,,,,
heritage-calendoplan-s-chronograph,,,,,,,,,,,,,,,,,,,,,,,,,,,,,,,outputs\movado\listing\20260311_193522\images\heritage-calendoplan-s-chronograph-3650126-html\processed\3650126_7.webp,7,Heritage Calendoplan S Chronograph_7,,,,,,,,,,,,,,,,,,,,,,,,,,,,,,,,,,,,,,,,,,,,,,,,,,,,
heritage-calendoplan-s-chronograph,,,,,,,,,,,,,,,,,,,,,,,,,,,,,,,outputs\movado\listing\20260311_193522\images\heritage-calendoplan-s-chronograph-3650126-html\processed\3650126_8.webp,8,Heritage Calendoplan S Chronograph_8,,,,,,,,,,,,,,,,,,,,,,,,,,,,,,,,,,,,,,,,,,,,,,,,,,,,
heritage-calendoplan-s-chronograph,,,,,,,,,,,,,,,,,,,,,,,,,,,,,,,outputs\movado\listing\20260311_193522\images\heritage-calendoplan-s-chronograph-3650126-html\processed\3650126_9.webp,9,Heritage Calendoplan S Chronograph_9,,,,,,,,,,,,,,,,,,,,,,,,,,,,,,,,,,,,,,,,,,,,,,,,,,,,
heritage-calendoplan-s-chronograph,,,,,,,,,,,,,,,,,,,,,,,,,,,,,,,outputs\movado\listing\20260311_193522\images\heritage-calendoplan-s-chronograph-3650126-html\processed\3650126_10.webp,10,Heritage Calendoplan S Chronograph_10,,,,,,,,,,,,,,,,,,,,,,,,,,,,,,,,,,,,,,,,,,,,,,,,,,,,
heritage-calendoplan-s-chronograph,,,,,,,,,,,,,,,,,,,,,,,,,,,,,,,outputs\movado\listing\20260311_193522\images\heritage-calendoplan-s-chronograph-3650126-html\processed\3650126_11.webp,11,Heritage Calendoplan S Chronograph_11,,,,,,,,,,,,,,,,,,,,,,,,,,,,,,,,,,,,,,,,,,,,,,,,,,,,
heritage-calendoplan-s-chronograph,,,,,,,,,,,,,,,,,,,,,,,,,,,,,,,outputs\movado\listing\20260311_193522\images\heritage-calendoplan-s-chronograph-3650126-html\processed\3650126_12.webp,12,Heritage Calendoplan S Chronograph_12,,,,,,,,,,,,,,,,,,,,,,,,,,,,,,,,,,,,,,,,,,,,,,,,,,,,
heritage-calendoplan-s-chronograph,,,,,,,,,,,,,,,,,,,,,,,,,,,,,,,outputs\movado\listing\20260311_193522\images\heritage-calendoplan-s-chronograph-3650126-html\processed\3650126_13.webp,13,Heritage Calendoplan S Chronograph_13,,,,,,,,,,,,,,,,,,,,,,,,,,,,,,,,,,,,,,,,,,,,,,,,,,,,
heritage-calendoplan-s-chronograph,,,,,,,,,,,,,,,,,,,,,,,,,,,,,,,outputs\movado\listing\20260311_193522\images\heritage-calendoplan-s-chronograph-3650126-html\processed\3650126_14.webp,14,Heritage Calendoplan S Chronograph_14,,,,,,,,,,,,,,,,,,,,,,,,,,,,,,,,,,,,,,,,,,,,,,,,,,,,
heritage-calendoplan-s-chronograph,,,,,,,,,,,,,,,,,,,,,,,,,,,,,,,outputs\movado\listing\20260311_193522\images\heritage-calendoplan-s-chronograph-3650126-html\processed\3650126_15.webp,15,Heritage Calendoplan S Chronograph_15,,,,,,,,,,,,,,,,,,,,,,,,,,,,,,,,,,,,,,,,,,,,,,,,,,,,
heritage-calendoplan-s-chronograph,,,,,,,,,,,,,,,,,,,,,,,,,,,,,,,outputs\movado\listing\20260311_193522\images\heritage-calendoplan-s-chronograph-3650126-html\processed\3650126_16.webp,16,Heritage Calendoplan S Chronograph_16,,,,,,,,,,,,,,,,,,,,,,,,,,,,,,,,,,,,,,,,,,,,,,,,,,,,
bold-quest-mini,BOLD Quest Mini,"Mini in size. Bold in presence. The BOLD Quest Mini is here. This 28mm watch features a champagne dial, yellow gold tone hands, and our signature dot at 12 o'clock.<br><br><table style=""width:100%; border-collapse:collapse;""><tr><td style=""font-weight:bold; border:1px solid #ddd; padding:8px;"">Brand</td><td style=""border:1px solid #ddd; padding:8px;"">Movado</td></tr></table><br><br>
<div><strong>Easy Returns</strong></div>
<p>This item can be returned within 7 days.&nbsp;<a href=""https://theluxurydirect.com/pages/return-refund-policy"" rel=""noopener"" target=""_blank"">View our return policy</a><br><br></p>
<div><strong>USA Shipping</strong></div>
<p>All of our items ship from the United States.&nbsp;<a href=""https://theluxurydirect.com/pages/shipping-policy"" rel=""noopener"" target=""_blank"">Learn more</a></p>
<div><br></div>
<div><br></div>
",Movado,Apparel & Accessories > Jewelry > Watches,Watches,"Wristwatches, Watches, Jewelry & Watches, SwiftCommerce_Movado, Women's Watches",FALSE,Title,Default Title,,,,,,,,3601294,90,shopify,deny,manual,895.00,,TRUE,TRUE,,,,,,outputs\movado\listing\20260311_193522\images\bold-quest-mini-3601294-html\processed\3601294_1.webp,1,BOLD Quest Mini_1,FALSE,,,,,Women,,,,,,https://www.movado.com/us/en/shop-watches/bold-quest-mini-3601294.html,,,,adults,,,,,,,,,,,,,,,,,,,,,,female,,,,,,,,,,,g,,,draft
bold-quest-mini,,,,,,,,,,,,,,,,,,,,,,,,,,,,,,,outputs\movado\listing\20260311_193522\images\bold-quest-mini-3601294-html\processed\3601294_2.webp,2,BOLD Quest Mini_2,,,,,,,,,,,,,,,,,,,,,,,,,,,,,,,,,,,,,,,,,,,,,,,,,,,,
bold-quest-mini,,,,,,,,,,,,,,,,,,,,,,,,,,,,,,,outputs\movado\listing\20260311_193522\images\bold-quest-mini-3601294-html\processed\3601294_3.webp,3,BOLD Quest Mini_3,,,,,,,,,,,,,,,,,,,,,,,,,,,,,,,,,,,,,,,,,,,,,,,,,,,,
bold-quest-mini,,,,,,,,,,,,,,,,,,,,,,,,,,,,,,,outputs\movado\listing\20260311_193522\images\bold-quest-mini-3601294-html\processed\3601294_4.webp,4,BOLD Quest Mini_4,,,,,,,,,,,,,,,,,,,,,,,,,,,,,,,,,,,,,,,,,,,,,,,,,,,,
bold-quest-mini,,,,,,,,,,,,,,,,,,,,,,,,,,,,,,,outputs\movado\listing\20260311_193522\images\bold-quest-mini-3601294-html\processed\3601294_5.webp,5,BOLD Quest Mini_5,,,,,,,,,,,,,,,,,,,,,,,,,,,,,,,,,,,,,,,,,,,,,,,,,,,,
bold-quest-mini,,,,,,,,,,,,,,,,,,,,,,,,,,,,,,,outputs\movado\listing\20260311_193522\images\bold-quest-mini-3601294-html\processed\3601294_6.webp,6,BOLD Quest Mini_6,,,,,,,,,,,,,,,,,,,,,,,,,,,,,,,,,,,,,,,,,,,,,,,,,,,,
bold-quest-mini,,,,,,,,,,,,,,,,,,,,,,,,,,,,,,,outputs\movado\listing\20260311_193522\images\bold-quest-mini-3601294-html\processed\3601294_7.webp,7,BOLD Quest Mini_7,,,,,,,,,,,,,,,,,,,,,,,,,,,,,,,,,,,,,,,,,,,,,,,,,,,,
bold-quest-mini,,,,,,,,,,,,,,,,,,,,,,,,,,,,,,,outputs\movado\listing\20260311_193522\images\bold-quest-mini-3601294-html\processed\3601294_8.webp,8,BOLD Quest Mini_8,,,,,,,,,,,,,,,,,,,,,,,,,,,,,,,,,,,,,,,,,,,,,,,,,,,,
bold-quest-mini,,,,,,,,,,,,,,,,,,,,,,,,,,,,,,,outputs\movado\listing\20260311_193522\images\bold-quest-mini-3601294-html\processed\3601294_9.webp,9,BOLD Quest Mini_9,,,,,,,,,,,,,,,,,,,,,,,,,,,,,,,,,,,,,,,,,,,,,,,,,,,,
bold-quest-mini,,,,,,,,,,,,,,,,,,,,,,,,,,,,,,,outputs\movado\listing\20260311_193522\images\bold-quest-mini-3601294-html\processed\3601294_10.webp,10,BOLD Quest Mini_10,,,,,,,,,,,,,,,,,,,,,,,,,,,,,,,,,,,,,,,,,,,,,,,,,,,,
bold-quest-mini,,,,,,,,,,,,,,,,,,,,,,,,,,,,,,,outputs\movado\listing\20260311_193522\images\bold-quest-mini-3601294-html\processed\3601294_11.webp,11,BOLD Quest Mini_11,,,,,,,,,,,,,,,,,,,,,,,,,,,,,,,,,,,,,,,,,,,,,,,,,,,,
bold-quest-mini,,,,,,,,,,,,,,,,,,,,,,,,,,,,,,,outputs\movado\listing\20260311_193522\images\bold-quest-mini-3601294-html\processed\3601294_12.webp,12,BOLD Quest Mini_12,,,,,,,,,,,,,,,,,,,,,,,,,,,,,,,,,,,,,,,,,,,,,,,,,,,,
bold-quest-mini,,,,,,,,,,,,,,,,,,,,,,,,,,,,,,,outputs\movado\listing\20260311_193522\images\bold-quest-mini-3601294-html\processed\3601294_13.webp,13,BOLD Quest Mini_13,,,,,,,,,,,,,,,,,,,,,,,,,,,,,,,,,,,,,,,,,,,,,,,,,,,,
bold-quest-mini,,,,,,,,,,,,,,,,,,,,,,,,,,,,,,,outputs\movado\listing\20260311_193522\images\bold-quest-mini-3601294-html\processed\3601294_14.webp,14,BOLD Quest Mini_14,,,,,,,,,,,,,,,,,,,,,,,,,,,,,,,,,,,,,,,,,,,,,,,,,,,,
bold-quest-mini,,,,,,,,,,,,,,,,,,,,,,,,,,,,,,,outputs\movado\listing\20260311_193522\images\bold-quest-mini-3601294-html\processed\3601294_15.webp,15,BOLD Quest Mini_15,,,,,,,,,,,,,,,,,,,,,,,,,,,,,,,,,,,,,,,,,,,,,,,,,,,,
bold-quest-mini,,,,,,,,,,,,,,,,,,,,,,,,,,,,,,,outputs\movado\listing\20260311_193522\images\bold-quest-mini-3601294-html\processed\3601294_16.webp,16,BOLD Quest Mini_16,,,,,,,,,,,,,,,,,,,,,,,,,,,,,,,,,,,,,,,,,,,,,,,,,,,,
heritage-1917,Heritage 1917,"A century in the making, The Heritage 1917 revives Movado’s Art Deco era square watch with clean geometry and stylized Arabic numerals. This petite 25mm x 34.10mm stainless steel watch features a green sunburst ombré dial, a cognac leather strap, a yellow gold plated bezel, and our flower motif stamped on the crown—an archival detail pulled from an early Movado design.<br><br><table style=""width:100%; border-collapse:collapse;""><tr><td style=""font-weight:bold; border:1px solid #ddd; padding:8px;"">Brand</td><td style=""border:1px solid #ddd; padding:8px;"">Movado</td></tr></table><br><br>
<div><strong>Easy Returns</strong></div>
<p>This item can be returned within 7 days.&nbsp;<a href=""https://theluxurydirect.com/pages/return-refund-policy"" rel=""noopener"" target=""_blank"">View our return policy</a><br><br></p>
<div><strong>USA Shipping</strong></div>
<p>All of our items ship from the United States.&nbsp;<a href=""https://theluxurydirect.com/pages/shipping-policy"" rel=""noopener"" target=""_blank"">Learn more</a></p>
<div><br></div>
<div><br></div>
",Movado,Apparel & Accessories > Jewelry > Watches,Watches,"Wristwatches, Watches, Jewelry & Watches, SwiftCommerce_Movado, Women's Watches",FALSE,Title,Default Title,,,,,,,,3650246,90,shopify,deny,manual,895.00,,TRUE,TRUE,,,,,,outputs\movado\listing\20260311_193522\images\heritage-1917-3650246-html\processed\3650246_1.webp,1,Heritage 1917_1,FALSE,,,,,Women,,,,,,https://www.movado.com/us/en/shop-watches/heritage-1917-3650246.html,,,,adults,,,,,,,,,,,,,,,,,,,,,,female,,,,,,,,,,,g,,,draft
heritage-1917,,,,,,,,,,,,,,,,,,,,,,,,,,,,,,,outputs\movado\listing\20260311_193522\images\heritage-1917-3650246-html\processed\3650246_2.webp,2,Heritage 1917_2,,,,,,,,,,,,,,,,,,,,,,,,,,,,,,,,,,,,,,,,,,,,,,,,,,,,
heritage-1917,,,,,,,,,,,,,,,,,,,,,,,,,,,,,,,outputs\movado\listing\20260311_193522\images\heritage-1917-3650246-html\processed\3650246_3.webp,3,Heritage 1917_3,,,,,,,,,,,,,,,,,,,,,,,,,,,,,,,,,,,,,,,,,,,,,,,,,,,,
heritage-1917,,,,,,,,,,,,,,,,,,,,,,,,,,,,,,,outputs\movado\listing\20260311_193522\images\heritage-1917-3650246-html\processed\3650246_4.webp,4,Heritage 1917_4,,,,,,,,,,,,,,,,,,,,,,,,,,,,,,,,,,,,,,,,,,,,,,,,,,,,
heritage-1917,,,,,,,,,,,,,,,,,,,,,,,,,,,,,,,outputs\movado\listing\20260311_193522\images\heritage-1917-3650246-html\processed\3650246_5.webp,5,Heritage 1917_5,,,,,,,,,,,,,,,,,,,,,,,,,,,,,,,,,,,,,,,,,,,,,,,,,,,,
heritage-1917,,,,,,,,,,,,,,,,,,,,,,,,,,,,,,,outputs\movado\listing\20260311_193522\images\heritage-1917-3650246-html\processed\3650246_6.webp,6,Heritage 1917_6,,,,,,,,,,,,,,,,,,,,,,,,,,,,,,,,,,,,,,,,,,,,,,,,,,,,
heritage-1917,,,,,,,,,,,,,,,,,,,,,,,,,,,,,,,outputs\movado\listing\20260311_193522\images\heritage-1917-3650246-html\processed\3650246_7.webp,7,Heritage 1917_7,,,,,,,,,,,,,,,,,,,,,,,,,,,,,,,,,,,,,,,,,,,,,,,,,,,,
heritage-1917,,,,,,,,,,,,,,,,,,,,,,,,,,,,,,,outputs\movado\listing\20260311_193522\images\heritage-1917-3650246-html\processed\3650246_8.webp,8,Heritage 1917_8,,,,,,,,,,,,,,,,,,,,,,,,,,,,,,,,,,,,,,,,,,,,,,,,,,,,
heritage-1917,,,,,,,,,,,,,,,,,,,,,,,,,,,,,,,outputs\movado\listing\20260311_193522\images\heritage-1917-3650246-html\processed\3650246_9.webp,9,Heritage 1917_9,,,,,,,,,,,,,,,,,,,,,,,,,,,,,,,,,,,,,,,,,,,,,,,,,,,,
heritage-1917,,,,,,,,,,,,,,,,,,,,,,,,,,,,,,,outputs\movado\listing\20260311_193522\images\heritage-1917-3650246-html\processed\3650246_10.webp,10,Heritage 1917_10,,,,,,,,,,,,,,,,,,,,,,,,,,,,,,,,,,,,,,,,,,,,,,,,,,,,
heritage-1917,,,,,,,,,,,,,,,,,,,,,,,,,,,,,,,outputs\movado\listing\20260311_193522\images\heritage-1917-3650246-html\processed\3650246_11.webp,11,Heritage 1917_11,,,,,,,,,,,,,,,,,,,,,,,,,,,,,,,,,,,,,,,,,,,,,,,,,,,,
heritage-1917,,,,,,,,,,,,,,,,,,,,,,,,,,,,,,,outputs\movado\listing\20260311_193522\images\heritage-1917-3650246-html\processed\3650246_12.webp,12,Heritage 1917_12,,,,,,,,,,,,,,,,,,,,,,,,,,,,,,,,,,,,,,,,,,,,,,,,,,,,
heritage-1917,,,,,,,,,,,,,,,,,,,,,,,,,,,,,,,outputs\movado\listing\20260311_193522\images\heritage-1917-3650246-html\processed\3650246_13.webp,13,Heritage 1917_13,,,,,,,,,,,,,,,,,,,,,,,,,,,,,,,,,,,,,,,,,,,,,,,,,,,,
heritage-1917,,,,,,,,,,,,,,,,,,,,,,,,,,,,,,,outputs\movado\listing\20260311_193522\images\heritage-1917-3650246-html\processed\3650246_14.webp,14,Heritage 1917_14,,,,,,,,,,,,,,,,,,,,,,,,,,,,,,,,,,,,,,,,,,,,,,,,,,,,
heritage-1917,,,,,,,,,,,,,,,,,,,,,,,,,,,,,,,outputs\movado\listing\20260311_193522\images\heritage-1917-3650246-html\processed\3650246_15.webp,15,Heritage 1917_15,,,,,,,,,,,,,,,,,,,,,,,,,,,,,,,,,,,,,,,,,,,,,,,,,,,,
face,Face,"The Face Collection explores modern minimalism through the art of color. This 39mm two-hand watch features a white dial, slim yellow gold tone hands, and our oversized recessed dot at 12 o'clock. Also available in a 41mm case size.<br><br><table style=""width:100%; border-collapse:collapse;""><tr><td style=""font-weight:bold; border:1px solid #ddd; padding:8px;"">Brand</td><td style=""border:1px solid #ddd; padding:8px;"">Movado</td></tr></table><br><br>
<div><strong>Easy Returns</strong></div>
<p>This item can be returned within 7 days.&nbsp;<a href=""https://theluxurydirect.com/pages/return-refund-policy"" rel=""noopener"" target=""_blank"">View our return policy</a><br><br></p>
<div><strong>USA Shipping</strong></div>
<p>All of our items ship from the United States.&nbsp;<a href=""https://theluxurydirect.com/pages/shipping-policy"" rel=""noopener"" target=""_blank"">Learn more</a></p>
<div><br></div>
<div><br></div>
",Movado,Apparel & Accessories > Jewelry > Watches,Watches,"Wristwatches, Watches, Jewelry & Watches, SwiftCommerce_Movado",FALSE,Title,Default Title,,,,,,,,3640155,90,shopify,deny,manual,895.00,,TRUE,TRUE,,,,,,outputs\movado\listing\20260311_193522\images\face-3640155-html\processed\3640155_1.webp,1,Face_1,FALSE,,,,,Unisex,,,,,,https://www.movado.com/us/en/shop-watches/face-3640155.html,,,,adults,,,,,,,,,,,,,,,,,,,,,,unisex,,,,,,,,,,,g,,,draft
face,,,,,,,,,,,,,,,,,,,,,,,,,,,,,,,outputs\movado\listing\20260311_193522\images\face-3640155-html\processed\3640155_2.webp,2,Face_2,,,,,,,,,,,,,,,,,,,,,,,,,,,,,,,,,,,,,,,,,,,,,,,,,,,,
face,,,,,,,,,,,,,,,,,,,,,,,,,,,,,,,outputs\movado\listing\20260311_193522\images\face-3640155-html\processed\3640155_3.webp,3,Face_3,,,,,,,,,,,,,,,,,,,,,,,,,,,,,,,,,,,,,,,,,,,,,,,,,,,,
face,,,,,,,,,,,,,,,,,,,,,,,,,,,,,,,outputs\movado\listing\20260311_193522\images\face-3640155-html\processed\3640155_4.webp,4,Face_4,,,,,,,,,,,,,,,,,,,,,,,,,,,,,,,,,,,,,,,,,,,,,,,,,,,,
face,,,,,,,,,,,,,,,,,,,,,,,,,,,,,,,outputs\movado\listing\20260311_193522\images\face-3640155-html\processed\3640155_5.webp,5,Face_5,,,,,,,,,,,,,,,,,,,,,,,,,,,,,,,,,,,,,,,,,,,,,,,,,,,,
face,,,,,,,,,,,,,,,,,,,,,,,,,,,,,,,outputs\movado\listing\20260311_193522\images\face-3640155-html\processed\3640155_6.webp,6,Face_6,,,,,,,,,,,,,,,,,,,,,,,,,,,,,,,,,,,,,,,,,,,,,,,,,,,,
face,,,,,,,,,,,,,,,,,,,,,,,,,,,,,,,outputs\movado\listing\20260311_193522\images\face-3640155-html\processed\3640155_7.webp,7,Face_7,,,,,,,,,,,,,,,,,,,,,,,,,,,,,,,,,,,,,,,,,,,,,,,,,,,,
face,,,,,,,,,,,,,,,,,,,,,,,,,,,,,,,outputs\movado\listing\20260311_193522\images\face-3640155-html\processed\3640155_8.webp,8,Face_8,,,,,,,,,,,,,,,,,,,,,,,,,,,,,,,,,,,,,,,,,,,,,,,,,,,,
face,,,,,,,,,,,,,,,,,,,,,,,,,,,,,,,outputs\movado\listing\20260311_193522\images\face-3640155-html\processed\3640155_9.webp,9,Face_9,,,,,,,,,,,,,,,,,,,,,,,,,,,,,,,,,,,,,,,,,,,,,,,,,,,,
face,,,,,,,,,,,,,,,,,,,,,,,,,,,,,,,outputs\movado\listing\20260311_193522\images\face-3640155-html\processed\3640155_10.webp,10,Face_10,,,,,,,,,,,,,,,,,,,,,,,,,,,,,,,,,,,,,,,,,,,,,,,,,,,,
face,,,,,,,,,,,,,,,,,,,,,,,,,,,,,,,outputs\movado\listing\20260311_193522\images\face-3640155-html\processed\3640155_11.webp,11,Face_11,,,,,,,,,,,,,,,,,,,,,,,,,,,,,,,,,,,,,,,,,,,,,,,,,,,,
face,,,,,,,,,,,,,,,,,,,,,,,,,,,,,,,outputs\movado\listing\20260311_193522\images\face-3640155-html\processed\3640155_12.webp,12,Face_12,,,,,,,,,,,,,,,,,,,,,,,,,,,,,,,,,,,,,,,,,,,,,,,,,,,,
face,,,,,,,,,,,,,,,,,,,,,,,,,,,,,,,outputs\movado\listing\20260311_193522\images\face-3640155-html\processed\3640155_13.webp,13,Face_13,,,,,,,,,,,,,,,,,,,,,,,,,,,,,,,,,,,,,,,,,,,,,,,,,,,,
face,,,,,,,,,,,,,,,,,,,,,,,,,,,,,,,outputs\movado\listing\20260311_193522\images\face-3640155-html\processed\3640155_14.webp,14,Face_14,,,,,,,,,,,,,,,,,,,,,,,,,,,,,,,,,,,,,,,,,,,,,,,,,,,,
face,,,,,,,,,,,,,,,,,,,,,,,,,,,,,,,outputs\movado\listing\20260311_193522\images\face-3640155-html\processed\3640155_15.webp,15,Face_15,,,,,,,,,,,,,,,,,,,,,,,,,,,,,,,,,,,,,,,,,,,,,,,,,,,,
series-800-chronograph,Series 800 Chronograph,"The Series 800 Chronograph is a modern take on a timeless sport-inspired silhouette. This 42mm chronograph watch features a deep red sunray dial, aluminum bezel, and Swiss Super-LumiNova® accents. We’re updating our logo—during this transition, products may ship with either the existing or new logo.<br><br><table style=""width:100%; border-collapse:collapse;""><tr><td style=""font-weight:bold; border:1px solid #ddd; padding:8px;"">Brand</td><td style=""border:1px solid #ddd; padding:8px;"">Movado</td></tr></table><br><br>
<div><strong>Easy Returns</strong></div>
<p>This item can be returned within 7 days.&nbsp;<a href=""https://theluxurydirect.com/pages/return-refund-policy"" rel=""noopener"" target=""_blank"">View our return policy</a><br><br></p>
<div><strong>USA Shipping</strong></div>
<p>All of our items ship from the United States.&nbsp;<a href=""https://theluxurydirect.com/pages/shipping-policy"" rel=""noopener"" target=""_blank"">Learn more</a></p>
<div><br></div>
<div><br></div>
",Movado,Apparel & Accessories > Jewelry > Watches,Watches,"Wristwatches, Watches, Jewelry & Watches, SwiftCommerce_Movado, Men's Watches",FALSE,Title,Default Title,,,,,,,,2600194,90,shopify,deny,manual,895.00,,TRUE,TRUE,,,,,,outputs\movado\listing\20260311_193522\images\series-800-chronograph-2600194-html\processed\2600194_1.webp,1,Series 800 Chronograph_1,FALSE,,,,,Men,,,,,,https://www.movado.com/us/en/shop-watches/series-800-chronograph-2600194.html,,,,adults,,,,,,,,,,,,,,,,,,,,,,male,,,,,,,,,,,g,,,draft
series-800-chronograph,,,,,,,,,,,,,,,,,,,,,,,,,,,,,,,outputs\movado\listing\20260311_193522\images\series-800-chronograph-2600194-html\processed\2600194_2.webp,2,Series 800 Chronograph_2,,,,,,,,,,,,,,,,,,,,,,,,,,,,,,,,,,,,,,,,,,,,,,,,,,,,
series-800-chronograph,,,,,,,,,,,,,,,,,,,,,,,,,,,,,,,outputs\movado\listing\20260311_193522\images\series-800-chronograph-2600194-html\processed\2600194_3.webp,3,Series 800 Chronograph_3,,,,,,,,,,,,,,,,,,,,,,,,,,,,,,,,,,,,,,,,,,,,,,,,,,,,
series-800-chronograph,,,,,,,,,,,,,,,,,,,,,,,,,,,,,,,outputs\movado\listing\20260311_193522\images\series-800-chronograph-2600194-html\processed\2600194_4.webp,4,Series 800 Chronograph_4,,,,,,,,,,,,,,,,,,,,,,,,,,,,,,,,,,,,,,,,,,,,,,,,,,,,
series-800-chronograph,,,,,,,,,,,,,,,,,,,,,,,,,,,,,,,outputs\movado\listing\20260311_193522\images\series-800-chronograph-2600194-html\processed\2600194_5.webp,5,Series 800 Chronograph_5,,,,,,,,,,,,,,,,,,,,,,,,,,,,,,,,,,,,,,,,,,,,,,,,,,,,
series-800-chronograph,,,,,,,,,,,,,,,,,,,,,,,,,,,,,,,outputs\movado\listing\20260311_193522\images\series-800-chronograph-2600194-html\processed\2600194_6.webp,6,Series 800 Chronograph_6,,,,,,,,,,,,,,,,,,,,,,,,,,,,,,,,,,,,,,,,,,,,,,,,,,,,
series-800-chronograph,,,,,,,,,,,,,,,,,,,,,,,,,,,,,,,outputs\movado\listing\20260311_193522\images\series-800-chronograph-2600194-html\processed\2600194_7.webp,7,Series 800 Chronograph_7,,,,,,,,,,,,,,,,,,,,,,,,,,,,,,,,,,,,,,,,,,,,,,,,,,,,
series-800-chronograph,,,,,,,,,,,,,,,,,,,,,,,,,,,,,,,outputs\movado\listing\20260311_193522\images\series-800-chronograph-2600194-html\processed\2600194_8.webp,8,Series 800 Chronograph_8,,,,,,,,,,,,,,,,,,,,,,,,,,,,,,,,,,,,,,,,,,,,,,,,,,,,
series-800-chronograph,,,,,,,,,,,,,,,,,,,,,,,,,,,,,,,outputs\movado\listing\20260311_193522\images\series-800-chronograph-2600194-html\processed\2600194_9.webp,9,Series 800 Chronograph_9,,,,,,,,,,,,,,,,,,,,,,,,,,,,,,,,,,,,,,,,,,,,,,,,,,,,
series-800-chronograph,,,,,,,,,,,,,,,,,,,,,,,,,,,,,,,outputs\movado\listing\20260311_193522\images\series-800-chronograph-2600194-html\processed\2600194_10.webp,10,Series 800 Chronograph_10,,,,,,,,,,,,,,,,,,,,,,,,,,,,,,,,,,,,,,,,,,,,,,,,,,,,
series-800-chronograph,,,,,,,,,,,,,,,,,,,,,,,,,,,,,,,outputs\movado\listing\20260311_193522\images\series-800-chronograph-2600194-html\processed\2600194_11.webp,11,Series 800 Chronograph_11,,,,,,,,,,,,,,,,,,,,,,,,,,,,,,,,,,,,,,,,,,,,,,,,,,,,
heritage-calendoplan-chronograph,Heritage Calendoplan Chronograph,"First introduced in 1950, the Movado Calendoplan captures the soul of mid-century design with contemporary details. This timeless chronograph timepiece is inspired by our archives and features a 43mm luxe yellow gold ion-plated stainless steel case framing a deep blue dial outfitted with three white subdials, Swiss Super-LumiNova® accents and a date window.<br><br><table style=""width:100%; border-collapse:collapse;""><tr><td style=""font-weight:bold; border:1px solid #ddd; padding:8px;"">Brand</td><td style=""border:1px solid #ddd; padding:8px;"">Movado</td></tr></table><br><br>
<div><strong>Easy Returns</strong></div>
<p>This item can be returned within 7 days.&nbsp;<a href=""https://theluxurydirect.com/pages/return-refund-policy"" rel=""noopener"" target=""_blank"">View our return policy</a><br><br></p>
<div><strong>USA Shipping</strong></div>
<p>All of our items ship from the United States.&nbsp;<a href=""https://theluxurydirect.com/pages/shipping-policy"" rel=""noopener"" target=""_blank"">Learn more</a></p>
<div><br></div>
<div><br></div>
",Movado,Apparel & Accessories > Jewelry > Watches,Watches,"Wristwatches, Watches, Jewelry & Watches, SwiftCommerce_Movado, Men's Watches",FALSE,Title,Default Title,,,,,,,,3650148,90,shopify,deny,manual,895.00,,TRUE,TRUE,,,,,,outputs\movado\listing\20260311_193522\images\heritage-calendoplan-chronograph-3650148-html\processed\3650148_1.webp,1,Heritage Calendoplan Chronograph_1,FALSE,,,,,Men,,,,,,https://www.movado.com/us/en/shop-watches/heritage-calendoplan-chronograph-3650148.html,,,,adults,,,,,,,,,,,,,,,,,,,,,,male,,,,,,,,,,,g,,,draft
heritage-calendoplan-chronograph,,,,,,,,,,,,,,,,,,,,,,,,,,,,,,,outputs\movado\listing\20260311_193522\images\heritage-calendoplan-chronograph-3650148-html\processed\3650148_2.webp,2,Heritage Calendoplan Chronograph_2,,,,,,,,,,,,,,,,,,,,,,,,,,,,,,,,,,,,,,,,,,,,,,,,,,,,
heritage-calendoplan-chronograph,,,,,,,,,,,,,,,,,,,,,,,,,,,,,,,outputs\movado\listing\20260311_193522\images\heritage-calendoplan-chronograph-3650148-html\processed\3650148_3.webp,3,Heritage Calendoplan Chronograph_3,,,,,,,,,,,,,,,,,,,,,,,,,,,,,,,,,,,,,,,,,,,,,,,,,,,,
heritage-calendoplan-chronograph,,,,,,,,,,,,,,,,,,,,,,,,,,,,,,,outputs\movado\listing\20260311_193522\images\heritage-calendoplan-chronograph-3650148-html\processed\3650148_4.webp,4,Heritage Calendoplan Chronograph_4,,,,,,,,,,,,,,,,,,,,,,,,,,,,,,,,,,,,,,,,,,,,,,,,,,,,
heritage-calendoplan-chronograph,,,,,,,,,,,,,,,,,,,,,,,,,,,,,,,outputs\movado\listing\20260311_193522\images\heritage-calendoplan-chronograph-3650148-html\processed\3650148_5.webp,5,Heritage Calendoplan Chronograph_5,,,,,,,,,,,,,,,,,,,,,,,,,,,,,,,,,,,,,,,,,,,,,,,,,,,,
heritage-calendoplan-chronograph,,,,,,,,,,,,,,,,,,,,,,,,,,,,,,,outputs\movado\listing\20260311_193522\images\heritage-calendoplan-chronograph-3650148-html\processed\3650148_6.webp,6,Heritage Calendoplan Chronograph_6,,,,,,,,,,,,,,,,,,,,,,,,,,,,,,,,,,,,,,,,,,,,,,,,,,,,
heritage-calendoplan-chronograph,,,,,,,,,,,,,,,,,,,,,,,,,,,,,,,outputs\movado\listing\20260311_193522\images\heritage-calendoplan-chronograph-3650148-html\processed\3650148_7.webp,7,Heritage Calendoplan Chronograph_7,,,,,,,,,,,,,,,,,,,,,,,,,,,,,,,,,,,,,,,,,,,,,,,,,,,,
heritage-calendoplan-chronograph,,,,,,,,,,,,,,,,,,,,,,,,,,,,,,,outputs\movado\listing\20260311_193522\images\heritage-calendoplan-chronograph-3650148-html\processed\3650148_8.webp,8,Heritage Calendoplan Chronograph_8,,,,,,,,,,,,,,,,,,,,,,,,,,,,,,,,,,,,,,,,,,,,,,,,,,,,
heritage-calendoplan-chronograph,,,,,,,,,,,,,,,,,,,,,,,,,,,,,,,outputs\movado\listing\20260311_193522\images\heritage-calendoplan-chronograph-3650148-html\processed\3650148_9.webp,9,Heritage Calendoplan Chronograph_9,,,,,,,,,,,,,,,,,,,,,,,,,,,,,,,,,,,,,,,,,,,,,,,,,,,,
heritage-calendoplan-chronograph,,,,,,,,,,,,,,,,,,,,,,,,,,,,,,,outputs\movado\listing\20260311_193522\images\heritage-calendoplan-chronograph-3650148-html\processed\3650148_10.webp,10,Heritage Calendoplan Chronograph_10,,,,,,,,,,,,,,,,,,,,,,,,,,,,,,,,,,,,,,,,,,,,,,,,,,,,
heritage-calendoplan-chronograph,,,,,,,,,,,,,,,,,,,,,,,,,,,,,,,outputs\movado\listing\20260311_193522\images\heritage-calendoplan-chronograph-3650148-html\processed\3650148_11.webp,11,Heritage Calendoplan Chronograph_11,,,,,,,,,,,,,,,,,,,,,,,,,,,,,,,,,,,,,,,,,,,,,,,,,,,,
heritage-calendoplan-chronograph,,,,,,,,,,,,,,,,,,,,,,,,,,,,,,,outputs\movado\listing\20260311_193522\images\heritage-calendoplan-chronograph-3650148-html\processed\3650148_12.webp,12,Heritage Calendoplan Chronograph_12,,,,,,,,,,,,,,,,,,,,,,,,,,,,,,,,,,,,,,,,,,,,,,,,,,,,
heritage-calendoplan-chronograph,,,,,,,,,,,,,,,,,,,,,,,,,,,,,,,outputs\movado\listing\20260311_193522\images\heritage-calendoplan-chronograph-3650148-html\processed\3650148_13.webp,13,Heritage Calendoplan Chronograph_13,,,,,,,,,,,,,,,,,,,,,,,,,,,,,,,,,,,,,,,,,,,,,,,,,,,,
heritage-calendoplan-chronograph,,,,,,,,,,,,,,,,,,,,,,,,,,,,,,,outputs\movado\listing\20260311_193522\images\heritage-calendoplan-chronograph-3650148-html\processed\3650148_14.webp,14,Heritage Calendoplan Chronograph_14,,,,,,,,,,,,,,,,,,,,,,,,,,,,,,,,,,,,,,,,,,,,,,,,,,,,
heritage-calendoplan-chronograph,,,,,,,,,,,,,,,,,,,,,,,,,,,,,,,outputs\movado\listing\20260311_193522\images\heritage-calendoplan-chronograph-3650148-html\processed\3650148_15.webp,15,Heritage Calendoplan Chronograph_15,,,,,,,,,,,,,,,,,,,,,,,,,,,,,,,,,,,,,,,,,,,,,,,,,,,,
bold-verso-chronograph,BOLD Verso Chronograph,"The sporty, eternally stylish chronograph gets a fresh feel with a strong, contemporary design that combines modern minimalism and a bold edge. The classic bracelet and statement-making 44mm case are cast in shimmering stainless steel for a flawlessly refined finish.<br><br><table style=""width:100%; border-collapse:collapse;""><tr><td style=""font-weight:bold; border:1px solid #ddd; padding:8px;"">Brand</td><td style=""border:1px solid #ddd; padding:8px;"">Movado</td></tr></table><br><br>
<div><strong>Easy Returns</strong></div>
<p>This item can be returned within 7 days.&nbsp;<a href=""https://theluxurydirect.com/pages/return-refund-policy"" rel=""noopener"" target=""_blank"">View our return policy</a><br><br></p>
<div><strong>USA Shipping</strong></div>
<p>All of our items ship from the United States.&nbsp;<a href=""https://theluxurydirect.com/pages/shipping-policy"" rel=""noopener"" target=""_blank"">Learn more</a></p>
<div><br></div>
<div><br></div>
",Movado,Apparel & Accessories > Jewelry > Watches,Watches,"Wristwatches, Watches, Jewelry & Watches, SwiftCommerce_Movado",FALSE,Title,Default Title,,,,,,,,3600907,90,shopify,deny,manual,895.00,,TRUE,TRUE,,,,,,outputs\movado\listing\20260311_193522\images\bold-verso-chronograph-3600907-html\processed\3600907_1.webp,1,BOLD Verso Chronograph_1,FALSE,,,,,Unisex,,,,,,https://www.movado.com/us/en/shop-watches/bold-verso-chronograph-3600907.html,,,,adults,,,,,,,,,,,,,,,,,,,,,,unisex,,,,,,,,,,,g,,,draft
bold-verso-chronograph,,,,,,,,,,,,,,,,,,,,,,,,,,,,,,,outputs\movado\listing\20260311_193522\images\bold-verso-chronograph-3600907-html\processed\3600907_2.webp,2,BOLD Verso Chronograph_2,,,,,,,,,,,,,,,,,,,,,,,,,,,,,,,,,,,,,,,,,,,,,,,,,,,,
bold-verso-chronograph,,,,,,,,,,,,,,,,,,,,,,,,,,,,,,,outputs\movado\listing\20260311_193522\images\bold-verso-chronograph-3600907-html\processed\3600907_3.webp,3,BOLD Verso Chronograph_3,,,,,,,,,,,,,,,,,,,,,,,,,,,,,,,,,,,,,,,,,,,,,,,,,,,,
bold-verso-chronograph,,,,,,,,,,,,,,,,,,,,,,,,,,,,,,,outputs\movado\listing\20260311_193522\images\bold-verso-chronograph-3600907-html\processed\3600907_4.webp,4,BOLD Verso Chronograph_4,,,,,,,,,,,,,,,,,,,,,,,,,,,,,,,,,,,,,,,,,,,,,,,,,,,,
bold-verso-chronograph,,,,,,,,,,,,,,,,,,,,,,,,,,,,,,,outputs\movado\listing\20260311_193522\images\bold-verso-chronograph-3600907-html\processed\3600907_5.webp,5,BOLD Verso Chronograph_5,,,,,,,,,,,,,,,,,,,,,,,,,,,,,,,,,,,,,,,,,,,,,,,,,,,,
bold-verso-chronograph,,,,,,,,,,,,,,,,,,,,,,,,,,,,,,,outputs\movado\listing\20260311_193522\images\bold-verso-chronograph-3600907-html\processed\3600907_6.webp,6,BOLD Verso Chronograph_6,,,,,,,,,,,,,,,,,,,,,,,,,,,,,,,,,,,,,,,,,,,,,,,,,,,,
bold-verso-chronograph,,,,,,,,,,,,,,,,,,,,,,,,,,,,,,,outputs\movado\listing\20260311_193522\images\bold-verso-chronograph-3600907-html\processed\3600907_7.webp,7,BOLD Verso Chronograph_7,,,,,,,,,,,,,,,,,,,,,,,,,,,,,,,,,,,,,,,,,,,,,,,,,,,,
bold-verso-chronograph,,,,,,,,,,,,,,,,,,,,,,,,,,,,,,,outputs\movado\listing\20260311_193522\images\bold-verso-chronograph-3600907-html\processed\3600907_8.webp,8,BOLD Verso Chronograph_8,,,,,,,,,,,,,,,,,,,,,,,,,,,,,,,,,,,,,,,,,,,,,,,,,,,,
bold-verso-chronograph,,,,,,,,,,,,,,,,,,,,,,,,,,,,,,,outputs\movado\listing\20260311_193522\images\bold-verso-chronograph-3600907-html\processed\3600907_9.webp,9,BOLD Verso Chronograph_9,,,,,,,,,,,,,,,,,,,,,,,,,,,,,,,,,,,,,,,,,,,,,,,,,,,,
bold-verso-chronograph,,,,,,,,,,,,,,,,,,,,,,,,,,,,,,,outputs\movado\listing\20260311_193522\images\bold-verso-chronograph-3600907-html\processed\3600907_10.webp,10,BOLD Verso Chronograph_10,,,,,,,,,,,,,,,,,,,,,,,,,,,,,,,,,,,,,,,,,,,,,,,,,,,,
bold-verso-chronograph,,,,,,,,,,,,,,,,,,,,,,,,,,,,,,,outputs\movado\listing\20260311_193522\images\bold-verso-chronograph-3600907-html\processed\3600907_11.webp,11,BOLD Verso Chronograph_11,,,,,,,,,,,,,,,,,,,,,,,,,,,,,,,,,,,,,,,,,,,,,,,,,,,,
bold-verso-chronograph,,,,,,,,,,,,,,,,,,,,,,,,,,,,,,,outputs\movado\listing\20260311_193522\images\bold-verso-chronograph-3600907-html\processed\3600907_12.webp,12,BOLD Verso Chronograph_12,,,,,,,,,,,,,,,,,,,,,,,,,,,,,,,,,,,,,,,,,,,,,,,,,,,,
bold-verso-chronograph,,,,,,,,,,,,,,,,,,,,,,,,,,,,,,,outputs\movado\listing\20260311_193522\images\bold-verso-chronograph-3600907-html\processed\3600907_13.webp,13,BOLD Verso Chronograph_13,,,,,,,,,,,,,,,,,,,,,,,,,,,,,,,,,,,,,,,,,,,,,,,,,,,,
bold-verso-chronograph,,,,,,,,,,,,,,,,,,,,,,,,,,,,,,,outputs\movado\listing\20260311_193522\images\bold-verso-chronograph-3600907-html\processed\3600907_14.webp,14,BOLD Verso Chronograph_14,,,,,,,,,,,,,,,,,,,,,,,,,,,,,,,,,,,,,,,,,,,,,,,,,,,,
bold-verso-chronograph,,,,,,,,,,,,,,,,,,,,,,,,,,,,,,,outputs\movado\listing\20260311_193522\images\bold-verso-chronograph-3600907-html\processed\3600907_15.webp,15,BOLD Verso Chronograph_15,,,,,,,,,,,,,,,,,,,,,,,,,,,,,,,,,,,,,,,,,,,,,,,,,,,,
bold-verso-chronograph,,,,,,,,,,,,,,,,,,,,,,,,,,,,,,,outputs\movado\listing\20260311_193522\images\bold-verso-chronograph-3600907-html\processed\3600907_16.webp,16,BOLD Verso Chronograph_16,,,,,,,,,,,,,,,,,,,,,,,,,,,,,,,,,,,,,,,,,,,,,,,,,,,,
face,Face,"Exclusive<br><br><table style=""width:100%; border-collapse:collapse;""><tr><td style=""font-weight:bold; border:1px solid #ddd; padding:8px;"">Brand</td><td style=""border:1px solid #ddd; padding:8px;"">Movado</td></tr></table><br><br>
<div><strong>Easy Returns</strong></div>
<p>This item can be returned within 7 days.&nbsp;<a href=""https://theluxurydirect.com/pages/return-refund-policy"" rel=""noopener"" target=""_blank"">View our return policy</a><br><br></p>
<div><strong>USA Shipping</strong></div>
<p>All of our items ship from the United States.&nbsp;<a href=""https://theluxurydirect.com/pages/shipping-policy"" rel=""noopener"" target=""_blank"">Learn more</a></p>
<div><br></div>
<div><br></div>
",Movado,Apparel & Accessories > Jewelry > Watches,Watches,"Wristwatches, Watches, Jewelry & Watches, SwiftCommerce_Movado",FALSE,Title,Default Title,,,,,,,,3640140,90,shopify,deny,manual,895.00,,TRUE,TRUE,,,,,,outputs\movado\listing\20260311_193522\images\face-3640140-html\processed\3640140_1.webp,1,Face_1,FALSE,,,,,Unisex,,,,,,https://www.movado.com/us/en/shop-watches/face-3640140.html,,,,adults,,,,,,,,,,,,,,,,,,,,,,unisex,,,,,,,,,,,g,,,draft
face,,,,,,,,,,,,,,,,,,,,,,,,,,,,,,,outputs\movado\listing\20260311_193522\images\face-3640140-html\processed\3640140_2.webp,2,Face_2,,,,,,,,,,,,,,,,,,,,,,,,,,,,,,,,,,,,,,,,,,,,,,,,,,,,
face,,,,,,,,,,,,,,,,,,,,,,,,,,,,,,,outputs\movado\listing\20260311_193522\images\face-3640140-html\processed\3640140_3.webp,3,Face_3,,,,,,,,,,,,,,,,,,,,,,,,,,,,,,,,,,,,,,,,,,,,,,,,,,,,
face,,,,,,,,,,,,,,,,,,,,,,,,,,,,,,,outputs\movado\listing\20260311_193522\images\face-3640140-html\processed\3640140_4.webp,4,Face_4,,,,,,,,,,,,,,,,,,,,,,,,,,,,,,,,,,,,,,,,,,,,,,,,,,,,
face,,,,,,,,,,,,,,,,,,,,,,,,,,,,,,,outputs\movado\listing\20260311_193522\images\face-3640140-html\processed\3640140_5.webp,5,Face_5,,,,,,,,,,,,,,,,,,,,,,,,,,,,,,,,,,,,,,,,,,,,,,,,,,,,
face,,,,,,,,,,,,,,,,,,,,,,,,,,,,,,,outputs\movado\listing\20260311_193522\images\face-3640140-html\processed\3640140_6.webp,6,Face_6,,,,,,,,,,,,,,,,,,,,,,,,,,,,,,,,,,,,,,,,,,,,,,,,,,,,
face,,,,,,,,,,,,,,,,,,,,,,,,,,,,,,,outputs\movado\listing\20260311_193522\images\face-3640140-html\processed\3640140_7.webp,7,Face_7,,,,,,,,,,,,,,,,,,,,,,,,,,,,,,,,,,,,,,,,,,,,,,,,,,,,
face,,,,,,,,,,,,,,,,,,,,,,,,,,,,,,,outputs\movado\listing\20260311_193522\images\face-3640140-html\processed\3640140_8.webp,8,Face_8,,,,,,,,,,,,,,,,,,,,,,,,,,,,,,,,,,,,,,,,,,,,,,,,,,,,
face,,,,,,,,,,,,,,,,,,,,,,,,,,,,,,,outputs\movado\listing\20260311_193522\images\face-3640140-html\processed\3640140_9.webp,9,Face_9,,,,,,,,,,,,,,,,,,,,,,,,,,,,,,,,,,,,,,,,,,,,,,,,,,,,
face,,,,,,,,,,,,,,,,,,,,,,,,,,,,,,,outputs\movado\listing\20260311_193522\images\face-3640140-html\processed\3640140_10.webp,10,Face_10,,,,,,,,,,,,,,,,,,,,,,,,,,,,,,,,,,,,,,,,,,,,,,,,,,,,
face,,,,,,,,,,,,,,,,,,,,,,,,,,,,,,,outputs\movado\listing\20260311_193522\images\face-3640140-html\processed\3640140_11.webp,11,Face_11,,,,,,,,,,,,,,,,,,,,,,,,,,,,,,,,,,,,,,,,,,,,,,,,,,,,
face,,,,,,,,,,,,,,,,,,,,,,,,,,,,,,,outputs\movado\listing\20260311_193522\images\face-3640140-html\processed\3640140_12.webp,12,Face_12,,,,,,,,,,,,,,,,,,,,,,,,,,,,,,,,,,,,,,,,,,,,,,,,,,,,
face,,,,,,,,,,,,,,,,,,,,,,,,,,,,,,,outputs\movado\listing\20260311_193522\images\face-3640140-html\processed\3640140_13.webp,13,Face_13,,,,,,,,,,,,,,,,,,,,,,,,,,,,,,,,,,,,,,,,,,,,,,,,,,,,
face,,,,,,,,,,,,,,,,,,,,,,,,,,,,,,,outputs\movado\listing\20260311_193522\images\face-3640140-html\processed\3640140_14.webp,14,Face_14,,,,,,,,,,,,,,,,,,,,,,,,,,,,,,,,,,,,,,,,,,,,,,,,,,,,
face,,,,,,,,,,,,,,,,,,,,,,,,,,,,,,,outputs\movado\listing\20260311_193522\images\face-3640140-html\processed\3640140_15.webp,15,Face_15,,,,,,,,,,,,,,,,,,,,,,,,,,,,,,,,,,,,,,,,,,,,,,,,,,,,
bold-evolution-2-0,BOLD Evolution 2.0,"The BOLD Evolution 2.0 merges bold design with refined details, featuring an elevated, modern case and a dimensional micro-textured dial. This 34mm two-hand watch is accented by a crystal-set bezel and crown surrounding a silver dial, and our signature dot at 12 o'clock with blush ceramic center links.<br><br><table style=""width:100%; border-collapse:collapse;""><tr><td style=""font-weight:bold; border:1px solid #ddd; padding:8px;"">Brand</td><td style=""border:1px solid #ddd; padding:8px;"">Movado</td></tr></table><br><br>
<div><strong>Easy Returns</strong></div>
<p>This item can be returned within 7 days.&nbsp;<a href=""https://theluxurydirect.com/pages/return-refund-policy"" rel=""noopener"" target=""_blank"">View our return policy</a><br><br></p>
<div><strong>USA Shipping</strong></div>
<p>All of our items ship from the United States.&nbsp;<a href=""https://theluxurydirect.com/pages/shipping-policy"" rel=""noopener"" target=""_blank"">Learn more</a></p>
<div><br></div>
<div><br></div>
",Movado,Apparel & Accessories > Jewelry > Watches,Watches,"Wristwatches, Watches, Jewelry & Watches, SwiftCommerce_Movado, Women's Watches",FALSE,Title,Default Title,,,,,,,,3601300,90,shopify,deny,manual,895.00,,TRUE,TRUE,,,,,,outputs\movado\listing\20260311_193522\images\bold-evolution-2-0-3601300-html\processed\3601300_1.webp,1,BOLD Evolution 2.0_1,FALSE,,,,,Women,,,,,,https://www.movado.com/us/en/shop-watches/bold-evolution-2.0-3601300.html,,,,adults,,,,,,,,,,,,,,,,,,,,,,female,,,,,,,,,,,g,,,draft
bold-evolution-2-0,,,,,,,,,,,,,,,,,,,,,,,,,,,,,,,outputs\movado\listing\20260311_193522\images\bold-evolution-2-0-3601300-html\processed\3601300_2.webp,2,BOLD Evolution 2.0_2,,,,,,,,,,,,,,,,,,,,,,,,,,,,,,,,,,,,,,,,,,,,,,,,,,,,
bold-evolution-2-0,,,,,,,,,,,,,,,,,,,,,,,,,,,,,,,outputs\movado\listing\20260311_193522\images\bold-evolution-2-0-3601300-html\processed\3601300_3.webp,3,BOLD Evolution 2.0_3,,,,,,,,,,,,,,,,,,,,,,,,,,,,,,,,,,,,,,,,,,,,,,,,,,,,
bold-evolution-2-0,,,,,,,,,,,,,,,,,,,,,,,,,,,,,,,outputs\movado\listing\20260311_193522\images\bold-evolution-2-0-3601300-html\processed\3601300_4.webp,4,BOLD Evolution 2.0_4,,,,,,,,,,,,,,,,,,,,,,,,,,,,,,,,,,,,,,,,,,,,,,,,,,,,
bold-evolution-2-0,,,,,,,,,,,,,,,,,,,,,,,,,,,,,,,outputs\movado\listing\20260311_193522\images\bold-evolution-2-0-3601300-html\processed\3601300_5.webp,5,BOLD Evolution 2.0_5,,,,,,,,,,,,,,,,,,,,,,,,,,,,,,,,,,,,,,,,,,,,,,,,,,,,
bold-evolution-2-0,,,,,,,,,,,,,,,,,,,,,,,,,,,,,,,outputs\movado\listing\20260311_193522\images\bold-evolution-2-0-3601300-html\processed\3601300_6.webp,6,BOLD Evolution 2.0_6,,,,,,,,,,,,,,,,,,,,,,,,,,,,,,,,,,,,,,,,,,,,,,,,,,,,
bold-evolution-2-0,,,,,,,,,,,,,,,,,,,,,,,,,,,,,,,outputs\movado\listing\20260311_193522\images\bold-evolution-2-0-3601300-html\processed\3601300_7.webp,7,BOLD Evolution 2.0_7,,,,,,,,,,,,,,,,,,,,,,,,,,,,,,,,,,,,,,,,,,,,,,,,,,,,
bold-evolution-2-0,,,,,,,,,,,,,,,,,,,,,,,,,,,,,,,outputs\movado\listing\20260311_193522\images\bold-evolution-2-0-3601300-html\processed\3601300_8.webp,8,BOLD Evolution 2.0_8,,,,,,,,,,,,,,,,,,,,,,,,,,,,,,,,,,,,,,,,,,,,,,,,,,,,
bold-evolution-2-0,,,,,,,,,,,,,,,,,,,,,,,,,,,,,,,outputs\movado\listing\20260311_193522\images\bold-evolution-2-0-3601300-html\processed\3601300_9.webp,9,BOLD Evolution 2.0_9,,,,,,,,,,,,,,,,,,,,,,,,,,,,,,,,,,,,,,,,,,,,,,,,,,,,
bold-evolution-2-0,,,,,,,,,,,,,,,,,,,,,,,,,,,,,,,outputs\movado\listing\20260311_193522\images\bold-evolution-2-0-3601300-html\processed\3601300_10.webp,10,BOLD Evolution 2.0_10,,,,,,,,,,,,,,,,,,,,,,,,,,,,,,,,,,,,,,,,,,,,,,,,,,,,
bold-evolution-2-0,,,,,,,,,,,,,,,,,,,,,,,,,,,,,,,outputs\movado\listing\20260311_193522\images\bold-evolution-2-0-3601300-html\processed\3601300_11.webp,11,BOLD Evolution 2.0_11,,,,,,,,,,,,,,,,,,,,,,,,,,,,,,,,,,,,,,,,,,,,,,,,,,,,
bold-evolution-2-0,,,,,,,,,,,,,,,,,,,,,,,,,,,,,,,outputs\movado\listing\20260311_193522\images\bold-evolution-2-0-3601300-html\processed\3601300_12.webp,12,BOLD Evolution 2.0_12,,,,,,,,,,,,,,,,,,,,,,,,,,,,,,,,,,,,,,,,,,,,,,,,,,,,
bold-evolution-2-0,,,,,,,,,,,,,,,,,,,,,,,,,,,,,,,outputs\movado\listing\20260311_193522\images\bold-evolution-2-0-3601300-html\processed\3601300_13.webp,13,BOLD Evolution 2.0_13,,,,,,,,,,,,,,,,,,,,,,,,,,,,,,,,,,,,,,,,,,,,,,,,,,,,
bold-evolution-2-0,,,,,,,,,,,,,,,,,,,,,,,,,,,,,,,outputs\movado\listing\20260311_193522\images\bold-evolution-2-0-3601300-html\processed\3601300_14.webp,14,BOLD Evolution 2.0_14,,,,,,,,,,,,,,,,,,,,,,,,,,,,,,,,,,,,,,,,,,,,,,,,,,,,
bold-evolution-2-0,,,,,,,,,,,,,,,,,,,,,,,,,,,,,,,outputs\movado\listing\20260311_193522\images\bold-evolution-2-0-3601300-html\processed\3601300_15.webp,15,BOLD Evolution 2.0_15,,,,,,,,,,,,,,,,,,,,,,,,,,,,,,,,,,,,,,,,,,,,,,,,,,,,
bold-tr90,BOLD TR90,"New<br><br><table style=""width:100%; border-collapse:collapse;""><tr><td style=""font-weight:bold; border:1px solid #ddd; padding:8px;"">Brand</td><td style=""border:1px solid #ddd; padding:8px;"">Movado</td></tr></table><br><br>
<div><strong>Easy Returns</strong></div>
<p>This item can be returned within 7 days.&nbsp;<a href=""https://theluxurydirect.com/pages/return-refund-policy"" rel=""noopener"" target=""_blank"">View our return policy</a><br><br></p>
<div><strong>USA Shipping</strong></div>
<p>All of our items ship from the United States.&nbsp;<a href=""https://theluxurydirect.com/pages/shipping-policy"" rel=""noopener"" target=""_blank"">Learn more</a></p>
<div><br></div>
<div><br></div>
",Movado,Apparel & Accessories > Jewelry > Watches,Watches,"Wristwatches, Watches, Jewelry & Watches, SwiftCommerce_Movado, Men's Watches",FALSE,Title,Default Title,,,,,,,,3601417,90,shopify,deny,manual,895.00,,TRUE,TRUE,,,,,,outputs\movado\listing\20260311_193522\images\bold-tr90-3601417-html\processed\3601417_1.webp,1,BOLD TR90_1,FALSE,,,,,Men,,,,,,https://www.movado.com/us/en/shop-watches/bold-tr90-3601417.html,,,,adults,,,,,,,,,,,,,,,,,,,,,,male,,,,,,,,,,,g,,,draft
bold-tr90,,,,,,,,,,,,,,,,,,,,,,,,,,,,,,,outputs\movado\listing\20260311_193522\images\bold-tr90-3601417-html\processed\3601417_2.webp,2,BOLD TR90_2,,,,,,,,,,,,,,,,,,,,,,,,,,,,,,,,,,,,,,,,,,,,,,,,,,,,
bold-tr90,,,,,,,,,,,,,,,,,,,,,,,,,,,,,,,outputs\movado\listing\20260311_193522\images\bold-tr90-3601417-html\processed\3601417_3.webp,3,BOLD TR90_3,,,,,,,,,,,,,,,,,,,,,,,,,,,,,,,,,,,,,,,,,,,,,,,,,,,,
bold-tr90,,,,,,,,,,,,,,,,,,,,,,,,,,,,,,,outputs\movado\listing\20260311_193522\images\bold-tr90-3601417-html\processed\3601417_4.webp,4,BOLD TR90_4,,,,,,,,,,,,,,,,,,,,,,,,,,,,,,,,,,,,,,,,,,,,,,,,,,,,
bold-tr90,,,,,,,,,,,,,,,,,,,,,,,,,,,,,,,outputs\movado\listing\20260311_193522\images\bold-tr90-3601417-html\processed\3601417_5.webp,5,BOLD TR90_5,,,,,,,,,,,,,,,,,,,,,,,,,,,,,,,,,,,,,,,,,,,,,,,,,,,,
bold-tr90,,,,,,,,,,,,,,,,,,,,,,,,,,,,,,,outputs\movado\listing\20260311_193522\images\bold-tr90-3601417-html\processed\3601417_6.webp,6,BOLD TR90_6,,,,,,,,,,,,,,,,,,,,,,,,,,,,,,,,,,,,,,,,,,,,,,,,,,,,
bold-tr90,,,,,,,,,,,,,,,,,,,,,,,,,,,,,,,outputs\movado\listing\20260311_193522\images\bold-tr90-3601417-html\processed\3601417_7.webp,7,BOLD TR90_7,,,,,,,,,,,,,,,,,,,,,,,,,,,,,,,,,,,,,,,,,,,,,,,,,,,,
bold-tr90,,,,,,,,,,,,,,,,,,,,,,,,,,,,,,,outputs\movado\listing\20260311_193522\images\bold-tr90-3601417-html\processed\3601417_8.webp,8,BOLD TR90_8,,,,,,,,,,,,,,,,,,,,,,,,,,,,,,,,,,,,,,,,,,,,,,,,,,,,
face,Face,"Face, 41mm black ion-plated stainless steel case with a black dial on a cognac leather strap. We’re updating our logo—during this transition, products may ship with either the existing or new logo.<br><br><table style=""width:100%; border-collapse:collapse;""><tr><td style=""font-weight:bold; border:1px solid #ddd; padding:8px;"">Brand</td><td style=""border:1px solid #ddd; padding:8px;"">Movado</td></tr></table><br><br>
<div><strong>Easy Returns</strong></div>
<p>This item can be returned within 7 days.&nbsp;<a href=""https://theluxurydirect.com/pages/return-refund-policy"" rel=""noopener"" target=""_blank"">View our return policy</a><br><br></p>
<div><strong>USA Shipping</strong></div>
<p>All of our items ship from the United States.&nbsp;<a href=""https://theluxurydirect.com/pages/shipping-policy"" rel=""noopener"" target=""_blank"">Learn more</a></p>
<div><br></div>
<div><br></div>
",Movado,Apparel & Accessories > Jewelry > Watches,Watches,"Wristwatches, Watches, Jewelry & Watches, SwiftCommerce_Movado, Men's Watches",FALSE,Title,Default Title,,,,,,,,3640112,90,shopify,deny,manual,895.00,,TRUE,TRUE,,,,,,outputs\movado\listing\20260311_193522\images\face-3640112-html\processed\3640112_1.webp,1,Face_1,FALSE,,,,,Men,,,,,,https://www.movado.com/us/en/shop-watches/face-3640112.html,,,,adults,,,,,,,,,,,,,,,,,,,,,,male,,,,,,,,,,,g,,,draft
face,,,,,,,,,,,,,,,,,,,,,,,,,,,,,,,outputs\movado\listing\20260311_193522\images\face-3640112-html\processed\3640112_2.webp,2,Face_2,,,,,,,,,,,,,,,,,,,,,,,,,,,,,,,,,,,,,,,,,,,,,,,,,,,,
face,,,,,,,,,,,,,,,,,,,,,,,,,,,,,,,outputs\movado\listing\20260311_193522\images\face-3640112-html\processed\3640112_3.webp,3,Face_3,,,,,,,,,,,,,,,,,,,,,,,,,,,,,,,,,,,,,,,,,,,,,,,,,,,,
face,,,,,,,,,,,,,,,,,,,,,,,,,,,,,,,outputs\movado\listing\20260311_193522\images\face-3640112-html\processed\3640112_4.webp,4,Face_4,,,,,,,,,,,,,,,,,,,,,,,,,,,,,,,,,,,,,,,,,,,,,,,,,,,,
face,,,,,,,,,,,,,,,,,,,,,,,,,,,,,,,outputs\movado\listing\20260311_193522\images\face-3640112-html\processed\3640112_5.webp,5,Face_5,,,,,,,,,,,,,,,,,,,,,,,,,,,,,,,,,,,,,,,,,,,,,,,,,,,,
face,,,,,,,,,,,,,,,,,,,,,,,,,,,,,,,outputs\movado\listing\20260311_193522\images\face-3640112-html\processed\3640112_6.webp,6,Face_6,,,,,,,,,,,,,,,,,,,,,,,,,,,,,,,,,,,,,,,,,,,,,,,,,,,,
face,,,,,,,,,,,,,,,,,,,,,,,,,,,,,,,outputs\movado\listing\20260311_193522\images\face-3640112-html\processed\3640112_7.webp,7,Face_7,,,,,,,,,,,,,,,,,,,,,,,,,,,,,,,,,,,,,,,,,,,,,,,,,,,,
face,,,,,,,,,,,,,,,,,,,,,,,,,,,,,,,outputs\movado\listing\20260311_193522\images\face-3640112-html\processed\3640112_8.webp,8,Face_8,,,,,,,,,,,,,,,,,,,,,,,,,,,,,,,,,,,,,,,,,,,,,,,,,,,,
face,,,,,,,,,,,,,,,,,,,,,,,,,,,,,,,outputs\movado\listing\20260311_193522\images\face-3640112-html\processed\3640112_9.webp,9,Face_9,,,,,,,,,,,,,,,,,,,,,,,,,,,,,,,,,,,,,,,,,,,,,,,,,,,,
face,,,,,,,,,,,,,,,,,,,,,,,,,,,,,,,outputs\movado\listing\20260311_193522\images\face-3640112-html\processed\3640112_10.webp,10,Face_10,,,,,,,,,,,,,,,,,,,,,,,,,,,,,,,,,,,,,,,,,,,,,,,,,,,,
face,,,,,,,,,,,,,,,,,,,,,,,,,,,,,,,outputs\movado\listing\20260311_193522\images\face-3640112-html\processed\3640112_11.webp,11,Face_11,,,,,,,,,,,,,,,,,,,,,,,,,,,,,,,,,,,,,,,,,,,,,,,,,,,,
face,,,,,,,,,,,,,,,,,,,,,,,,,,,,,,,outputs\movado\listing\20260311_193522\images\face-3640112-html\processed\3640112_12.webp,12,Face_12,,,,,,,,,,,,,,,,,,,,,,,,,,,,,,,,,,,,,,,,,,,,,,,,,,,,
face,,,,,,,,,,,,,,,,,,,,,,,,,,,,,,,outputs\movado\listing\20260311_193522\images\face-3640112-html\processed\3640112_13.webp,13,Face_13,,,,,,,,,,,,,,,,,,,,,,,,,,,,,,,,,,,,,,,,,,,,,,,,,,,,
face,,,,,,,,,,,,,,,,,,,,,,,,,,,,,,,outputs\movado\listing\20260311_193522\images\face-3640112-html\processed\3640112_14.webp,14,Face_14,,,,,,,,,,,,,,,,,,,,,,,,,,,,,,,,,,,,,,,,,,,,,,,,,,,,
face,,,,,,,,,,,,,,,,,,,,,,,,,,,,,,,outputs\movado\listing\20260311_193522\images\face-3640112-html\processed\3640112_15.webp,15,Face_15,,,,,,,,,,,,,,,,,,,,,,,,,,,,,,,,,,,,,,,,,,,,,,,,,,,,
bold-fusion-chronograph,BOLD Fusion Chronograph,"Named for its dynamic mix of materials and finishes, BOLD Fusion features a layered sporty design with a dual-level skeleton dial and ceramic bezel. This 44mm watch features a yellow gold ion-plated case, multifunction sub-dials, a black sculpted rubber strap, with black accents and Swiss Super-LumiNova® detailing.<br><br><table style=""width:100%; border-collapse:collapse;""><tr><td style=""font-weight:bold; border:1px solid #ddd; padding:8px;"">Brand</td><td style=""border:1px solid #ddd; padding:8px;"">Movado</td></tr></table><br><br>
<div><strong>Easy Returns</strong></div>
<p>This item can be returned within 7 days.&nbsp;<a href=""https://theluxurydirect.com/pages/return-refund-policy"" rel=""noopener"" target=""_blank"">View our return policy</a><br><br></p>
<div><strong>USA Shipping</strong></div>
<p>All of our items ship from the United States.&nbsp;<a href=""https://theluxurydirect.com/pages/shipping-policy"" rel=""noopener"" target=""_blank"">Learn more</a></p>
<div><br></div>
<div><br></div>
",Movado,Apparel & Accessories > Jewelry > Watches,Watches,"Wristwatches, Watches, Jewelry & Watches, SwiftCommerce_Movado, Men's Watches",FALSE,Title,Default Title,,,,,,,,3601307,90,shopify,deny,manual,895.00,,TRUE,TRUE,,,,,,outputs\movado\listing\20260311_193522\images\bold-fusion-chronograph-3601307-html\processed\3601307_1.webp,1,BOLD Fusion Chronograph_1,FALSE,,,,,Men,,,,,,https://www.movado.com/us/en/shop-watches/bold-fusion-chronograph-3601307.html,,,,adults,,,,,,,,,,,,,,,,,,,,,,male,,,,,,,,,,,g,,,draft
bold-fusion-chronograph,,,,,,,,,,,,,,,,,,,,,,,,,,,,,,,outputs\movado\listing\20260311_193522\images\bold-fusion-chronograph-3601307-html\processed\3601307_2.webp,2,BOLD Fusion Chronograph_2,,,,,,,,,,,,,,,,,,,,,,,,,,,,,,,,,,,,,,,,,,,,,,,,,,,,
bold-fusion-chronograph,,,,,,,,,,,,,,,,,,,,,,,,,,,,,,,outputs\movado\listing\20260311_193522\images\bold-fusion-chronograph-3601307-html\processed\3601307_3.webp,3,BOLD Fusion Chronograph_3,,,,,,,,,,,,,,,,,,,,,,,,,,,,,,,,,,,,,,,,,,,,,,,,,,,,
bold-fusion-chronograph,,,,,,,,,,,,,,,,,,,,,,,,,,,,,,,outputs\movado\listing\20260311_193522\images\bold-fusion-chronograph-3601307-html\processed\3601307_4.webp,4,BOLD Fusion Chronograph_4,,,,,,,,,,,,,,,,,,,,,,,,,,,,,,,,,,,,,,,,,,,,,,,,,,,,
bold-fusion-chronograph,,,,,,,,,,,,,,,,,,,,,,,,,,,,,,,outputs\movado\listing\20260311_193522\images\bold-fusion-chronograph-3601307-html\processed\3601307_5.webp,5,BOLD Fusion Chronograph_5,,,,,,,,,,,,,,,,,,,,,,,,,,,,,,,,,,,,,,,,,,,,,,,,,,,,
bold-fusion-chronograph,,,,,,,,,,,,,,,,,,,,,,,,,,,,,,,outputs\movado\listing\20260311_193522\images\bold-fusion-chronograph-3601307-html\processed\3601307_6.webp,6,BOLD Fusion Chronograph_6,,,,,,,,,,,,,,,,,,,,,,,,,,,,,,,,,,,,,,,,,,,,,,,,,,,,
bold-fusion-chronograph,,,,,,,,,,,,,,,,,,,,,,,,,,,,,,,outputs\movado\listing\20260311_193522\images\bold-fusion-chronograph-3601307-html\processed\3601307_7.webp,7,BOLD Fusion Chronograph_7,,,,,,,,,,,,,,,,,,,,,,,,,,,,,,,,,,,,,,,,,,,,,,,,,,,,
bold-fusion-chronograph,,,,,,,,,,,,,,,,,,,,,,,,,,,,,,,outputs\movado\listing\20260311_193522\images\bold-fusion-chronograph-3601307-html\processed\3601307_8.webp,8,BOLD Fusion Chronograph_8,,,,,,,,,,,,,,,,,,,,,,,,,,,,,,,,,,,,,,,,,,,,,,,,,,,,
bold-fusion-chronograph,,,,,,,,,,,,,,,,,,,,,,,,,,,,,,,outputs\movado\listing\20260311_193522\images\bold-fusion-chronograph-3601307-html\processed\3601307_9.webp,9,BOLD Fusion Chronograph_9,,,,,,,,,,,,,,,,,,,,,,,,,,,,,,,,,,,,,,,,,,,,,,,,,,,,
bold-fusion-chronograph,,,,,,,,,,,,,,,,,,,,,,,,,,,,,,,outputs\movado\listing\20260311_193522\images\bold-fusion-chronograph-3601307-html\processed\3601307_10.webp,10,BOLD Fusion Chronograph_10,,,,,,,,,,,,,,,,,,,,,,,,,,,,,,,,,,,,,,,,,,,,,,,,,,,,
bold-fusion-chronograph,,,,,,,,,,,,,,,,,,,,,,,,,,,,,,,outputs\movado\listing\20260311_193522\images\bold-fusion-chronograph-3601307-html\processed\3601307_11.webp,11,BOLD Fusion Chronograph_11,,,,,,,,,,,,,,,,,,,,,,,,,,,,,,,,,,,,,,,,,,,,,,,,,,,,
bold-fusion-chronograph,,,,,,,,,,,,,,,,,,,,,,,,,,,,,,,outputs\movado\listing\20260311_193522\images\bold-fusion-chronograph-3601307-html\processed\3601307_12.webp,12,BOLD Fusion Chronograph_12,,,,,,,,,,,,,,,,,,,,,,,,,,,,,,,,,,,,,,,,,,,,,,,,,,,,
bold-fusion-chronograph,,,,,,,,,,,,,,,,,,,,,,,,,,,,,,,outputs\movado\listing\20260311_193522\images\bold-fusion-chronograph-3601307-html\processed\3601307_13.webp,13,BOLD Fusion Chronograph_13,,,,,,,,,,,,,,,,,,,,,,,,,,,,,,,,,,,,,,,,,,,,,,,,,,,,
bold-fusion-chronograph,,,,,,,,,,,,,,,,,,,,,,,,,,,,,,,outputs\movado\listing\20260311_193522\images\bold-fusion-chronograph-3601307-html\processed\3601307_14.webp,14,BOLD Fusion Chronograph_14,,,,,,,,,,,,,,,,,,,,,,,,,,,,,,,,,,,,,,,,,,,,,,,,,,,,
bold-fusion-chronograph,,,,,,,,,,,,,,,,,,,,,,,,,,,,,,,outputs\movado\listing\20260311_193522\images\bold-fusion-chronograph-3601307-html\processed\3601307_15.webp,15,BOLD Fusion Chronograph_15,,,,,,,,,,,,,,,,,,,,,,,,,,,,,,,,,,,,,,,,,,,,,,,,,,,,
1881-automatic,1881 Automatic,"1881 Automatic, 40 mm two-tone yellow gold PVD-finished stainless steel case and bracelet with black textured dial. Caseback features an exposed automatic movement. Automatic watches do not contain batteries.  They are charged by the movement of your wrist.<br><br><table style=""width:100%; border-collapse:collapse;""><tr><td style=""font-weight:bold; border:1px solid #ddd; padding:8px;"">Brand</td><td style=""border:1px solid #ddd; padding:8px;"">Movado</td></tr></table><br><br>
<div><strong>Easy Returns</strong></div>
<p>This item can be returned within 7 days.&nbsp;<a href=""https://theluxurydirect.com/pages/return-refund-policy"" rel=""noopener"" target=""_blank"">View our return policy</a><br><br></p>
<div><strong>USA Shipping</strong></div>
<p>All of our items ship from the United States.&nbsp;<a href=""https://theluxurydirect.com/pages/shipping-policy"" rel=""noopener"" target=""_blank"">Learn more</a></p>
<div><br></div>
<div><br></div>
",Movado,Apparel & Accessories > Jewelry > Watches,Watches,"Wristwatches, Watches, Jewelry & Watches, SwiftCommerce_Movado",FALSE,Title,Default Title,,,,,,,,0607620,90,shopify,deny,manual,895.00,,TRUE,TRUE,,,,,,outputs\movado\listing\20260311_193522\images\1881-automatic-0607620-html\processed\0607620_1.webp,1,1881 Automatic_1,FALSE,,,,,Unisex,,,,,,https://www.movado.com/us/en/shop-watches/1881-automatic-0607620.html,,,,adults,,,,,,,,,,,,,,,,,,,,,,unisex,,,,,,,,,,,g,,,draft
1881-automatic,,,,,,,,,,,,,,,,,,,,,,,,,,,,,,,outputs\movado\listing\20260311_193522\images\1881-automatic-0607620-html\processed\0607620_2.webp,2,1881 Automatic_2,,,,,,,,,,,,,,,,,,,,,,,,,,,,,,,,,,,,,,,,,,,,,,,,,,,,
1881-automatic,,,,,,,,,,,,,,,,,,,,,,,,,,,,,,,outputs\movado\listing\20260311_193522\images\1881-automatic-0607620-html\processed\0607620_3.webp,3,1881 Automatic_3,,,,,,,,,,,,,,,,,,,,,,,,,,,,,,,,,,,,,,,,,,,,,,,,,,,,
1881-automatic,,,,,,,,,,,,,,,,,,,,,,,,,,,,,,,outputs\movado\listing\20260311_193522\images\1881-automatic-0607620-html\processed\0607620_4.webp,4,1881 Automatic_4,,,,,,,,,,,,,,,,,,,,,,,,,,,,,,,,,,,,,,,,,,,,,,,,,,,,
1881-automatic,,,,,,,,,,,,,,,,,,,,,,,,,,,,,,,outputs\movado\listing\20260311_193522\images\1881-automatic-0607620-html\processed\0607620_5.webp,5,1881 Automatic_5,,,,,,,,,,,,,,,,,,,,,,,,,,,,,,,,,,,,,,,,,,,,,,,,,,,,
1881-automatic,,,,,,,,,,,,,,,,,,,,,,,,,,,,,,,outputs\movado\listing\20260311_193522\images\1881-automatic-0607620-html\processed\0607620_6.webp,6,1881 Automatic_6,,,,,,,,,,,,,,,,,,,,,,,,,,,,,,,,,,,,,,,,,,,,,,,,,,,,
1881-automatic,,,,,,,,,,,,,,,,,,,,,,,,,,,,,,,outputs\movado\listing\20260311_193522\images\1881-automatic-0607620-html\processed\0607620_7.webp,7,1881 Automatic_7,,,,,,,,,,,,,,,,,,,,,,,,,,,,,,,,,,,,,,,,,,,,,,,,,,,,
1881-automatic,,,,,,,,,,,,,,,,,,,,,,,,,,,,,,,outputs\movado\listing\20260311_193522\images\1881-automatic-0607620-html\processed\0607620_8.webp,8,1881 Automatic_8,,,,,,,,,,,,,,,,,,,,,,,,,,,,,,,,,,,,,,,,,,,,,,,,,,,,
1881-automatic,,,,,,,,,,,,,,,,,,,,,,,,,,,,,,,outputs\movado\listing\20260311_193522\images\1881-automatic-0607620-html\processed\0607620_9.webp,9,1881 Automatic_9,,,,,,,,,,,,,,,,,,,,,,,,,,,,,,,,,,,,,,,,,,,,,,,,,,,,
1881-automatic,,,,,,,,,,,,,,,,,,,,,,,,,,,,,,,outputs\movado\listing\20260311_193522\images\1881-automatic-0607620-html\processed\0607620_10.webp,10,1881 Automatic_10,,,,,,,,,,,,,,,,,,,,,,,,,,,,,,,,,,,,,,,,,,,,,,,,,,,,
1881-automatic,,,,,,,,,,,,,,,,,,,,,,,,,,,,,,,outputs\movado\listing\20260311_193522\images\1881-automatic-0607620-html\processed\0607620_11.webp,11,1881 Automatic_11,,,,,,,,,,,,,,,,,,,,,,,,,,,,,,,,,,,,,,,,,,,,,,,,,,,,
1881-automatic,,,,,,,,,,,,,,,,,,,,,,,,,,,,,,,outputs\movado\listing\20260311_193522\images\1881-automatic-0607620-html\processed\0607620_12.webp,12,1881 Automatic_12,,,,,,,,,,,,,,,,,,,,,,,,,,,,,,,,,,,,,,,,,,,,,,,,,,,,
bold-verso-chronograph,BOLD Verso Chronograph,"The BOLD Verso Chronograph is defined by a bold, sport-inspired case and sophisticated detailing. This 44mm chronograph watch features a grey dial, Swiss Super-LumiNova accents, and a tachymeter bezel. We’re updating our logo—during this transition, products may ship with either the existing or new logo.<br><br><table style=""width:100%; border-collapse:collapse;""><tr><td style=""font-weight:bold; border:1px solid #ddd; padding:8px;"">Brand</td><td style=""border:1px solid #ddd; padding:8px;"">Movado</td></tr></table><br><br>
<div><strong>Easy Returns</strong></div>
<p>This item can be returned within 7 days.&nbsp;<a href=""https://theluxurydirect.com/pages/return-refund-policy"" rel=""noopener"" target=""_blank"">View our return policy</a><br><br></p>
<div><strong>USA Shipping</strong></div>
<p>All of our items ship from the United States.&nbsp;<a href=""https://theluxurydirect.com/pages/shipping-policy"" rel=""noopener"" target=""_blank"">Learn more</a></p>
<div><br></div>
<div><br></div>
",Movado,Apparel & Accessories > Jewelry > Watches,Watches,"Wristwatches, Watches, Jewelry & Watches, SwiftCommerce_Movado, Men's Watches",FALSE,Title,Default Title,,,,,,,,3600867,90,shopify,deny,manual,895.00,,TRUE,TRUE,,,,,,outputs\movado\listing\20260311_193522\images\bold-verso-chronograph-3600867-html\processed\3600867_1.webp,1,BOLD Verso Chronograph_1,FALSE,,,,,Men,,,,,,https://www.movado.com/us/en/shop-watches/bold-verso-chronograph-3600867.html,,,,adults,,,,,,,,,,,,,,,,,,,,,,male,,,,,,,,,,,g,,,draft
bold-verso-chronograph,,,,,,,,,,,,,,,,,,,,,,,,,,,,,,,outputs\movado\listing\20260311_193522\images\bold-verso-chronograph-3600867-html\processed\3600867_2.webp,2,BOLD Verso Chronograph_2,,,,,,,,,,,,,,,,,,,,,,,,,,,,,,,,,,,,,,,,,,,,,,,,,,,,
bold-verso-chronograph,,,,,,,,,,,,,,,,,,,,,,,,,,,,,,,outputs\movado\listing\20260311_193522\images\bold-verso-chronograph-3600867-html\processed\3600867_3.webp,3,BOLD Verso Chronograph_3,,,,,,,,,,,,,,,,,,,,,,,,,,,,,,,,,,,,,,,,,,,,,,,,,,,,
bold-verso-chronograph,,,,,,,,,,,,,,,,,,,,,,,,,,,,,,,outputs\movado\listing\20260311_193522\images\bold-verso-chronograph-3600867-html\processed\3600867_4.webp,4,BOLD Verso Chronograph_4,,,,,,,,,,,,,,,,,,,,,,,,,,,,,,,,,,,,,,,,,,,,,,,,,,,,
bold-verso-chronograph,,,,,,,,,,,,,,,,,,,,,,,,,,,,,,,outputs\movado\listing\20260311_193522\images\bold-verso-chronograph-3600867-html\processed\3600867_5.webp,5,BOLD Verso Chronograph_5,,,,,,,,,,,,,,,,,,,,,,,,,,,,,,,,,,,,,,,,,,,,,,,,,,,,
bold-verso-chronograph,,,,,,,,,,,,,,,,,,,,,,,,,,,,,,,outputs\movado\listing\20260311_193522\images\bold-verso-chronograph-3600867-html\processed\3600867_6.webp,6,BOLD Verso Chronograph_6,,,,,,,,,,,,,,,,,,,,,,,,,,,,,,,,,,,,,,,,,,,,,,,,,,,,
bold-verso-chronograph,,,,,,,,,,,,,,,,,,,,,,,,,,,,,,,outputs\movado\listing\20260311_193522\images\bold-verso-chronograph-3600867-html\processed\3600867_7.webp,7,BOLD Verso Chronograph_7,,,,,,,,,,,,,,,,,,,,,,,,,,,,,,,,,,,,,,,,,,,,,,,,,,,,
bold-verso-chronograph,,,,,,,,,,,,,,,,,,,,,,,,,,,,,,,outputs\movado\listing\20260311_193522\images\bold-verso-chronograph-3600867-html\processed\3600867_8.webp,8,BOLD Verso Chronograph_8,,,,,,,,,,,,,,,,,,,,,,,,,,,,,,,,,,,,,,,,,,,,,,,,,,,,
bold-verso-chronograph,,,,,,,,,,,,,,,,,,,,,,,,,,,,,,,outputs\movado\listing\20260311_193522\images\bold-verso-chronograph-3600867-html\processed\3600867_9.webp,9,BOLD Verso Chronograph_9,,,,,,,,,,,,,,,,,,,,,,,,,,,,,,,,,,,,,,,,,,,,,,,,,,,,
bold-verso-chronograph,,,,,,,,,,,,,,,,,,,,,,,,,,,,,,,outputs\movado\listing\20260311_193522\images\bold-verso-chronograph-3600867-html\processed\3600867_10.webp,10,BOLD Verso Chronograph_10,,,,,,,,,,,,,,,,,,,,,,,,,,,,,,,,,,,,,,,,,,,,,,,,,,,,
bold-verso-chronograph,,,,,,,,,,,,,,,,,,,,,,,,,,,,,,,outputs\movado\listing\20260311_193522\images\bold-verso-chronograph-3600867-html\processed\3600867_11.webp,11,BOLD Verso Chronograph_11,,,,,,,,,,,,,,,,,,,,,,,,,,,,,,,,,,,,,,,,,,,,,,,,,,,,
bold-verso-chronograph,,,,,,,,,,,,,,,,,,,,,,,,,,,,,,,outputs\movado\listing\20260311_193522\images\bold-verso-chronograph-3600867-html\processed\3600867_12.webp,12,BOLD Verso Chronograph_12,,,,,,,,,,,,,,,,,,,,,,,,,,,,,,,,,,,,,,,,,,,,,,,,,,,,
bold-verso-chronograph,,,,,,,,,,,,,,,,,,,,,,,,,,,,,,,outputs\movado\listing\20260311_193522\images\bold-verso-chronograph-3600867-html\processed\3600867_13.webp,13,BOLD Verso Chronograph_13,,,,,,,,,,,,,,,,,,,,,,,,,,,,,,,,,,,,,,,,,,,,,,,,,,,,
bold-verso-chronograph,,,,,,,,,,,,,,,,,,,,,,,,,,,,,,,outputs\movado\listing\20260311_193522\images\bold-verso-chronograph-3600867-html\processed\3600867_14.webp,14,BOLD Verso Chronograph_14,,,,,,,,,,,,,,,,,,,,,,,,,,,,,,,,,,,,,,,,,,,,,,,,,,,,
bold-verso-chronograph,,,,,,,,,,,,,,,,,,,,,,,,,,,,,,,outputs\movado\listing\20260311_193522\images\bold-verso-chronograph-3600867-html\processed\3600867_15.webp,15,BOLD Verso Chronograph_15,,,,,,,,,,,,,,,,,,,,,,,,,,,,,,,,,,,,,,,,,,,,,,,,,,,,
bold-verso-chronograph,,,,,,,,,,,,,,,,,,,,,,,,,,,,,,,outputs\movado\listing\20260311_193522\images\bold-verso-chronograph-3600867-html\processed\3600867_16.webp,16,BOLD Verso Chronograph_16,,,,,,,,,,,,,,,,,,,,,,,,,,,,,,,,,,,,,,,,,,,,,,,,,,,,
bold-verso-chronograph,,,,,,,,,,,,,,,,,,,,,,,,,,,,,,,outputs\movado\listing\20260311_193522\images\bold-verso-chronograph-3600867-html\processed\3600867_17.webp,17,BOLD Verso Chronograph_17,,,,,,,,,,,,,,,,,,,,,,,,,,,,,,,,,,,,,,,,,,,,,,,,,,,,
face,Face,"Face, 41mm pale yellow gold ion-plated stainless steel case on a mesh bracelet with a pale yellow gold-toned dial. We’re updating our logo—during this transition, products may ship with either the existing or new logo.<br><br><table style=""width:100%; border-collapse:collapse;""><tr><td style=""font-weight:bold; border:1px solid #ddd; padding:8px;"">Brand</td><td style=""border:1px solid #ddd; padding:8px;"">Movado</td></tr></table><br><br>
<div><strong>Easy Returns</strong></div>
<p>This item can be returned within 7 days.&nbsp;<a href=""https://theluxurydirect.com/pages/return-refund-policy"" rel=""noopener"" target=""_blank"">View our return policy</a><br><br></p>
<div><strong>USA Shipping</strong></div>
<p>All of our items ship from the United States.&nbsp;<a href=""https://theluxurydirect.com/pages/shipping-policy"" rel=""noopener"" target=""_blank"">Learn more</a></p>
<div><br></div>
<div><br></div>
",Movado,Apparel & Accessories > Jewelry > Watches,Watches,"Wristwatches, Watches, Jewelry & Watches, SwiftCommerce_Movado, Women's Watches",FALSE,Title,Default Title,,,,,,,,3640113,90,shopify,deny,manual,895.00,,TRUE,TRUE,,,,,,outputs\movado\listing\20260311_193522\images\face-3640113-html\processed\3640113_1.webp,1,Face_1,FALSE,,,,,Women,,,,,,https://www.movado.com/us/en/shop-watches/face-3640113.html,,,,adults,,,,,,,,,,,,,,,,,,,,,,female,,,,,,,,,,,g,,,draft
face,,,,,,,,,,,,,,,,,,,,,,,,,,,,,,,outputs\movado\listing\20260311_193522\images\face-3640113-html\processed\3640113_2.webp,2,Face_2,,,,,,,,,,,,,,,,,,,,,,,,,,,,,,,,,,,,,,,,,,,,,,,,,,,,
face,,,,,,,,,,,,,,,,,,,,,,,,,,,,,,,outputs\movado\listing\20260311_193522\images\face-3640113-html\processed\3640113_3.webp,3,Face_3,,,,,,,,,,,,,,,,,,,,,,,,,,,,,,,,,,,,,,,,,,,,,,,,,,,,
face,,,,,,,,,,,,,,,,,,,,,,,,,,,,,,,outputs\movado\listing\20260311_193522\images\face-3640113-html\processed\3640113_4.webp,4,Face_4,,,,,,,,,,,,,,,,,,,,,,,,,,,,,,,,,,,,,,,,,,,,,,,,,,,,
face,,,,,,,,,,,,,,,,,,,,,,,,,,,,,,,outputs\movado\listing\20260311_193522\images\face-3640113-html\processed\3640113_5.webp,5,Face_5,,,,,,,,,,,,,,,,,,,,,,,,,,,,,,,,,,,,,,,,,,,,,,,,,,,,
face,,,,,,,,,,,,,,,,,,,,,,,,,,,,,,,outputs\movado\listing\20260311_193522\images\face-3640113-html\processed\3640113_6.webp,6,Face_6,,,,,,,,,,,,,,,,,,,,,,,,,,,,,,,,,,,,,,,,,,,,,,,,,,,,
face,,,,,,,,,,,,,,,,,,,,,,,,,,,,,,,outputs\movado\listing\20260311_193522\images\face-3640113-html\processed\3640113_7.webp,7,Face_7,,,,,,,,,,,,,,,,,,,,,,,,,,,,,,,,,,,,,,,,,,,,,,,,,,,,
face,,,,,,,,,,,,,,,,,,,,,,,,,,,,,,,outputs\movado\listing\20260311_193522\images\face-3640113-html\processed\3640113_8.webp,8,Face_8,,,,,,,,,,,,,,,,,,,,,,,,,,,,,,,,,,,,,,,,,,,,,,,,,,,,
face,,,,,,,,,,,,,,,,,,,,,,,,,,,,,,,outputs\movado\listing\20260311_193522\images\face-3640113-html\processed\3640113_9.webp,9,Face_9,,,,,,,,,,,,,,,,,,,,,,,,,,,,,,,,,,,,,,,,,,,,,,,,,,,,
face,,,,,,,,,,,,,,,,,,,,,,,,,,,,,,,outputs\movado\listing\20260311_193522\images\face-3640113-html\processed\3640113_10.webp,10,Face_10,,,,,,,,,,,,,,,,,,,,,,,,,,,,,,,,,,,,,,,,,,,,,,,,,,,,
face,,,,,,,,,,,,,,,,,,,,,,,,,,,,,,,outputs\movado\listing\20260311_193522\images\face-3640113-html\processed\3640113_11.webp,11,Face_11,,,,,,,,,,,,,,,,,,,,,,,,,,,,,,,,,,,,,,,,,,,,,,,,,,,,
face,,,,,,,,,,,,,,,,,,,,,,,,,,,,,,,outputs\movado\listing\20260311_193522\images\face-3640113-html\processed\3640113_12.webp,12,Face_12,,,,,,,,,,,,,,,,,,,,,,,,,,,,,,,,,,,,,,,,,,,,,,,,,,,,
face,,,,,,,,,,,,,,,,,,,,,,,,,,,,,,,outputs\movado\listing\20260311_193522\images\face-3640113-html\processed\3640113_13.webp,13,Face_13,,,,,,,,,,,,,,,,,,,,,,,,,,,,,,,,,,,,,,,,,,,,,,,,,,,,
face,,,,,,,,,,,,,,,,,,,,,,,,,,,,,,,outputs\movado\listing\20260311_193522\images\face-3640113-html\processed\3640113_14.webp,14,Face_14,,,,,,,,,,,,,,,,,,,,,,,,,,,,,,,,,,,,,,,,,,,,,,,,,,,,
face,,,,,,,,,,,,,,,,,,,,,,,,,,,,,,,outputs\movado\listing\20260311_193522\images\face-3640113-html\processed\3640113_15.webp,15,Face_15,,,,,,,,,,,,,,,,,,,,,,,,,,,,,,,,,,,,,,,,,,,,,,,,,,,,
