Handle,Title,Body (HTML),Vendor,Product Category,Type,Tags,Published,Option1 Name,Option1 Value,Option1 Linked To,Option2 Name,Option2 Value,Option2 Linked To,Option3 Name,Option3 Value,Option3 Linked To,Variant SKU,Variant Grams,Variant Inventory Tracker,Variant Inventory Policy,Variant Fulfillment Service,Variant Price,Variant Compare At Price,Variant Requires Shipping,Variant Taxable,Unit Price Total Measure,Unit Price Total Measure Unit,Unit Price Base Measure,Unit Price Base Measure Unit,Variant Barcode,Image Src,Image Position,Image Alt Text,Gift Card,SEO Title,SEO Description,Band Material (product.metafields.custom.band_material),Case Color (product.metafields.custom.case_color),Department (product.metafields.custom.department),Dial Color (product.metafields.custom.dial_color),Display (product.metafields.custom.display),Frame Color (product.metafields.custom.frame_color),Increased Price (product.metafields.custom.increased_price),Lug Width (product.metafields.custom.lug_width),Product Source URL (product.metafields.custom.product_source_url),Water Resistance (product.metafields.custom.water_resistance),Google: Custom Product (product.metafields.mm-google-shopping.custom_product),Product rating count (product.metafields.reviews.rating_count),Age group (product.metafields.shopify.age-group),Band color (product.metafields.shopify.band-color),Barware material (product.metafields.shopify.barware-material),Case color (product.metafields.shopify.case-color),Clothing accessory material (product.metafields.shopify.clothing-accessory-material),Color (product.metafields.shopify.color-pattern),Connectivity technology (product.metafields.shopify.connectivity-technology),Dial color (product.metafields.shopify.dial-color),Dispenser type (product.metafields.shopify.dispenser-type),Eyewear frame design (product.metafields.shopify.eyewear-frame-design),Eyewear frame material (product.metafields.shopify.eyewear-frame-material),Eyewear lens material (product.metafields.shopify.eyewear-lens-material),Fabric (product.metafields.shopify.fabric),Hardware material (product.metafields.shopify.hardware-material),Knife type (product.metafields.shopify.knife-type),Lens polarization (product.metafields.shopify.lens-polarization),Lens type (product.metafields.shopify.lens-type),Lock type (product.metafields.shopify.lock-type),Material (product.metafields.shopify.material),Occasion (product.metafields.shopify.occasion),Optical frame design (product.metafields.shopify.optical-frame-design),Season (product.metafields.shopify.season),Target gender (product.metafields.shopify.target-gender),Wallet features (product.metafields.shopify.wallet-features),Watch accessory style (product.metafields.shopify.watch-accessory-style),Watch display (product.metafields.shopify.watch-display),Watch features (product.metafields.shopify.watch-features),Watch material (product.metafields.shopify.watch-material),Complementary products (product.metafields.shopify--discovery--product_recommendation.complementary_products),Related products (product.metafields.shopify--discovery--product_recommendation.related_products),Related products settings (product.metafields.shopify--discovery--product_recommendation.related_products_display),Search product boosts (product.metafields.shopify--discovery--product_search_boost.queries),Variant Image,Variant Weight Unit,Variant Tax Code,Cost per item,Status
tissot-t-race-motogp-2026-45mm,Tissot T-Race MotoGP 2026 45mm,"To celebrate over two decades of partnership with MotoGP™, the iconic T-Race collection inspired by racing bikes, expands in 2026 with new references, including this exclusive T-Race Quartz Chronograph model. Like biking, Tissot is where passion meets innovation and style. Freedom, the open road, and dedication: the T-Race is a watch of choice for every gentleman biker. Tissot found inspiration in the spirit of the sport to produce watches that reflect the dynamic natures of bikes themselves and the emotion of the sport. With its brake disc and calliper on the bezel, the pushers inspired by handlebars, and engine cooling fins depicted on the side of case, this watch was imagined as a real homage to the discipline. Water resistant, with a Quartz chronograph movement and distinct hour and minute hands coated with SuperlumiNova, this watch will be the ideal companion racing bikes fans. Limited to 8 000 pieces, it is delivered in the signature helmet-shaped box.<br><br><table style=""width:100%; border-collapse:collapse;""><tr><td style=""font-weight:bold; border:1px solid #ddd; padding:8px;"">Brand</td><td style=""border:1px solid #ddd; padding:8px;"">Tissot</td></tr><tr><td style=""font-weight:bold; border:1px solid #ddd; padding:8px;"">Reference</td><td style=""border:1px solid #ddd; padding:8px;"">T1414173742200</td></tr><tr><td style=""font-weight:bold; border:1px solid #ddd; padding:8px;"">Case Material</td><td style=""border:1px solid #ddd; padding:8px;"">316L stainless steel case with black PVD coating</td></tr><tr><td style=""font-weight:bold; border:1px solid #ddd; padding:8px;"">Movement</td><td style=""border:1px solid #ddd; padding:8px;"">Swiss quartz</td></tr><tr><td style=""font-weight:bold; border:1px solid #ddd; padding:8px;"">Water Resistance</td><td style=""border:1px solid #ddd; padding:8px;"">Water-resistant up to a pressure of 10 bar (100 m / 330 ft)</td></tr><tr><td style=""font-weight:bold; border:1px solid #ddd; padding:8px;"">Weight (g)</td><td style=""border:1px solid #ddd; padding:8px;"">115.0</td></tr><tr><td style=""font-weight:bold; border:1px solid #ddd; padding:8px;"">Case Shape</td><td style=""border:1px solid #ddd; padding:8px;"">Round</td></tr><tr><td style=""font-weight:bold; border:1px solid #ddd; padding:8px;"">Case Diameter (mm)</td><td style=""border:1px solid #ddd; padding:8px;"">45.0</td></tr><tr><td style=""font-weight:bold; border:1px solid #ddd; padding:8px;"">Case Thickness (mm)</td><td style=""border:1px solid #ddd; padding:8px;"">11.76</td></tr><tr><td style=""font-weight:bold; border:1px solid #ddd; padding:8px;"">Lug Width (mm)</td><td style=""border:1px solid #ddd; padding:8px;"">13.95</td></tr><tr><td style=""font-weight:bold; border:1px solid #ddd; padding:8px;"">Crystal</td><td style=""border:1px solid #ddd; padding:8px;"">Scratch-resistant sapphire crystal with antireflective coating</td></tr><tr><td style=""font-weight:bold; border:1px solid #ddd; padding:8px;"">Caliber</td><td style=""border:1px solid #ddd; padding:8px;"">13 1/4'''</td></tr><tr><td style=""font-weight:bold; border:1px solid #ddd; padding:8px;"">Movement Diameter (mm)</td><td style=""border:1px solid #ddd; padding:8px;"">29,8</td></tr><tr><td style=""font-weight:bold; border:1px solid #ddd; padding:8px;"">Functions</td><td style=""border:1px solid #ddd; padding:8px;"">ADD and SPLIT functions, EOL (battery end-of-life indicator), 30-minutes and 1/10 of a second counters, Central 60-seconds chronograph hand</td></tr><tr><td style=""font-weight:bold; border:1px solid #ddd; padding:8px;"">Dial Color</td><td style=""border:1px solid #ddd; padding:8px;"">Red</td></tr><tr><td style=""font-weight:bold; border:1px solid #ddd; padding:8px;"">Strap Color</td><td style=""border:1px solid #ddd; padding:8px;"">Black</td></tr></table><br><br>
<div><strong>Easy Returns</strong></div>
<p>This item can be returned within 7 days.&nbsp;<a href=""https://theluxurydirect.com/pages/return-refund-policy"" rel=""noopener"" target=""_blank"">View our return policy</a><br><br></p>
<div><strong>USA Shipping</strong></div>
<p>All of our items ship from the United States.&nbsp;<a href=""https://theluxurydirect.com/pages/shipping-policy"" rel=""noopener"" target=""_blank"">Learn more</a></p>
<div><br></div>
<div><br></div>
",Tissot,Apparel & Accessories > Jewelry > Watches,Watches,"Watches, Wristwatches, SwiftCommerce_Tissot, Men's Watches",FALSE,Title,Default Title,,,,,,,,"T141.417.37.422.00 - Limited edition 8,000 pieces",90,shopify,deny,manual,775.00,,TRUE,TRUE,,,,,,https://www.tissotwatches.com/dw/image/v2/BKKD_PRD/on/demandware.static/-/Sites-Tissot-Catalogue/default/dw6360543b/product-pictures/6d2ce761-658d-4e31-b47c-48b50206759e_T141-417-37-422-00_PROFIL.png,1,Tissot T-Race MotoGP 2026 45mm_1,FALSE,,,,316L stainless steel case with black PVD coating,Men,Red,,,,,https://www.tissotwatches.com/en-us/T1414173742200.html,Water-resistant up to a pressure of 10 bar (100 m / 330 ft),,,adults,,,,,,,,,,,,,,,,,,,,,,male,,,,,,,,,,,g,,,draft
tissot-t-race-motogp-2026-45mm,,,,,,,,,,,,,,,,,,,,,,,,,,,,,,,https://www.tissotwatches.com/dw/image/v2/BKKD_PRD/on/demandware.static/-/Sites-Tissot-Catalogue/default/dw7a4c1bb9/product-pictures/fa5565d0-d4fb-4234-b87e-d8523eb6bb0b_T141-417-37-422-00_B1.png,2,Tissot T-Race MotoGP 2026 45mm_2,,,,,,,,,,,,,,,,,,,,,,,,,,,,,,,,,,,,,,,,,,,,,,,,,,,,
tissot-t-race-motogp-2026-45mm,,,,,,,,,,,,,,,,,,,,,,,,,,,,,,,https://www.tissotwatches.com/dw/image/v2/BKKD_PRD/on/demandware.static/-/Sites-Tissot-Catalogue/default/dwc0725aa4/product-pictures/aad6a42d-e73f-4b7c-9163-37c561f24121_T603-048-545_ZOOM.png,3,Tissot T-Race MotoGP 2026 45mm_3,,,,,,,,,,,,,,,,,,,,,,,,,,,,,,,,,,,,,,,,,,,,,,,,,,,,
tissot-t-race-motogp-2026-45mm,,,,,,,,,,,,,,,,,,,,,,,,,,,,,,,https://www.tissotwatches.com/dw/image/v2/BKKD_PRD/on/demandware.static/-/Sites-Tissot-Catalogue/default/dw865210d3/product-pictures/8257a47e-a045-4cbd-b17a-0caaf721ad52_T141-417-37-422-00_WRIST.png,4,Tissot T-Race MotoGP 2026 45mm_4,,,,,,,,,,,,,,,,,,,,,,,,,,,,,,,,,,,,,,,,,,,,,,,,,,,,
tissot-t-race-motogp-2026-45mm,,,,,,,,,,,,,,,,,,,,,,,,,,,,,,,https://www.tissotwatches.com/dw/image/v2/BKKD_PRD/on/demandware.static/-/Sites-Tissot-Catalogue/default/dw6fe10220/product-pictures/0050dc37-03bb-42db-9f66-51e60dd0692e_T141-417-37-422-00_DETAIL-1.png,5,Tissot T-Race MotoGP 2026 45mm_5,,,,,,,,,,,,,,,,,,,,,,,,,,,,,,,,,,,,,,,,,,,,,,,,,,,,
tissot-t-race-motogp-2026-45mm,,,,,,,,,,,,,,,,,,,,,,,,,,,,,,,https://www.tissotwatches.com/dw/image/v2/BKKD_PRD/on/demandware.static/-/Sites-Tissot-Catalogue/default/dw41d586d0/product-pictures/a9ede4b3-9520-4c52-8cb6-2ea0ebbcedcc_T141-417-37-422-00-DETAIL-2.png,6,Tissot T-Race MotoGP 2026 45mm_6,,,,,,,,,,,,,,,,,,,,,,,,,,,,,,,,,,,,,,,,,,,,,,,,,,,,
tissot-t-race-motogp-2026-45mm,,,,,,,,,,,,,,,,,,,,,,,,,,,,,,,https://www.tissotwatches.com/dw/image/v2/BKKD_PRD/on/demandware.static/-/Sites-Tissot-Catalogue/default/dwe7551725/product-pictures/309136c9-ee19-4f16-ba2f-6c112c3a8790_T141-417-37-422-00_SLEEVED-BOX.png,7,Tissot T-Race MotoGP 2026 45mm_7,,,,,,,,,,,,,,,,,,,,,,,,,,,,,,,,,,,,,,,,,,,,,,,,,,,,
tissot-t-race-motogp-2026-45mm,,,,,,,,,,,,,,,,,,,,,,,,,,,,,,,https://www.tissotwatches.com/dw/image/v2/BKKD_PRD/on/demandware.static/-/Sites-Tissot-Catalogue/default/dw67af3855/product-pictures/94179dca-14fb-47c3-86a8-195b9059078f_T141-417-37-422-00-OPENED-BOX.png,8,Tissot T-Race MotoGP 2026 45mm_8,,,,,,,,,,,,,,,,,,,,,,,,,,,,,,,,,,,,,,,,,,,,,,,,,,,,
tissot-t-race-motogp-2026-45mm,,,,,,,,,,,,,,,,,,,,,,,,,,,,,,,https://www.tissotwatches.com/dw/image/v2/BKKD_PRD/on/demandware.static/-/Sites-Tissot-Catalogue/default/dwd4bba163/product-pictures/493287fc-5281-428f-8afd-a0e165648be3_T141-417-37-422-00_CLOSED-BOX.png,9,Tissot T-Race MotoGP 2026 45mm_9,,,,,,,,,,,,,,,,,,,,,,,,,,,,,,,,,,,,,,,,,,,,,,,,,,,,
tissot-chrono-l-42mm,Tissot Chrono L 42mm,"The Tissot Chrono L joins the Tissot XL family in 42mm ! Inspired by the Chrono XL, this new watch is great for those looking for a sporty and elegant chronograph, with Swiss technology and modern style. The G10.212 chrono quartz movement provides precision and robustness.  In addition, the watch is waterproof up to a pressure of 10 bar (100 meters/330 feet), and offers a visibility in low-light conditions guaranteed by the Super-LumiNova® coating on the needle-shaped hands. Straps and bracelets can be interchanged using Tissot’s easy-to-use quick strap change system, giving the owner the opportunity to choose from a wide range of compatible Tissot straps and personalise their watch to suit mood or occasion. Discover this 42mm chronograph watch with its black dial and contrasting yellow hands and dial indexes, completed by a leather strap and contrasting topstitching.<br><br><table style=""width:100%; border-collapse:collapse;""><tr><td style=""font-weight:bold; border:1px solid #ddd; padding:8px;"">Brand</td><td style=""border:1px solid #ddd; padding:8px;"">Tissot</td></tr><tr><td style=""font-weight:bold; border:1px solid #ddd; padding:8px;"">Reference</td><td style=""border:1px solid #ddd; padding:8px;"">T1164171605201</td></tr><tr><td style=""font-weight:bold; border:1px solid #ddd; padding:8px;"">Case Material</td><td style=""border:1px solid #ddd; padding:8px;"">316L stainless steel case</td></tr><tr><td style=""font-weight:bold; border:1px solid #ddd; padding:8px;"">Movement</td><td style=""border:1px solid #ddd; padding:8px;"">Swiss quartz</td></tr><tr><td style=""font-weight:bold; border:1px solid #ddd; padding:8px;"">Water Resistance</td><td style=""border:1px solid #ddd; padding:8px;"">Water-resistant up to a pressure of 10 bar (100 m / 330 ft)</td></tr><tr><td style=""font-weight:bold; border:1px solid #ddd; padding:8px;"">Weight (g)</td><td style=""border:1px solid #ddd; padding:8px;"">74.0</td></tr><tr><td style=""font-weight:bold; border:1px solid #ddd; padding:8px;"">Case Shape</td><td style=""border:1px solid #ddd; padding:8px;"">Round</td></tr><tr><td style=""font-weight:bold; border:1px solid #ddd; padding:8px;"">Case Diameter (mm)</td><td style=""border:1px solid #ddd; padding:8px;"">42.0</td></tr><tr><td style=""font-weight:bold; border:1px solid #ddd; padding:8px;"">Case Thickness (mm)</td><td style=""border:1px solid #ddd; padding:8px;"">10.97</td></tr><tr><td style=""font-weight:bold; border:1px solid #ddd; padding:8px;"">Lug Width (mm)</td><td style=""border:1px solid #ddd; padding:8px;"">22.00</td></tr><tr><td style=""font-weight:bold; border:1px solid #ddd; padding:8px;"">Crystal</td><td style=""border:1px solid #ddd; padding:8px;"">Scratch-resistant sapphire crystal with antireflective coating</td></tr><tr><td style=""font-weight:bold; border:1px solid #ddd; padding:8px;"">Caliber</td><td style=""border:1px solid #ddd; padding:8px;"">13 1/4'''</td></tr><tr><td style=""font-weight:bold; border:1px solid #ddd; padding:8px;"">Movement Diameter (mm)</td><td style=""border:1px solid #ddd; padding:8px;"">29,8</td></tr><tr><td style=""font-weight:bold; border:1px solid #ddd; padding:8px;"">Functions</td><td style=""border:1px solid #ddd; padding:8px;"">EOL (battery end-of-life indicator), 30-minutes and 1/10 of a second counters, Central 60-seconds chronograph hand, ADD and SPLIT functions</td></tr><tr><td style=""font-weight:bold; border:1px solid #ddd; padding:8px;"">Dial Color</td><td style=""border:1px solid #ddd; padding:8px;"">Black</td></tr><tr><td style=""font-weight:bold; border:1px solid #ddd; padding:8px;"">Strap Color</td><td style=""border:1px solid #ddd; padding:8px;"">Beige</td></tr></table><br><br>
<div><strong>Easy Returns</strong></div>
<p>This item can be returned within 7 days.&nbsp;<a href=""https://theluxurydirect.com/pages/return-refund-policy"" rel=""noopener"" target=""_blank"">View our return policy</a><br><br></p>
<div><strong>USA Shipping</strong></div>
<p>All of our items ship from the United States.&nbsp;<a href=""https://theluxurydirect.com/pages/shipping-policy"" rel=""noopener"" target=""_blank"">Learn more</a></p>
<div><br></div>
<div><br></div>
",Tissot,Apparel & Accessories > Jewelry > Watches,Watches,"Watches, Wristwatches, SwiftCommerce_Tissot, Men's Watches",FALSE,Title,Default Title,,,,,,,,T116.417.16.052.01,90,shopify,deny,manual,425.00,,TRUE,TRUE,,,,,,https://www.tissotwatches.com/dw/image/v2/BKKD_PRD/on/demandware.static/-/Sites-Tissot-Catalogue/default/dwcf5eb2f4/product-pictures/dba579c8-50c4-4229-8678-9db2587d0250_T116-417-16-052-01_PROFIL.png,1,Tissot Chrono L 42mm_1,FALSE,,,,316L stainless steel case,Men,Black,,,,,https://www.tissotwatches.com/en-us/T1164171605201.html,Water-resistant up to a pressure of 10 bar (100 m / 330 ft),,,adults,,,,,,,,,,,,,,,,,,,,,,male,,,,,,,,,,,g,,,draft
tissot-chrono-l-42mm,,,,,,,,,,,,,,,,,,,,,,,,,,,,,,,https://www.tissotwatches.com/dw/image/v2/BKKD_PRD/on/demandware.static/-/Sites-Tissot-Catalogue/default/dwec06426d/product-pictures/5edf3a83-96f3-4b71-a92f-3f85e21b30e6_T116-417-16-052-01_B1.png,2,Tissot Chrono L 42mm_2,,,,,,,,,,,,,,,,,,,,,,,,,,,,,,,,,,,,,,,,,,,,,,,,,,,,
tissot-chrono-l-42mm,,,,,,,,,,,,,,,,,,,,,,,,,,,,,,,https://www.tissotwatches.com/dw/image/v2/BKKD_PRD/on/demandware.static/-/Sites-Tissot-Catalogue/default/dwe8c1ba23/product-pictures/629771bc-967f-4f52-b7fd-f8ddd93fb4a0_T600-052-172_ZOOM.png,3,Tissot Chrono L 42mm_3,,,,,,,,,,,,,,,,,,,,,,,,,,,,,,,,,,,,,,,,,,,,,,,,,,,,
tissot-chrono-l-42mm,,,,,,,,,,,,,,,,,,,,,,,,,,,,,,,https://www.tissotwatches.com/dw/image/v2/BKKD_PRD/on/demandware.static/-/Sites-Tissot-Catalogue/default/dwab8d5267/product-pictures/cab46dda-9f44-4fa5-bace-a19d5b7cacc0_T116-417-16-052-01_WRIST.png,4,Tissot Chrono L 42mm_4,,,,,,,,,,,,,,,,,,,,,,,,,,,,,,,,,,,,,,,,,,,,,,,,,,,,
tissot-chrono-l-42mm,Tissot Chrono L 42mm,"The Tissot Chrono L joins the Tissot XL family in 42mm ! Inspired by the Chrono XL, this new watch is great for those looking for a sporty and elegant chronograph, with Swiss technology and modern style. The G10.212 chrono quartz movement provides precision and robustness.  In addition, the watch is waterproof up to a pressure of 10 bar (100 meters/330 feet), and offers a visibility in low-light conditions guaranteed by the Super-LumiNova® coating on the needle-shaped hands. Straps and bracelets can be interchanged using Tissot’s easy-to-use quick strap change system, giving the owner the opportunity to choose from a wide range of compatible Tissot straps and personalise their watch to suit mood or occasion. Discover this 42mm chronograph watch with its blue dial and very chic textured leather strap.<br><br><table style=""width:100%; border-collapse:collapse;""><tr><td style=""font-weight:bold; border:1px solid #ddd; padding:8px;"">Brand</td><td style=""border:1px solid #ddd; padding:8px;"">Tissot</td></tr><tr><td style=""font-weight:bold; border:1px solid #ddd; padding:8px;"">Reference</td><td style=""border:1px solid #ddd; padding:8px;"">T1164171604200</td></tr><tr><td style=""font-weight:bold; border:1px solid #ddd; padding:8px;"">Case Material</td><td style=""border:1px solid #ddd; padding:8px;"">316L stainless steel case</td></tr><tr><td style=""font-weight:bold; border:1px solid #ddd; padding:8px;"">Movement</td><td style=""border:1px solid #ddd; padding:8px;"">Swiss quartz</td></tr><tr><td style=""font-weight:bold; border:1px solid #ddd; padding:8px;"">Water Resistance</td><td style=""border:1px solid #ddd; padding:8px;"">Water-resistant up to a pressure of 10 bar (100 m / 330 ft)</td></tr><tr><td style=""font-weight:bold; border:1px solid #ddd; padding:8px;"">Weight (g)</td><td style=""border:1px solid #ddd; padding:8px;"">72.0</td></tr><tr><td style=""font-weight:bold; border:1px solid #ddd; padding:8px;"">Case Shape</td><td style=""border:1px solid #ddd; padding:8px;"">Round</td></tr><tr><td style=""font-weight:bold; border:1px solid #ddd; padding:8px;"">Case Diameter (mm)</td><td style=""border:1px solid #ddd; padding:8px;"">42.0</td></tr><tr><td style=""font-weight:bold; border:1px solid #ddd; padding:8px;"">Case Thickness (mm)</td><td style=""border:1px solid #ddd; padding:8px;"">10.97</td></tr><tr><td style=""font-weight:bold; border:1px solid #ddd; padding:8px;"">Lug Width (mm)</td><td style=""border:1px solid #ddd; padding:8px;"">22.00</td></tr><tr><td style=""font-weight:bold; border:1px solid #ddd; padding:8px;"">Crystal</td><td style=""border:1px solid #ddd; padding:8px;"">Scratch-resistant sapphire crystal with antireflective coating</td></tr><tr><td style=""font-weight:bold; border:1px solid #ddd; padding:8px;"">Caliber</td><td style=""border:1px solid #ddd; padding:8px;"">13 1/4'''</td></tr><tr><td style=""font-weight:bold; border:1px solid #ddd; padding:8px;"">Movement Diameter (mm)</td><td style=""border:1px solid #ddd; padding:8px;"">29,8</td></tr><tr><td style=""font-weight:bold; border:1px solid #ddd; padding:8px;"">Functions</td><td style=""border:1px solid #ddd; padding:8px;"">EOL (battery end-of-life indicator), 30-minutes and 1/10 of a second counters, Central 60-seconds chronograph hand, ADD and SPLIT functions</td></tr><tr><td style=""font-weight:bold; border:1px solid #ddd; padding:8px;"">Dial Color</td><td style=""border:1px solid #ddd; padding:8px;"">Blue</td></tr><tr><td style=""font-weight:bold; border:1px solid #ddd; padding:8px;"">Strap Color</td><td style=""border:1px solid #ddd; padding:8px;"">Brown</td></tr></table><br><br>
<div><strong>Easy Returns</strong></div>
<p>This item can be returned within 7 days.&nbsp;<a href=""https://theluxurydirect.com/pages/return-refund-policy"" rel=""noopener"" target=""_blank"">View our return policy</a><br><br></p>
<div><strong>USA Shipping</strong></div>
<p>All of our items ship from the United States.&nbsp;<a href=""https://theluxurydirect.com/pages/shipping-policy"" rel=""noopener"" target=""_blank"">Learn more</a></p>
<div><br></div>
<div><br></div>
",Tissot,Apparel & Accessories > Jewelry > Watches,Watches,"Watches, Wristwatches, SwiftCommerce_Tissot, Men's Watches",FALSE,Title,Default Title,,,,,,,,T116.417.16.042.00,90,shopify,deny,manual,425.00,,TRUE,TRUE,,,,,,https://www.tissotwatches.com/dw/image/v2/BKKD_PRD/on/demandware.static/-/Sites-Tissot-Catalogue/default/dw168c240a/product-pictures/7f2b3354-0408-4482-8564-68c898a29714_T116-417-16-042-00_PROFIL.png,1,Tissot Chrono L 42mm_1,FALSE,,,,316L stainless steel case,Men,Blue,,,,,https://www.tissotwatches.com/en-us/T1164171604200.html,Water-resistant up to a pressure of 10 bar (100 m / 330 ft),,,adults,,,,,,,,,,,,,,,,,,,,,,male,,,,,,,,,,,g,,,draft
tissot-chrono-l-42mm,,,,,,,,,,,,,,,,,,,,,,,,,,,,,,,https://www.tissotwatches.com/dw/image/v2/BKKD_PRD/on/demandware.static/-/Sites-Tissot-Catalogue/default/dw139c44ef/product-pictures/c72643de-2e9c-488d-bfb5-0414405c3c9a_T116-417-16-042-00_B1.png,2,Tissot Chrono L 42mm_2,,,,,,,,,,,,,,,,,,,,,,,,,,,,,,,,,,,,,,,,,,,,,,,,,,,,
tissot-chrono-l-42mm,,,,,,,,,,,,,,,,,,,,,,,,,,,,,,,https://www.tissotwatches.com/dw/image/v2/BKKD_PRD/on/demandware.static/-/Sites-Tissot-Catalogue/default/dw575d8c35/product-pictures/ddd647e8-deb5-47dc-acf1-dd60cbf574a6_T600-052-170_ZOOM.png,3,Tissot Chrono L 42mm_3,,,,,,,,,,,,,,,,,,,,,,,,,,,,,,,,,,,,,,,,,,,,,,,,,,,,
tissot-chrono-l-42mm,,,,,,,,,,,,,,,,,,,,,,,,,,,,,,,https://www.tissotwatches.com/dw/image/v2/BKKD_PRD/on/demandware.static/-/Sites-Tissot-Catalogue/default/dw3fccb4e6/product-pictures/38605dff-8ed3-4a26-950a-8e8065b25115_T116-417-16-042-00_WRIST.png,4,Tissot Chrono L 42mm_4,,,,,,,,,,,,,,,,,,,,,,,,,,,,,,,,,,,,,,,,,,,,,,,,,,,,
tissot-t-race-motogp-2026-45mm,Tissot T-Race MotoGP 2026 45mm,"To celebrate over two decades of partnership with MotoGP™, the iconic T-Race collection inspired by racing bikes, expands in 2026 with new references, including this exclusive Automatic Valjoux Chronograph skeleton model.
This automatic version features a well-known Valjoux A05 movement with a power reserve of 68 hours - a true reflection of the mechanical innovation that defines MotoGP, where each component is meticulously designed and optimised with the sole purpose of achieving maximum performance. The watch’s design is complemented by a brake-disc bezel, see-through dial, and a rubber strap inspired by motorcycle engine parts. 
Limited to 2 026 pieces, it is delivered in the signature helmet-shaped box.<br><br><table style=""width:100%; border-collapse:collapse;""><tr><td style=""font-weight:bold; border:1px solid #ddd; padding:8px;"">Brand</td><td style=""border:1px solid #ddd; padding:8px;"">Tissot</td></tr><tr><td style=""font-weight:bold; border:1px solid #ddd; padding:8px;"">Reference</td><td style=""border:1px solid #ddd; padding:8px;"">T1414622705100</td></tr><tr><td style=""font-weight:bold; border:1px solid #ddd; padding:8px;"">Case Material</td><td style=""border:1px solid #ddd; padding:8px;"">316L stainless steel case with black PVD coating</td></tr><tr><td style=""font-weight:bold; border:1px solid #ddd; padding:8px;"">Movement</td><td style=""border:1px solid #ddd; padding:8px;"">Swiss Tissot automatic chronograph</td></tr><tr><td style=""font-weight:bold; border:1px solid #ddd; padding:8px;"">Water Resistance</td><td style=""border:1px solid #ddd; padding:8px;"">Water-resistant up to a pressure of 10 bar (100 m / 330 ft)</td></tr><tr><td style=""font-weight:bold; border:1px solid #ddd; padding:8px;"">Weight (g)</td><td style=""border:1px solid #ddd; padding:8px;"">135.0</td></tr><tr><td style=""font-weight:bold; border:1px solid #ddd; padding:8px;"">Case Shape</td><td style=""border:1px solid #ddd; padding:8px;"">Round</td></tr><tr><td style=""font-weight:bold; border:1px solid #ddd; padding:8px;"">Case Diameter (mm)</td><td style=""border:1px solid #ddd; padding:8px;"">45.0</td></tr><tr><td style=""font-weight:bold; border:1px solid #ddd; padding:8px;"">Case Thickness (mm)</td><td style=""border:1px solid #ddd; padding:8px;"">14.79</td></tr><tr><td style=""font-weight:bold; border:1px solid #ddd; padding:8px;"">Lug Width (mm)</td><td style=""border:1px solid #ddd; padding:8px;"">13.95</td></tr><tr><td style=""font-weight:bold; border:1px solid #ddd; padding:8px;"">Crystal</td><td style=""border:1px solid #ddd; padding:8px;"">Scratch-resistant sapphire crystal with antireflective coating</td></tr><tr><td style=""font-weight:bold; border:1px solid #ddd; padding:8px;"">Caliber</td><td style=""border:1px solid #ddd; padding:8px;"">13 1/4'''</td></tr><tr><td style=""font-weight:bold; border:1px solid #ddd; padding:8px;"">Movement Diameter (mm)</td><td style=""border:1px solid #ddd; padding:8px;"">30</td></tr><tr><td style=""font-weight:bold; border:1px solid #ddd; padding:8px;"">Functions</td><td style=""border:1px solid #ddd; padding:8px;"">12 hours, central 60-seconds chronograph handPatented Nivachron balance spring, 30 minutes and 60 seconds counters</td></tr><tr><td style=""font-weight:bold; border:1px solid #ddd; padding:8px;"">Dial Color</td><td style=""border:1px solid #ddd; padding:8px;"">Transparent</td></tr><tr><td style=""font-weight:bold; border:1px solid #ddd; padding:8px;"">Strap Color</td><td style=""border:1px solid #ddd; padding:8px;"">Red</td></tr></table><br><br>
<div><strong>Easy Returns</strong></div>
<p>This item can be returned within 7 days.&nbsp;<a href=""https://theluxurydirect.com/pages/return-refund-policy"" rel=""noopener"" target=""_blank"">View our return policy</a><br><br></p>
<div><strong>USA Shipping</strong></div>
<p>All of our items ship from the United States.&nbsp;<a href=""https://theluxurydirect.com/pages/shipping-policy"" rel=""noopener"" target=""_blank"">Learn more</a></p>
<div><br></div>
<div><br></div>
",Tissot,Apparel & Accessories > Jewelry > Watches,Watches,"Watches, Wristwatches, SwiftCommerce_Tissot, Men's Watches",FALSE,Title,Default Title,,,,,,,,"T141.462.27.051.00 - Limited edition 2,026 pieces",90,shopify,deny,manual,2.375.00,,TRUE,TRUE,,,,,,https://www.tissotwatches.com/dw/image/v2/BKKD_PRD/on/demandware.static/-/Sites-Tissot-Catalogue/default/dw65fde8ad/product-pictures/b378695e-e092-402d-8b00-14b4bb1d70c4_T141-462-27-051-00_PROFIL.png,1,Tissot T-Race MotoGP 2026 45mm_1,FALSE,,,,316L stainless steel case with black PVD coating,Men,Transparent,,,,,https://www.tissotwatches.com/en-us/T1414622705100.html,Water-resistant up to a pressure of 10 bar (100 m / 330 ft),,,adults,,,,,,,,,,,,,,,,,,,,,,male,,,,,,,,,,,g,,,draft
tissot-t-race-motogp-2026-45mm,,,,,,,,,,,,,,,,,,,,,,,,,,,,,,,https://www.tissotwatches.com/dw/image/v2/BKKD_PRD/on/demandware.static/-/Sites-Tissot-Catalogue/default/dwc35f04b7/product-pictures/e1d448c9-8d08-43db-9bcc-9534f073dd90_T141-462-27-051-00_B1.png,2,Tissot T-Race MotoGP 2026 45mm_2,,,,,,,,,,,,,,,,,,,,,,,,,,,,,,,,,,,,,,,,,,,,,,,,,,,,
tissot-t-race-motogp-2026-45mm,,,,,,,,,,,,,,,,,,,,,,,,,,,,,,,https://www.tissotwatches.com/dw/image/v2/BKKD_PRD/on/demandware.static/-/Sites-Tissot-Catalogue/default/dw2eb9c983/product-pictures/fcd113ec-bcef-4ff1-b5b7-6ce80e5ee97a_T603-051-885_ZOOM.png,3,Tissot T-Race MotoGP 2026 45mm_3,,,,,,,,,,,,,,,,,,,,,,,,,,,,,,,,,,,,,,,,,,,,,,,,,,,,
tissot-t-race-motogp-2026-45mm,,,,,,,,,,,,,,,,,,,,,,,,,,,,,,,https://www.tissotwatches.com/dw/image/v2/BKKD_PRD/on/demandware.static/-/Sites-Tissot-Catalogue/default/dw48b777b0/product-pictures/158367e9-0b37-41d3-b5d7-baf8e0ef058b_T141-462-27-051-00_WRIST.png,4,Tissot T-Race MotoGP 2026 45mm_4,,,,,,,,,,,,,,,,,,,,,,,,,,,,,,,,,,,,,,,,,,,,,,,,,,,,
tissot-t-race-motogp-2026-45mm,,,,,,,,,,,,,,,,,,,,,,,,,,,,,,,https://www.tissotwatches.com/dw/image/v2/BKKD_PRD/on/demandware.static/-/Sites-Tissot-Catalogue/default/dwfe3d45ce/product-pictures/f7c788d5-64fd-41d8-8ba3-edca55624c18_T141-462-27-051-00_DETAIL-1.png,5,Tissot T-Race MotoGP 2026 45mm_5,,,,,,,,,,,,,,,,,,,,,,,,,,,,,,,,,,,,,,,,,,,,,,,,,,,,
tissot-t-race-motogp-2026-45mm,,,,,,,,,,,,,,,,,,,,,,,,,,,,,,,https://www.tissotwatches.com/dw/image/v2/BKKD_PRD/on/demandware.static/-/Sites-Tissot-Catalogue/default/dwa16b1193/product-pictures/ac9c090a-b0c6-4a91-9624-46a71444cb3c_T141-462-27-051-00_DETAIL-2.png,6,Tissot T-Race MotoGP 2026 45mm_6,,,,,,,,,,,,,,,,,,,,,,,,,,,,,,,,,,,,,,,,,,,,,,,,,,,,
tissot-t-race-motogp-2026-45mm,,,,,,,,,,,,,,,,,,,,,,,,,,,,,,,https://www.tissotwatches.com/dw/image/v2/BKKD_PRD/on/demandware.static/-/Sites-Tissot-Catalogue/default/dwe988504a/product-pictures/87381de1-b18c-4ba7-9c1a-24586b0788eb_T141-462-27-051-00_SLEEVED-BOX.png,7,Tissot T-Race MotoGP 2026 45mm_7,,,,,,,,,,,,,,,,,,,,,,,,,,,,,,,,,,,,,,,,,,,,,,,,,,,,
tissot-t-race-motogp-2026-45mm,,,,,,,,,,,,,,,,,,,,,,,,,,,,,,,https://www.tissotwatches.com/dw/image/v2/BKKD_PRD/on/demandware.static/-/Sites-Tissot-Catalogue/default/dw616a0d98/product-pictures/a0f82963-4ee0-484c-b672-2d36ec6a2126_T141-462-27-051-00_OPENED-BOX.png,8,Tissot T-Race MotoGP 2026 45mm_8,,,,,,,,,,,,,,,,,,,,,,,,,,,,,,,,,,,,,,,,,,,,,,,,,,,,
tissot-t-race-motogp-2026-45mm,,,,,,,,,,,,,,,,,,,,,,,,,,,,,,,https://www.tissotwatches.com/dw/image/v2/BKKD_PRD/on/demandware.static/-/Sites-Tissot-Catalogue/default/dw3269e43a/product-pictures/dc3cca7b-7f3d-45cc-b92e-e2db784ef279_T141-462-27-051-00_CLOSED-BOX.png,9,Tissot T-Race MotoGP 2026 45mm_9,,,,,,,,,,,,,,,,,,,,,,,,,,,,,,,,,,,,,,,,,,,,,,,,,,,,
tissot-pr-100-40mm,Tissot PR 100 40mm,"Since its birth in the early 1980s, the best-selling Tissot PR 100 has remained true to its name: precise (“P""), robust(""R""), and water-resistant to a pressure of 10 bar (100 m). Made from high-quality 316L stainless steel, with excellent corrosion resistance and durability, the collection's aesthetics are preserved over the years. What's more, the tapered crown adds a touch of luxury to this timepiece. This Tissot PR 100 model features a 316L stainless steel case and a Swiss Made quartz movement.<br><br><table style=""width:100%; border-collapse:collapse;""><tr><td style=""font-weight:bold; border:1px solid #ddd; padding:8px;"">Brand</td><td style=""border:1px solid #ddd; padding:8px;"">Tissot</td></tr><tr><td style=""font-weight:bold; border:1px solid #ddd; padding:8px;"">Reference</td><td style=""border:1px solid #ddd; padding:8px;"">T1504101601100</td></tr><tr><td style=""font-weight:bold; border:1px solid #ddd; padding:8px;"">Case Material</td><td style=""border:1px solid #ddd; padding:8px;"">316L stainless steel case</td></tr><tr><td style=""font-weight:bold; border:1px solid #ddd; padding:8px;"">Movement</td><td style=""border:1px solid #ddd; padding:8px;"">Swiss quartz</td></tr><tr><td style=""font-weight:bold; border:1px solid #ddd; padding:8px;"">Water Resistance</td><td style=""border:1px solid #ddd; padding:8px;"">Water-resistant up to a pressure of 10 bar (100 m / 330 ft)</td></tr><tr><td style=""font-weight:bold; border:1px solid #ddd; padding:8px;"">Weight (g)</td><td style=""border:1px solid #ddd; padding:8px;"">57.0</td></tr><tr><td style=""font-weight:bold; border:1px solid #ddd; padding:8px;"">Case Shape</td><td style=""border:1px solid #ddd; padding:8px;"">Round</td></tr><tr><td style=""font-weight:bold; border:1px solid #ddd; padding:8px;"">Case Diameter (mm)</td><td style=""border:1px solid #ddd; padding:8px;"">40.0</td></tr><tr><td style=""font-weight:bold; border:1px solid #ddd; padding:8px;"">Case Thickness (mm)</td><td style=""border:1px solid #ddd; padding:8px;"">8.25</td></tr><tr><td style=""font-weight:bold; border:1px solid #ddd; padding:8px;"">Lug Width (mm)</td><td style=""border:1px solid #ddd; padding:8px;"">20.00</td></tr><tr><td style=""font-weight:bold; border:1px solid #ddd; padding:8px;"">Crystal</td><td style=""border:1px solid #ddd; padding:8px;"">Scratch-resistant sapphire crystal</td></tr><tr><td style=""font-weight:bold; border:1px solid #ddd; padding:8px;"">Caliber</td><td style=""border:1px solid #ddd; padding:8px;"">11 1/2'''</td></tr><tr><td style=""font-weight:bold; border:1px solid #ddd; padding:8px;"">Movement Diameter (mm)</td><td style=""border:1px solid #ddd; padding:8px;"">25,6</td></tr><tr><td style=""font-weight:bold; border:1px solid #ddd; padding:8px;"">Functions</td><td style=""border:1px solid #ddd; padding:8px;"">EOL (battery end-of-life indicator)</td></tr><tr><td style=""font-weight:bold; border:1px solid #ddd; padding:8px;"">Dial Color</td><td style=""border:1px solid #ddd; padding:8px;"">White</td></tr><tr><td style=""font-weight:bold; border:1px solid #ddd; padding:8px;"">Strap Color</td><td style=""border:1px solid #ddd; padding:8px;"">Black</td></tr></table><br><br>
<div><strong>Easy Returns</strong></div>
<p>This item can be returned within 7 days.&nbsp;<a href=""https://theluxurydirect.com/pages/return-refund-policy"" rel=""noopener"" target=""_blank"">View our return policy</a><br><br></p>
<div><strong>USA Shipping</strong></div>
<p>All of our items ship from the United States.&nbsp;<a href=""https://theluxurydirect.com/pages/shipping-policy"" rel=""noopener"" target=""_blank"">Learn more</a></p>
<div><br></div>
<div><br></div>
",Tissot,Apparel & Accessories > Jewelry > Watches,Watches,"Watches, Wristwatches, SwiftCommerce_Tissot, Men's Watches",FALSE,Title,Default Title,,,,,,,,T150.410.16.011.00,90,shopify,deny,manual,325.00,,TRUE,TRUE,,,,,,https://www.tissotwatches.com/dw/image/v2/BKKD_PRD/on/demandware.static/-/Sites-Tissot-Catalogue/default/dwaf8818df/product-pictures/79499a8e-cc96-4d34-bb7c-08907638f12b_T150-410-16-011-00_PROFIL.png,1,Tissot PR 100 40mm_1,FALSE,,,,316L stainless steel case,Men,White,,,,,https://www.tissotwatches.com/en-us/T1504101601100.html,Water-resistant up to a pressure of 10 bar (100 m / 330 ft),,,adults,,,,,,,,,,,,,,,,,,,,,,male,,,,,,,,,,,g,,,draft
tissot-pr-100-40mm,,,,,,,,,,,,,,,,,,,,,,,,,,,,,,,https://www.tissotwatches.com/dw/image/v2/BKKD_PRD/on/demandware.static/-/Sites-Tissot-Catalogue/default/dwf24032f4/product-pictures/87f0192a-3276-466f-8238-1862aad8195f_T150-410-16-011-00_B1.png,2,Tissot PR 100 40mm_2,,,,,,,,,,,,,,,,,,,,,,,,,,,,,,,,,,,,,,,,,,,,,,,,,,,,
tissot-pr-100-40mm,,,,,,,,,,,,,,,,,,,,,,,,,,,,,,,https://www.tissotwatches.com/dw/image/v2/BKKD_PRD/on/demandware.static/-/Sites-Tissot-Catalogue/default/dwa4d2f208/product-pictures/e2764e22-b51c-42a5-bbf8-478e5ad8321e_T600-049-252_ZOOM.png,3,Tissot PR 100 40mm_3,,,,,,,,,,,,,,,,,,,,,,,,,,,,,,,,,,,,,,,,,,,,,,,,,,,,
tissot-pr-100-40mm,,,,,,,,,,,,,,,,,,,,,,,,,,,,,,,https://www.tissotwatches.com/dw/image/v2/BKKD_PRD/on/demandware.static/-/Sites-Tissot-Catalogue/default/dw2d769ed4/product-pictures/079a23a0-545d-43a8-8125-2d44bacb59ce_T150-410-16-011-00_WRIST.png,4,Tissot PR 100 40mm_4,,,,,,,,,,,,,,,,,,,,,,,,,,,,,,,,,,,,,,,,,,,,,,,,,,,,
tissot-ballade-39mm,Tissot Ballade 39mm,"The Ballade COSC is an evolution of a model with deep roots in the Tissot collection. It was reintroduced in 2024 and is now elevated with chronometer-certified performance. At its core is the Powermatic 80 movement, officially recognized for its accuracy and reliability. Its fluted bezel defines the watch’s identity, with finely cut ridges that add depth and character to the case. The Ballade COSC combines certified performance with sharp visual detailing, a watch that carries its precision with presence.<br><br><table style=""width:100%; border-collapse:collapse;""><tr><td style=""font-weight:bold; border:1px solid #ddd; padding:8px;"">Brand</td><td style=""border:1px solid #ddd; padding:8px;"">Tissot</td></tr><tr><td style=""font-weight:bold; border:1px solid #ddd; padding:8px;"">Reference</td><td style=""border:1px solid #ddd; padding:8px;"">T1564081103300</td></tr><tr><td style=""font-weight:bold; border:1px solid #ddd; padding:8px;"">Case Material</td><td style=""border:1px solid #ddd; padding:8px;"">316L stainless steel case</td></tr><tr><td style=""font-weight:bold; border:1px solid #ddd; padding:8px;"">Movement</td><td style=""border:1px solid #ddd; padding:8px;"">Swiss automatic</td></tr><tr><td style=""font-weight:bold; border:1px solid #ddd; padding:8px;"">Water Resistance</td><td style=""border:1px solid #ddd; padding:8px;"">Water-resistant up to a pressure of 10 bar (100 m / 330 ft)</td></tr><tr><td style=""font-weight:bold; border:1px solid #ddd; padding:8px;"">Weight (g)</td><td style=""border:1px solid #ddd; padding:8px;"">133.0</td></tr><tr><td style=""font-weight:bold; border:1px solid #ddd; padding:8px;"">Case Shape</td><td style=""border:1px solid #ddd; padding:8px;"">Round</td></tr><tr><td style=""font-weight:bold; border:1px solid #ddd; padding:8px;"">Case Diameter (mm)</td><td style=""border:1px solid #ddd; padding:8px;"">39.0</td></tr><tr><td style=""font-weight:bold; border:1px solid #ddd; padding:8px;"">Case Thickness (mm)</td><td style=""border:1px solid #ddd; padding:8px;"">10.98</td></tr><tr><td style=""font-weight:bold; border:1px solid #ddd; padding:8px;"">Lug Width (mm)</td><td style=""border:1px solid #ddd; padding:8px;"">20.00</td></tr><tr><td style=""font-weight:bold; border:1px solid #ddd; padding:8px;"">Crystal</td><td style=""border:1px solid #ddd; padding:8px;"">Scratch-resistant sapphire crystal with double-sided antireflective coating</td></tr><tr><td style=""font-weight:bold; border:1px solid #ddd; padding:8px;"">Caliber</td><td style=""border:1px solid #ddd; padding:8px;"">11 1/2'''</td></tr><tr><td style=""font-weight:bold; border:1px solid #ddd; padding:8px;"">Movement Diameter (mm)</td><td style=""border:1px solid #ddd; padding:8px;"">25,6</td></tr><tr><td style=""font-weight:bold; border:1px solid #ddd; padding:8px;"">Functions</td><td style=""border:1px solid #ddd; padding:8px;"">Patented Nivachron balance spring</td></tr><tr><td style=""font-weight:bold; border:1px solid #ddd; padding:8px;"">Dial Color</td><td style=""border:1px solid #ddd; padding:8px;"">Silver</td></tr><tr><td style=""font-weight:bold; border:1px solid #ddd; padding:8px;"">Strap Color</td><td style=""border:1px solid #ddd; padding:8px;"">Grey</td></tr></table><br><br>
<div><strong>Easy Returns</strong></div>
<p>This item can be returned within 7 days.&nbsp;<a href=""https://theluxurydirect.com/pages/return-refund-policy"" rel=""noopener"" target=""_blank"">View our return policy</a><br><br></p>
<div><strong>USA Shipping</strong></div>
<p>All of our items ship from the United States.&nbsp;<a href=""https://theluxurydirect.com/pages/shipping-policy"" rel=""noopener"" target=""_blank"">Learn more</a></p>
<div><br></div>
<div><br></div>
",Tissot,Apparel & Accessories > Jewelry > Watches,Watches,"Watches, Wristwatches, SwiftCommerce_Tissot, Men's Watches",FALSE,Title,Default Title,,,,,,,,T156.408.11.033.00,90,shopify,deny,manual,1.100.00,,TRUE,TRUE,,,,,,https://www.tissotwatches.com/dw/image/v2/BKKD_PRD/on/demandware.static/-/Sites-Tissot-Catalogue/default/dwebe982ad/product-pictures/addb8e0e-a75b-4066-915d-0209be3bf2d6_T156-408-11-033-00_PROFIL.png,1,Tissot Ballade 39mm_1,FALSE,,,,316L stainless steel case,Men,Silver,,,,,https://www.tissotwatches.com/en-us/T1564081103300.html,Water-resistant up to a pressure of 10 bar (100 m / 330 ft),,,adults,,,,,,,,,,,,,,,,,,,,,,male,,,,,,,,,,,g,,,draft
tissot-ballade-39mm,,,,,,,,,,,,,,,,,,,,,,,,,,,,,,,https://www.tissotwatches.com/dw/image/v2/BKKD_PRD/on/demandware.static/-/Sites-Tissot-Catalogue/default/dw022d41fb/product-pictures/b4b9e41e-e0a4-4067-b70d-9bcb2436361c_T156-408-11-033-00_B1.png,2,Tissot Ballade 39mm_2,,,,,,,,,,,,,,,,,,,,,,,,,,,,,,,,,,,,,,,,,,,,,,,,,,,,
tissot-ballade-39mm,,,,,,,,,,,,,,,,,,,,,,,,,,,,,,,https://www.tissotwatches.com/dw/image/v2/BKKD_PRD/on/demandware.static/-/Sites-Tissot-Catalogue/default/dwd75dc83e/product-pictures/92133fa3-8026-4d85-bc1f-bd6429e7e2bd_T605-050-906_ZOOM.png,3,Tissot Ballade 39mm_3,,,,,,,,,,,,,,,,,,,,,,,,,,,,,,,,,,,,,,,,,,,,,,,,,,,,
tissot-ballade-39mm,,,,,,,,,,,,,,,,,,,,,,,,,,,,,,,https://www.tissotwatches.com/dw/image/v2/BKKD_PRD/on/demandware.static/-/Sites-Tissot-Catalogue/default/dw98e59937/product-pictures/5c5d7eff-2f36-4b97-a7ff-a37cc6517a65_T156-408-11-033-00_WRIST.png,4,Tissot Ballade 39mm_4,,,,,,,,,,,,,,,,,,,,,,,,,,,,,,,,,,,,,,,,,,,,,,,,,,,,
tissot-savonnette-48-5mm,Tissot Savonnette 48.5mm,"The Tissot Savonnette collection offers magnificent pocket pieces that demonstrate the craftsmanship used back in the day, providing them with that hint of nostalgia. These pieces feature the historical logo of the brand, evoking the great history and tradition Tissot is part of. Many details and models are available to suit individual personalities.<br><br><table style=""width:100%; border-collapse:collapse;""><tr><td style=""font-weight:bold; border:1px solid #ddd; padding:8px;"">Brand</td><td style=""border:1px solid #ddd; padding:8px;"">Tissot</td></tr><tr><td style=""font-weight:bold; border:1px solid #ddd; padding:8px;"">Reference</td><td style=""border:1px solid #ddd; padding:8px;"">T83455313</td></tr><tr><td style=""font-weight:bold; border:1px solid #ddd; padding:8px;"">Case Material</td><td style=""border:1px solid #ddd; padding:8px;"">316L stainless steel case with yellow gold PVD coating</td></tr><tr><td style=""font-weight:bold; border:1px solid #ddd; padding:8px;"">Movement</td><td style=""border:1px solid #ddd; padding:8px;"">Swiss quartz</td></tr><tr><td style=""font-weight:bold; border:1px solid #ddd; padding:8px;"">Weight (g)</td><td style=""border:1px solid #ddd; padding:8px;"">62.0</td></tr><tr><td style=""font-weight:bold; border:1px solid #ddd; padding:8px;"">Case Shape</td><td style=""border:1px solid #ddd; padding:8px;"">Round</td></tr><tr><td style=""font-weight:bold; border:1px solid #ddd; padding:8px;"">Case Diameter (mm)</td><td style=""border:1px solid #ddd; padding:8px;"">48.5</td></tr><tr><td style=""font-weight:bold; border:1px solid #ddd; padding:8px;"">Case Thickness (mm)</td><td style=""border:1px solid #ddd; padding:8px;"">10.4</td></tr><tr><td style=""font-weight:bold; border:1px solid #ddd; padding:8px;"">Lug Width (mm)</td><td style=""border:1px solid #ddd; padding:8px;"">0.00</td></tr><tr><td style=""font-weight:bold; border:1px solid #ddd; padding:8px;"">Crystal</td><td style=""border:1px solid #ddd; padding:8px;"">Domed mineral crystal</td></tr><tr><td style=""font-weight:bold; border:1px solid #ddd; padding:8px;"">Caliber</td><td style=""border:1px solid #ddd; padding:8px;"">11 1/2'''</td></tr><tr><td style=""font-weight:bold; border:1px solid #ddd; padding:8px;"">Movement Diameter (mm)</td><td style=""border:1px solid #ddd; padding:8px;"">25,6</td></tr><tr><td style=""font-weight:bold; border:1px solid #ddd; padding:8px;"">Functions</td><td style=""border:1px solid #ddd; padding:8px;"">EOL (battery end-of-life indicator)</td></tr><tr><td style=""font-weight:bold; border:1px solid #ddd; padding:8px;"">Dial Color</td><td style=""border:1px solid #ddd; padding:8px;"">White</td></tr></table><br><br>
<div><strong>Easy Returns</strong></div>
<p>This item can be returned within 7 days.&nbsp;<a href=""https://theluxurydirect.com/pages/return-refund-policy"" rel=""noopener"" target=""_blank"">View our return policy</a><br><br></p>
<div><strong>USA Shipping</strong></div>
<p>All of our items ship from the United States.&nbsp;<a href=""https://theluxurydirect.com/pages/shipping-policy"" rel=""noopener"" target=""_blank"">Learn more</a></p>
<div><br></div>
<div><br></div>
",Tissot,Apparel & Accessories > Jewelry > Watches,Watches,"Watches, Wristwatches, SwiftCommerce_Tissot",FALSE,Title,Default Title,,,,,,,,T83.4.553.13,90,shopify,deny,manual,450.00,,TRUE,TRUE,,,,,,https://www.tissotwatches.com/dw/image/v2/BKKD_PRD/on/demandware.static/-/Sites-Tissot-Catalogue/default/dw2990c313/product-pictures/9adaabd4-73cb-42a5-bc31-865d0b99c5df_T657-047-659_ZOOM.png,1,Tissot Savonnette 48.5mm_1,FALSE,,,,316L stainless steel case with yellow gold PVD coating,Unisex,White,,,,,https://www.tissotwatches.com/en-us/T83455313.html,,,,adults,,,,,,,,,,,,,,,,,,,,,,unisex,,,,,,,,,,,g,,,draft
tissot-savonnette-48-5mm,,,,,,,,,,,,,,,,,,,,,,,,,,,,,,,https://www.tissotwatches.com/dw/image/v2/BKKD_PRD/on/demandware.static/-/Sites-Tissot-Catalogue/default/dwa6349c67/product-pictures/314cf950-6ea4-48ce-b978-82436938c304_T83-4-553-13_CLOSED.png,2,Tissot Savonnette 48.5mm_2,,,,,,,,,,,,,,,,,,,,,,,,,,,,,,,,,,,,,,,,,,,,,,,,,,,,
tissot-savonnette-48-5mm,,,,,,,,,,,,,,,,,,,,,,,,,,,,,,,https://www.tissotwatches.com/dw/image/v2/BKKD_PRD/on/demandware.static/-/Sites-Tissot-Catalogue/default/dw4094eb15/product-pictures/b799d126-89db-4423-9695-9e9e13533fc7_T83-4-553-13_OPENCLOSED.png,3,Tissot Savonnette 48.5mm_3,,,,,,,,,,,,,,,,,,,,,,,,,,,,,,,,,,,,,,,,,,,,,,,,,,,,
tissot-savonnette-48-5mm,Tissot Savonnette 48.5mm,"The Tissot Savonnette collection offers magnificent pocket pieces that demonstrate the craftsmanship used back in the day, providing them with that hint of nostalgia. These pieces feature the historical logo of the brand, evoking the great history and tradition Tissot is part of. Many details and models are available to suit individual personalities.<br><br><table style=""width:100%; border-collapse:collapse;""><tr><td style=""font-weight:bold; border:1px solid #ddd; padding:8px;"">Brand</td><td style=""border:1px solid #ddd; padding:8px;"">Tissot</td></tr><tr><td style=""font-weight:bold; border:1px solid #ddd; padding:8px;"">Reference</td><td style=""border:1px solid #ddd; padding:8px;"">T8674053901300</td></tr><tr><td style=""font-weight:bold; border:1px solid #ddd; padding:8px;"">Case Material</td><td style=""border:1px solid #ddd; padding:8px;"">316L stainless steel case with yellow gold PVD coating</td></tr><tr><td style=""font-weight:bold; border:1px solid #ddd; padding:8px;"">Movement</td><td style=""border:1px solid #ddd; padding:8px;"">Swiss mechanical</td></tr><tr><td style=""font-weight:bold; border:1px solid #ddd; padding:8px;"">Weight (g)</td><td style=""border:1px solid #ddd; padding:8px;"">75.0</td></tr><tr><td style=""font-weight:bold; border:1px solid #ddd; padding:8px;"">Case Shape</td><td style=""border:1px solid #ddd; padding:8px;"">Round</td></tr><tr><td style=""font-weight:bold; border:1px solid #ddd; padding:8px;"">Case Diameter (mm)</td><td style=""border:1px solid #ddd; padding:8px;"">48.5</td></tr><tr><td style=""font-weight:bold; border:1px solid #ddd; padding:8px;"">Case Thickness (mm)</td><td style=""border:1px solid #ddd; padding:8px;"">11.55</td></tr><tr><td style=""font-weight:bold; border:1px solid #ddd; padding:8px;"">Lug Width (mm)</td><td style=""border:1px solid #ddd; padding:8px;"">0.00</td></tr><tr><td style=""font-weight:bold; border:1px solid #ddd; padding:8px;"">Crystal</td><td style=""border:1px solid #ddd; padding:8px;"">Mineral crystal</td></tr><tr><td style=""font-weight:bold; border:1px solid #ddd; padding:8px;"">Caliber</td><td style=""border:1px solid #ddd; padding:8px;"">16 1/2'''</td></tr><tr><td style=""font-weight:bold; border:1px solid #ddd; padding:8px;"">Movement Diameter (mm)</td><td style=""border:1px solid #ddd; padding:8px;"">36.60</td></tr><tr><td style=""font-weight:bold; border:1px solid #ddd; padding:8px;"">Dial Color</td><td style=""border:1px solid #ddd; padding:8px;"">White</td></tr></table><br><br>
<div><strong>Easy Returns</strong></div>
<p>This item can be returned within 7 days.&nbsp;<a href=""https://theluxurydirect.com/pages/return-refund-policy"" rel=""noopener"" target=""_blank"">View our return policy</a><br><br></p>
<div><strong>USA Shipping</strong></div>
<p>All of our items ship from the United States.&nbsp;<a href=""https://theluxurydirect.com/pages/shipping-policy"" rel=""noopener"" target=""_blank"">Learn more</a></p>
<div><br></div>
<div><br></div>
",Tissot,Apparel & Accessories > Jewelry > Watches,Watches,"Watches, Wristwatches, SwiftCommerce_Tissot",FALSE,Title,Default Title,,,,,,,,T867.405.39.013.00,90,shopify,deny,manual,1.050.00,,TRUE,TRUE,,,,,,https://www.tissotwatches.com/dw/image/v2/BKKD_PRD/on/demandware.static/-/Sites-Tissot-Catalogue/default/dw8ad00a4a/product-pictures/caece29a-1912-4b67-bcda-442bc2c53f8f_T867_405_39_013_00_PROFIL.png,1,Tissot Savonnette 48.5mm_1,FALSE,,,,316L stainless steel case with yellow gold PVD coating,Unisex,White,,,,,https://www.tissotwatches.com/en-us/T8674053901300.html,,,,adults,,,,,,,,,,,,,,,,,,,,,,unisex,,,,,,,,,,,g,,,draft
tissot-savonnette-48-5mm,,,,,,,,,,,,,,,,,,,,,,,,,,,,,,,https://www.tissotwatches.com/dw/image/v2/BKKD_PRD/on/demandware.static/-/Sites-Tissot-Catalogue/default/dwc7382a82/product-pictures/0aefccaa-155b-4dc5-a296-34413c66aee5_T867_405_39_013_00_B1.png,2,Tissot Savonnette 48.5mm_2,,,,,,,,,,,,,,,,,,,,,,,,,,,,,,,,,,,,,,,,,,,,,,,,,,,,
tissot-savonnette-48-5mm,,,,,,,,,,,,,,,,,,,,,,,,,,,,,,,https://www.tissotwatches.com/dw/image/v2/BKKD_PRD/on/demandware.static/-/Sites-Tissot-Catalogue/default/dw2990c313/product-pictures/9adaabd4-73cb-42a5-bc31-865d0b99c5df_T657-047-659_ZOOM.png,3,Tissot Savonnette 48.5mm_3,,,,,,,,,,,,,,,,,,,,,,,,,,,,,,,,,,,,,,,,,,,,,,,,,,,,
tissot-savonnette-48-5mm,,,,,,,,,,,,,,,,,,,,,,,,,,,,,,,https://www.tissotwatches.com/dw/image/v2/BKKD_PRD/on/demandware.static/-/Sites-Tissot-Catalogue/default/dwa29ca8f7/product-pictures/044fff5c-cdf0-42a7-9ebb-546fc82b3d26_T867-405-39-013-00_DETAIL-1.png,4,Tissot Savonnette 48.5mm_4,,,,,,,,,,,,,,,,,,,,,,,,,,,,,,,,,,,,,,,,,,,,,,,,,,,,
tissot-savonnette-48-5mm,,,,,,,,,,,,,,,,,,,,,,,,,,,,,,,https://www.tissotwatches.com/dw/image/v2/BKKD_PRD/on/demandware.static/-/Sites-Tissot-Catalogue/default/dwde3554a0/product-pictures/eee13c1a-2cbc-4666-9e57-faf186a6ec95_T867_405_39_013_00_DETAIL-2.png,5,Tissot Savonnette 48.5mm_5,,,,,,,,,,,,,,,,,,,,,,,,,,,,,,,,,,,,,,,,,,,,,,,,,,,,
tissot-pr-100-jungfraubahn-40mm,Tissot PR 100 Jungfraubahn 40mm,"Tissot and Jungfrau, long-standing partners, celebrate Swiss heritage with exclusive timepieces inspired by the untamed Alps and Swiss craftsmanship.
At the meeting point of earth and sky, where the air thins and the horizon stretches endlessly, time takes on a different rhythm—one captured in the PR 100 Jungfrau editions, powered by a reliable quartz movement. Available in two sizes, 34mm and 40mm, they offer a perfect fit for different wrists.
The Jungfrau mountains are delicately engraved on each dial, while the case back bears the inscription 'Jungfrau – Top of Europe,' marking their connection to this revered Swiss landmark.<br><br><table style=""width:100%; border-collapse:collapse;""><tr><td style=""font-weight:bold; border:1px solid #ddd; padding:8px;"">Brand</td><td style=""border:1px solid #ddd; padding:8px;"">Tissot</td></tr><tr><td style=""font-weight:bold; border:1px solid #ddd; padding:8px;"">Reference</td><td style=""border:1px solid #ddd; padding:8px;"">T1504101104102</td></tr><tr><td style=""font-weight:bold; border:1px solid #ddd; padding:8px;"">Case Material</td><td style=""border:1px solid #ddd; padding:8px;"">316L stainless steel case</td></tr><tr><td style=""font-weight:bold; border:1px solid #ddd; padding:8px;"">Movement</td><td style=""border:1px solid #ddd; padding:8px;"">Swiss quartz</td></tr><tr><td style=""font-weight:bold; border:1px solid #ddd; padding:8px;"">Water Resistance</td><td style=""border:1px solid #ddd; padding:8px;"">Water-resistant up to a pressure of 10 bar (100 m / 330 ft)</td></tr><tr><td style=""font-weight:bold; border:1px solid #ddd; padding:8px;"">Weight (g)</td><td style=""border:1px solid #ddd; padding:8px;"">122.0</td></tr><tr><td style=""font-weight:bold; border:1px solid #ddd; padding:8px;"">Case Shape</td><td style=""border:1px solid #ddd; padding:8px;"">Round</td></tr><tr><td style=""font-weight:bold; border:1px solid #ddd; padding:8px;"">Case Diameter (mm)</td><td style=""border:1px solid #ddd; padding:8px;"">40.0</td></tr><tr><td style=""font-weight:bold; border:1px solid #ddd; padding:8px;"">Case Thickness (mm)</td><td style=""border:1px solid #ddd; padding:8px;"">8.25</td></tr><tr><td style=""font-weight:bold; border:1px solid #ddd; padding:8px;"">Lug Width (mm)</td><td style=""border:1px solid #ddd; padding:8px;"">20.00</td></tr><tr><td style=""font-weight:bold; border:1px solid #ddd; padding:8px;"">Crystal</td><td style=""border:1px solid #ddd; padding:8px;"">Scratch-resistant sapphire crystal</td></tr><tr><td style=""font-weight:bold; border:1px solid #ddd; padding:8px;"">Caliber</td><td style=""border:1px solid #ddd; padding:8px;"">11 1/2'''</td></tr><tr><td style=""font-weight:bold; border:1px solid #ddd; padding:8px;"">Movement Diameter (mm)</td><td style=""border:1px solid #ddd; padding:8px;"">25,6</td></tr><tr><td style=""font-weight:bold; border:1px solid #ddd; padding:8px;"">Functions</td><td style=""border:1px solid #ddd; padding:8px;"">EOL (battery end-of-life indicator)</td></tr><tr><td style=""font-weight:bold; border:1px solid #ddd; padding:8px;"">Dial Color</td><td style=""border:1px solid #ddd; padding:8px;"">Blue</td></tr><tr><td style=""font-weight:bold; border:1px solid #ddd; padding:8px;"">Strap Color</td><td style=""border:1px solid #ddd; padding:8px;"">Grey</td></tr></table><br><br>
<div><strong>Easy Returns</strong></div>
<p>This item can be returned within 7 days.&nbsp;<a href=""https://theluxurydirect.com/pages/return-refund-policy"" rel=""noopener"" target=""_blank"">View our return policy</a><br><br></p>
<div><strong>USA Shipping</strong></div>
<p>All of our items ship from the United States.&nbsp;<a href=""https://theluxurydirect.com/pages/shipping-policy"" rel=""noopener"" target=""_blank"">Learn more</a></p>
<div><br></div>
<div><br></div>
",Tissot,Apparel & Accessories > Jewelry > Watches,Watches,"Watches, Wristwatches, SwiftCommerce_Tissot, Men's Watches",FALSE,Title,Default Title,,,,,,,,T150.410.11.041.02,90,shopify,deny,manual,395.00,,TRUE,TRUE,,,,,,https://www.tissotwatches.com/dw/image/v2/BKKD_PRD/on/demandware.static/-/Sites-Tissot-Catalogue/default/dw37a44736/product-pictures/652dab43-d0dd-4d11-953a-4b00bc9eff20_T150-410-11-041-02_PROFIL.png,1,Tissot PR 100 Jungfraubahn 40mm_1,FALSE,,,,316L stainless steel case,Men,Blue,,,,,https://www.tissotwatches.com/en-us/T1504101104102.html,Water-resistant up to a pressure of 10 bar (100 m / 330 ft),,,adults,,,,,,,,,,,,,,,,,,,,,,male,,,,,,,,,,,g,,,draft
tissot-pr-100-jungfraubahn-40mm,,,,,,,,,,,,,,,,,,,,,,,,,,,,,,,https://www.tissotwatches.com/dw/image/v2/BKKD_PRD/on/demandware.static/-/Sites-Tissot-Catalogue/default/dw0a13b4f0/product-pictures/5e7107a4-d159-4222-9483-23c548d1f549_T150-410-11-041-02_B1.png,2,Tissot PR 100 Jungfraubahn 40mm_2,,,,,,,,,,,,,,,,,,,,,,,,,,,,,,,,,,,,,,,,,,,,,,,,,,,,
tissot-pr-100-jungfraubahn-40mm,,,,,,,,,,,,,,,,,,,,,,,,,,,,,,,https://www.tissotwatches.com/dw/image/v2/BKKD_PRD/on/demandware.static/-/Sites-Tissot-Catalogue/default/dw9852601c/product-pictures/b3f86de5-c641-4f34-9f79-68b5e221eb15_T605-049-118_ZOOM.png,3,Tissot PR 100 Jungfraubahn 40mm_3,,,,,,,,,,,,,,,,,,,,,,,,,,,,,,,,,,,,,,,,,,,,,,,,,,,,
tissot-pr-100-jungfraubahn-40mm,,,,,,,,,,,,,,,,,,,,,,,,,,,,,,,https://www.tissotwatches.com/dw/image/v2/BKKD_PRD/on/demandware.static/-/Sites-Tissot-Catalogue/default/dwed596591/product-pictures/7509332e-0fb7-41f3-8c08-3be2e2d94b6b_T150-410-11-041-02_WRIST.png,4,Tissot PR 100 Jungfraubahn 40mm_4,,,,,,,,,,,,,,,,,,,,,,,,,,,,,,,,,,,,,,,,,,,,,,,,,,,,
tissot-pr-100-jungfraubahn-40mm,,,,,,,,,,,,,,,,,,,,,,,,,,,,,,,https://www.tissotwatches.com/dw/image/v2/BKKD_PRD/on/demandware.static/-/Sites-Tissot-Catalogue/default/dwd9990637/product-pictures/ff88370e-362a-40f4-a021-3a8e9ceefd51_T150-410-11-041-02_OPENED_BOX.png,5,Tissot PR 100 Jungfraubahn 40mm_5,,,,,,,,,,,,,,,,,,,,,,,,,,,,,,,,,,,,,,,,,,,,,,,,,,,,
tissot-pr-100-jungfraubahn-40mm,,,,,,,,,,,,,,,,,,,,,,,,,,,,,,,https://www.tissotwatches.com/dw/image/v2/BKKD_PRD/on/demandware.static/-/Sites-Tissot-Catalogue/default/dw7a43ae2a/product-pictures/4a86b8a4-9bed-48ce-9ded-93f119de28fb_T150-410-11-041-02_CLOSED_BOX.png,6,Tissot PR 100 Jungfraubahn 40mm_6,,,,,,,,,,,,,,,,,,,,,,,,,,,,,,,,,,,,,,,,,,,,,,,,,,,,
tissot-pr-100-jungfraubahn-40mm,,,,,,,,,,,,,,,,,,,,,,,,,,,,,,,https://www.tissotwatches.com/dw/image/v2/BKKD_PRD/on/demandware.static/-/Sites-Tissot-Catalogue/default/dw068ef050/product-pictures/4fb438ed-4db8-4c70-8d26-2aac08934f8e_T150-410-11-041-02-1_CLOSED_BOX.png,7,Tissot PR 100 Jungfraubahn 40mm_7,,,,,,,,,,,,,,,,,,,,,,,,,,,,,,,,,,,,,,,,,,,,,,,,,,,,
tissot-carson-premium-40mm,Tissot Carson Premium 40mm,"From first glance, it’s clear the dashing Carson Gent Premium Moonphase carries a calm air of sophistication. Its 40mm steel case and five link bracelet are cast in polished and brushed stainless steel, while its silver dial is decorated with Roman numeral hour markers and a poetic moonphase function, which tracks the progress of the moon through the sky. Further signs of its quality come in its scratch resistant sapphire glass and the butterfly clasp that secures it to the wrist. A charming, effortless design that, like true love, will stand the test of time.<br><br><table style=""width:100%; border-collapse:collapse;""><tr><td style=""font-weight:bold; border:1px solid #ddd; padding:8px;"">Brand</td><td style=""border:1px solid #ddd; padding:8px;"">Tissot</td></tr><tr><td style=""font-weight:bold; border:1px solid #ddd; padding:8px;"">Reference</td><td style=""border:1px solid #ddd; padding:8px;"">T1224231103300</td></tr><tr><td style=""font-weight:bold; border:1px solid #ddd; padding:8px;"">Case Material</td><td style=""border:1px solid #ddd; padding:8px;"">316L stainless steel case</td></tr><tr><td style=""font-weight:bold; border:1px solid #ddd; padding:8px;"">Movement</td><td style=""border:1px solid #ddd; padding:8px;"">Swiss quartz</td></tr><tr><td style=""font-weight:bold; border:1px solid #ddd; padding:8px;"">Water Resistance</td><td style=""border:1px solid #ddd; padding:8px;"">Water-resistant up to a pressure of 5 bar (50 m / 165 ft)</td></tr><tr><td style=""font-weight:bold; border:1px solid #ddd; padding:8px;"">Weight (g)</td><td style=""border:1px solid #ddd; padding:8px;"">110.0</td></tr><tr><td style=""font-weight:bold; border:1px solid #ddd; padding:8px;"">Case Shape</td><td style=""border:1px solid #ddd; padding:8px;"">Round</td></tr><tr><td style=""font-weight:bold; border:1px solid #ddd; padding:8px;"">Case Diameter (mm)</td><td style=""border:1px solid #ddd; padding:8px;"">40.0</td></tr><tr><td style=""font-weight:bold; border:1px solid #ddd; padding:8px;"">Case Thickness (mm)</td><td style=""border:1px solid #ddd; padding:8px;"">7.62</td></tr><tr><td style=""font-weight:bold; border:1px solid #ddd; padding:8px;"">Lug Width (mm)</td><td style=""border:1px solid #ddd; padding:8px;"">20.00</td></tr><tr><td style=""font-weight:bold; border:1px solid #ddd; padding:8px;"">Crystal</td><td style=""border:1px solid #ddd; padding:8px;"">Scratch-resistant sapphire crystal</td></tr><tr><td style=""font-weight:bold; border:1px solid #ddd; padding:8px;"">Caliber</td><td style=""border:1px solid #ddd; padding:8px;"">10 1/2'''</td></tr><tr><td style=""font-weight:bold; border:1px solid #ddd; padding:8px;"">Movement Diameter (mm)</td><td style=""border:1px solid #ddd; padding:8px;"">23.30</td></tr><tr><td style=""font-weight:bold; border:1px solid #ddd; padding:8px;"">Functions</td><td style=""border:1px solid #ddd; padding:8px;"">EOL (battery end-of-life indicator), Moonphase indicator</td></tr><tr><td style=""font-weight:bold; border:1px solid #ddd; padding:8px;"">Dial Color</td><td style=""border:1px solid #ddd; padding:8px;"">Silver</td></tr><tr><td style=""font-weight:bold; border:1px solid #ddd; padding:8px;"">Strap Color</td><td style=""border:1px solid #ddd; padding:8px;"">Grey</td></tr></table><br><br>
<div><strong>Easy Returns</strong></div>
<p>This item can be returned within 7 days.&nbsp;<a href=""https://theluxurydirect.com/pages/return-refund-policy"" rel=""noopener"" target=""_blank"">View our return policy</a><br><br></p>
<div><strong>USA Shipping</strong></div>
<p>All of our items ship from the United States.&nbsp;<a href=""https://theluxurydirect.com/pages/shipping-policy"" rel=""noopener"" target=""_blank"">Learn more</a></p>
<div><br></div>
<div><br></div>
",Tissot,Apparel & Accessories > Jewelry > Watches,Watches,"Watches, Wristwatches, SwiftCommerce_Tissot, Men's Watches",FALSE,Title,Default Title,,,,,,,,T122.423.11.033.00,90,shopify,deny,manual,495.00,,TRUE,TRUE,,,,,,https://www.tissotwatches.com/dw/image/v2/BKKD_PRD/on/demandware.static/-/Sites-Tissot-Catalogue/default/dw418244ea/product-pictures/86260005-17db-482e-9212-9310d55a8175_T122_423_11_033_00_PROFIL.png,1,Tissot Carson Premium 40mm_1,FALSE,,,,316L stainless steel case,Men,Silver,,,,,https://www.tissotwatches.com/en-us/T1224231103300.html,Water-resistant up to a pressure of 5 bar (50 m / 165 ft),,,adults,,,,,,,,,,,,,,,,,,,,,,male,,,,,,,,,,,g,,,draft
tissot-carson-premium-40mm,,,,,,,,,,,,,,,,,,,,,,,,,,,,,,,https://www.tissotwatches.com/dw/image/v2/BKKD_PRD/on/demandware.static/-/Sites-Tissot-Catalogue/default/dwd63c0f6f/product-pictures/5aed6aad-0180-4186-aa9d-42d329d5bf80_T122_423_11_033_00_B1.png,2,Tissot Carson Premium 40mm_2,,,,,,,,,,,,,,,,,,,,,,,,,,,,,,,,,,,,,,,,,,,,,,,,,,,,
tissot-carson-premium-40mm,,,,,,,,,,,,,,,,,,,,,,,,,,,,,,,https://www.tissotwatches.com/dw/image/v2/BKKD_PRD/on/demandware.static/-/Sites-Tissot-Catalogue/default/dwebdf1329/product-pictures/db48295a-cf22-4a54-a728-659d844da3ac_T605-043-649_ZOOM.png,3,Tissot Carson Premium 40mm_3,,,,,,,,,,,,,,,,,,,,,,,,,,,,,,,,,,,,,,,,,,,,,,,,,,,,
tissot-carson-premium-40mm,,,,,,,,,,,,,,,,,,,,,,,,,,,,,,,https://www.tissotwatches.com/dw/image/v2/BKKD_PRD/on/demandware.static/-/Sites-Tissot-Catalogue/default/dw05878e6c/product-pictures/eafe6c92-238e-470b-a6c9-f8340e18509c_T122_423_11_033_00_WRIST.png,4,Tissot Carson Premium 40mm_4,,,,,,,,,,,,,,,,,,,,,,,,,,,,,,,,,,,,,,,,,,,,,,,,,,,,
tissot-pr-100-sport-chic-38mm,Tissot PR 100 Sport Chic 38mm,"The Tissot PR 100 is a classic watch destined to be worn often and for every occasion. It features the simple and elegant face the collection is loved for, with the pared-back aesthetic symbolising luxury, quality and classic style.<br><br><table style=""width:100%; border-collapse:collapse;""><tr><td style=""font-weight:bold; border:1px solid #ddd; padding:8px;"">Brand</td><td style=""border:1px solid #ddd; padding:8px;"">Tissot</td></tr><tr><td style=""font-weight:bold; border:1px solid #ddd; padding:8px;"">Reference</td><td style=""border:1px solid #ddd; padding:8px;"">T1019173303100</td></tr><tr><td style=""font-weight:bold; border:1px solid #ddd; padding:8px;"">Case Material</td><td style=""border:1px solid #ddd; padding:8px;"">316L stainless steel case with carnation gold PVD coating</td></tr><tr><td style=""font-weight:bold; border:1px solid #ddd; padding:8px;"">Movement</td><td style=""border:1px solid #ddd; padding:8px;"">Swiss quartz</td></tr><tr><td style=""font-weight:bold; border:1px solid #ddd; padding:8px;"">Water Resistance</td><td style=""border:1px solid #ddd; padding:8px;"">Water-resistant up to a pressure of 10 bar (100 m / 330 ft)</td></tr><tr><td style=""font-weight:bold; border:1px solid #ddd; padding:8px;"">Weight (g)</td><td style=""border:1px solid #ddd; padding:8px;"">89.0</td></tr><tr><td style=""font-weight:bold; border:1px solid #ddd; padding:8px;"">Case Shape</td><td style=""border:1px solid #ddd; padding:8px;"">Round</td></tr><tr><td style=""font-weight:bold; border:1px solid #ddd; padding:8px;"">Case Diameter (mm)</td><td style=""border:1px solid #ddd; padding:8px;"">38.0</td></tr><tr><td style=""font-weight:bold; border:1px solid #ddd; padding:8px;"">Case Thickness (mm)</td><td style=""border:1px solid #ddd; padding:8px;"">10.5</td></tr><tr><td style=""font-weight:bold; border:1px solid #ddd; padding:8px;"">Lug Width (mm)</td><td style=""border:1px solid #ddd; padding:8px;"">19.00</td></tr><tr><td style=""font-weight:bold; border:1px solid #ddd; padding:8px;"">Crystal</td><td style=""border:1px solid #ddd; padding:8px;"">Scratch-resistant sapphire crystal</td></tr><tr><td style=""font-weight:bold; border:1px solid #ddd; padding:8px;"">Caliber</td><td style=""border:1px solid #ddd; padding:8px;"">10 1/2'''</td></tr><tr><td style=""font-weight:bold; border:1px solid #ddd; padding:8px;"">Movement Diameter (mm)</td><td style=""border:1px solid #ddd; padding:8px;"">23,3</td></tr><tr><td style=""font-weight:bold; border:1px solid #ddd; padding:8px;"">Functions</td><td style=""border:1px solid #ddd; padding:8px;"">EOL (battery end-of-life indicator), 30-minutes and 1/10 of a second counters, Central 60-seconds chronograph hand, ADD and SPLIT functions</td></tr><tr><td style=""font-weight:bold; border:1px solid #ddd; padding:8px;"">Dial Color</td><td style=""border:1px solid #ddd; padding:8px;"">Silver</td></tr><tr><td style=""font-weight:bold; border:1px solid #ddd; padding:8px;"">Strap Color</td><td style=""border:1px solid #ddd; padding:8px;"">Carnation Gold</td></tr></table><br><br>
<div><strong>Easy Returns</strong></div>
<p>This item can be returned within 7 days.&nbsp;<a href=""https://theluxurydirect.com/pages/return-refund-policy"" rel=""noopener"" target=""_blank"">View our return policy</a><br><br></p>
<div><strong>USA Shipping</strong></div>
<p>All of our items ship from the United States.&nbsp;<a href=""https://theluxurydirect.com/pages/shipping-policy"" rel=""noopener"" target=""_blank"">Learn more</a></p>
<div><br></div>
<div><br></div>
",Tissot,Apparel & Accessories > Jewelry > Watches,Watches,"Watches, Wristwatches, SwiftCommerce_Tissot, Women's Watches",FALSE,Title,Default Title,,,,,,,,T101.917.33.031.00,90,shopify,deny,manual,650.00,,TRUE,TRUE,,,,,,https://www.tissotwatches.com/dw/image/v2/BKKD_PRD/on/demandware.static/-/Sites-Tissot-Catalogue/default/dw74a14744/product-pictures/f01c2735-146b-4731-aada-022ba4147016_T605-044-370_ZOOM.png,1,Tissot PR 100 Sport Chic 38mm_1,FALSE,,,,316L stainless steel case with carnation gold PVD coating,Women,Silver,,,,,https://www.tissotwatches.com/en-us/T1019173303100.html,Water-resistant up to a pressure of 10 bar (100 m / 330 ft),,,adults,,,,,,,,,,,,,,,,,,,,,,female,,,,,,,,,,,g,,,draft
tissot-le-locle-gold-39mm,Tissot Le Locle Gold 39mm,"Named after Tissot's hometown and created to celebrate its 150th anniversary, the Le Locle line perfectly embodies the DNA and craftsmanship values of the brand. Powered by our Powermatic 80 movement with an 80-hour power reserve, the Le Locle Powermatic 80 features beautiful Roman numerals and the traditional Le Locle signature. Discover this model with its blue dial and matching leather strap, with its magnificent, fluted bezel in 18-carat pink gold for a chic and elegant look.<br><br><table style=""width:100%; border-collapse:collapse;""><tr><td style=""font-weight:bold; border:1px solid #ddd; padding:8px;"">Brand</td><td style=""border:1px solid #ddd; padding:8px;"">Tissot</td></tr><tr><td style=""font-weight:bold; border:1px solid #ddd; padding:8px;"">Reference</td><td style=""border:1px solid #ddd; padding:8px;"">T9324084604300</td></tr><tr><td style=""font-weight:bold; border:1px solid #ddd; padding:8px;"">Case Material</td><td style=""border:1px solid #ddd; padding:8px;"">316L stainless steel case with 18K rose gold bezel</td></tr><tr><td style=""font-weight:bold; border:1px solid #ddd; padding:8px;"">Movement</td><td style=""border:1px solid #ddd; padding:8px;"">Swiss automatic</td></tr><tr><td style=""font-weight:bold; border:1px solid #ddd; padding:8px;"">Water Resistance</td><td style=""border:1px solid #ddd; padding:8px;"">Water-resistant up to a pressure of 3 bar (30 m / 100 ft)</td></tr><tr><td style=""font-weight:bold; border:1px solid #ddd; padding:8px;"">Weight (g)</td><td style=""border:1px solid #ddd; padding:8px;"">72.0</td></tr><tr><td style=""font-weight:bold; border:1px solid #ddd; padding:8px;"">Case Shape</td><td style=""border:1px solid #ddd; padding:8px;"">Round</td></tr><tr><td style=""font-weight:bold; border:1px solid #ddd; padding:8px;"">Case Diameter (mm)</td><td style=""border:1px solid #ddd; padding:8px;"">39.3</td></tr><tr><td style=""font-weight:bold; border:1px solid #ddd; padding:8px;"">Case Thickness (mm)</td><td style=""border:1px solid #ddd; padding:8px;"">10.45</td></tr><tr><td style=""font-weight:bold; border:1px solid #ddd; padding:8px;"">Lug Width (mm)</td><td style=""border:1px solid #ddd; padding:8px;"">19.00</td></tr><tr><td style=""font-weight:bold; border:1px solid #ddd; padding:8px;"">Crystal</td><td style=""border:1px solid #ddd; padding:8px;"">Scratch-resistant sapphire crystal with antireflective coating</td></tr><tr><td style=""font-weight:bold; border:1px solid #ddd; padding:8px;"">Caliber</td><td style=""border:1px solid #ddd; padding:8px;"">11 1/2'''</td></tr><tr><td style=""font-weight:bold; border:1px solid #ddd; padding:8px;"">Movement Diameter (mm)</td><td style=""border:1px solid #ddd; padding:8px;"">25,6</td></tr><tr><td style=""font-weight:bold; border:1px solid #ddd; padding:8px;"">Dial Color</td><td style=""border:1px solid #ddd; padding:8px;"">Blue</td></tr><tr><td style=""font-weight:bold; border:1px solid #ddd; padding:8px;"">Strap Color</td><td style=""border:1px solid #ddd; padding:8px;"">Blue</td></tr></table><br><br>
<div><strong>Easy Returns</strong></div>
<p>This item can be returned within 7 days.&nbsp;<a href=""https://theluxurydirect.com/pages/return-refund-policy"" rel=""noopener"" target=""_blank"">View our return policy</a><br><br></p>
<div><strong>USA Shipping</strong></div>
<p>All of our items ship from the United States.&nbsp;<a href=""https://theluxurydirect.com/pages/shipping-policy"" rel=""noopener"" target=""_blank"">Learn more</a></p>
<div><br></div>
<div><br></div>
",Tissot,Apparel & Accessories > Jewelry > Watches,Watches,"Watches, Wristwatches, SwiftCommerce_Tissot, Men's Watches",FALSE,Title,Default Title,,,,,,,,T932.408.46.043.00,90,shopify,deny,manual,2.225.00,,TRUE,TRUE,,,,,,https://www.tissotwatches.com/dw/image/v2/BKKD_PRD/on/demandware.static/-/Sites-Tissot-Catalogue/default/dw03986713/product-pictures/44cbab4a-614a-4d61-bfad-267feed47bae_T932-408-46-043-00_PROFIL.png,1,Tissot Le Locle Gold 39mm_1,FALSE,,,,316L stainless steel case with 18K rose gold bezel,Men,Blue,,,,,https://www.tissotwatches.com/en-us/T9324084604300.html,Water-resistant up to a pressure of 3 bar (30 m / 100 ft),,,adults,,,,,,,,,,,,,,,,,,,,,,male,,,,,,,,,,,g,,,draft
tissot-le-locle-gold-39mm,,,,,,,,,,,,,,,,,,,,,,,,,,,,,,,https://www.tissotwatches.com/dw/image/v2/BKKD_PRD/on/demandware.static/-/Sites-Tissot-Catalogue/default/dwa20c2b17/product-pictures/33e12143-78ca-465b-b4a2-1550715d338c_T932-408-46-043-00_B1.png,2,Tissot Le Locle Gold 39mm_2,,,,,,,,,,,,,,,,,,,,,,,,,,,,,,,,,,,,,,,,,,,,,,,,,,,,
tissot-le-locle-gold-39mm,,,,,,,,,,,,,,,,,,,,,,,,,,,,,,,https://www.tissotwatches.com/dw/image/v2/BKKD_PRD/on/demandware.static/-/Sites-Tissot-Catalogue/default/dw78d3452f/product-pictures/f8cc335e-a317-4e66-bd83-a2d1230f9c0a_T600-032-781_ZOOM.png,3,Tissot Le Locle Gold 39mm_3,,,,,,,,,,,,,,,,,,,,,,,,,,,,,,,,,,,,,,,,,,,,,,,,,,,,
tissot-le-locle-gold-39mm,,,,,,,,,,,,,,,,,,,,,,,,,,,,,,,https://www.tissotwatches.com/dw/image/v2/BKKD_PRD/on/demandware.static/-/Sites-Tissot-Catalogue/default/dwc3f07f77/product-pictures/8bc3fd55-8675-4abf-bd78-851b6962e66f_T932-408-46-043-00_WRIST.png,4,Tissot Le Locle Gold 39mm_4,,,,,,,,,,,,,,,,,,,,,,,,,,,,,,,,,,,,,,,,,,,,,,,,,,,,
tissot-le-locle-29mm,Tissot Le Locle 29mm,"The Le Locle collection was first introduced in 2003 to commemorate the 150th anniversary of Tissot. This watch is a piece of history, embodying the spirit of innovation that has defined our brand for over a century. This model features a green dial, replacing the Roman indices with twelve shimmering diamonds, and is equipped with interchangeable quick-release bracelets. All Le Locle watches feature the beautiful clous de Paris “guilloche” dial in the form of small pyramids: a detail that really makes the difference. The interplay of polished and brushed finishes on the links creates a captivating visual rhythm, catching the light with every movement. This watch embodies the charm of Swiss heritage, with the name ""Le Locle,"" inscribed in italics on the face, adding a sophisticated touch to the design. The latest model features cutting-edge Nivachron Spring Balance technology, which significantly mitigates the effects of magnetic fields while also being resistant to shocks, aging, and temperature variations. This model includes a date function and a see-through case back that reveals the mesmerizing mechanics at work.<br><br><table style=""width:100%; border-collapse:collapse;""><tr><td style=""font-weight:bold; border:1px solid #ddd; padding:8px;"">Brand</td><td style=""border:1px solid #ddd; padding:8px;"">Tissot</td></tr><tr><td style=""font-weight:bold; border:1px solid #ddd; padding:8px;"">Reference</td><td style=""border:1px solid #ddd; padding:8px;"">T0062072209600</td></tr><tr><td style=""font-weight:bold; border:1px solid #ddd; padding:8px;"">Case Material</td><td style=""border:1px solid #ddd; padding:8px;"">316L stainless steel case with rose gold PVD coating</td></tr><tr><td style=""font-weight:bold; border:1px solid #ddd; padding:8px;"">Movement</td><td style=""border:1px solid #ddd; padding:8px;"">Swiss automatic</td></tr><tr><td style=""font-weight:bold; border:1px solid #ddd; padding:8px;"">Water Resistance</td><td style=""border:1px solid #ddd; padding:8px;"">Water-resistant up to a pressure of 3 bar (30 m / 100 ft)</td></tr><tr><td style=""font-weight:bold; border:1px solid #ddd; padding:8px;"">Weight (g)</td><td style=""border:1px solid #ddd; padding:8px;"">77.0</td></tr><tr><td style=""font-weight:bold; border:1px solid #ddd; padding:8px;"">Case Shape</td><td style=""border:1px solid #ddd; padding:8px;"">Round</td></tr><tr><td style=""font-weight:bold; border:1px solid #ddd; padding:8px;"">Case Diameter (mm)</td><td style=""border:1px solid #ddd; padding:8px;"">29.0</td></tr><tr><td style=""font-weight:bold; border:1px solid #ddd; padding:8px;"">Case Thickness (mm)</td><td style=""border:1px solid #ddd; padding:8px;"">8.95</td></tr><tr><td style=""font-weight:bold; border:1px solid #ddd; padding:8px;"">Lug Width (mm)</td><td style=""border:1px solid #ddd; padding:8px;"">14.00</td></tr><tr><td style=""font-weight:bold; border:1px solid #ddd; padding:8px;"">Crystal</td><td style=""border:1px solid #ddd; padding:8px;"">Scratch-resistant sapphire crystal</td></tr><tr><td style=""font-weight:bold; border:1px solid #ddd; padding:8px;"">Caliber</td><td style=""border:1px solid #ddd; padding:8px;"">7 3/4'''</td></tr><tr><td style=""font-weight:bold; border:1px solid #ddd; padding:8px;"">Movement Diameter (mm)</td><td style=""border:1px solid #ddd; padding:8px;"">17.2</td></tr><tr><td style=""font-weight:bold; border:1px solid #ddd; padding:8px;"">Functions</td><td style=""border:1px solid #ddd; padding:8px;"">Patented Nivachron balance spring</td></tr><tr><td style=""font-weight:bold; border:1px solid #ddd; padding:8px;"">Dial Color</td><td style=""border:1px solid #ddd; padding:8px;"">Green</td></tr><tr><td style=""font-weight:bold; border:1px solid #ddd; padding:8px;"">Strap Color</td><td style=""border:1px solid #ddd; padding:8px;"">Grey, Rose Gold 5N</td></tr></table><br><br>
<div><strong>Easy Returns</strong></div>
<p>This item can be returned within 7 days.&nbsp;<a href=""https://theluxurydirect.com/pages/return-refund-policy"" rel=""noopener"" target=""_blank"">View our return policy</a><br><br></p>
<div><strong>USA Shipping</strong></div>
<p>All of our items ship from the United States.&nbsp;<a href=""https://theluxurydirect.com/pages/shipping-policy"" rel=""noopener"" target=""_blank"">Learn more</a></p>
<div><br></div>
<div><br></div>
",Tissot,Apparel & Accessories > Jewelry > Watches,Watches,"Watches, Wristwatches, SwiftCommerce_Tissot, Women's Watches",FALSE,Title,Default Title,,,,,,,,T006.207.22.096.00,90,shopify,deny,manual,1.025.00,,TRUE,TRUE,,,,,,https://www.tissotwatches.com/dw/image/v2/BKKD_PRD/on/demandware.static/-/Sites-Tissot-Catalogue/default/dwf7e9451b/product-pictures/ad798f22-4dde-4aca-9622-a7b2b0b86530_T006-207-22-096-00_PROFIL.png,1,Tissot Le Locle 29mm_1,FALSE,,,,316L stainless steel case with rose gold PVD coating,Women,Green,,,,,https://www.tissotwatches.com/en-us/T0062072209600.html,Water-resistant up to a pressure of 3 bar (30 m / 100 ft),,,adults,,,,,,,,,,,,,,,,,,,,,,female,,,,,,,,,,,g,,,draft
tissot-le-locle-29mm,,,,,,,,,,,,,,,,,,,,,,,,,,,,,,,https://www.tissotwatches.com/dw/image/v2/BKKD_PRD/on/demandware.static/-/Sites-Tissot-Catalogue/default/dw9ad9c44b/product-pictures/a53c1716-e0d7-4309-a062-f09b09793ffe_T006-207-22-096-00_B1.png,2,Tissot Le Locle 29mm_2,,,,,,,,,,,,,,,,,,,,,,,,,,,,,,,,,,,,,,,,,,,,,,,,,,,,
tissot-le-locle-29mm,,,,,,,,,,,,,,,,,,,,,,,,,,,,,,,https://www.tissotwatches.com/dw/image/v2/BKKD_PRD/on/demandware.static/-/Sites-Tissot-Catalogue/default/dwf31336ff/product-pictures/9910f33a-d7c7-4d6f-b9c1-6d759ae581a5_T605-051-520_ZOOM.png,3,Tissot Le Locle 29mm_3,,,,,,,,,,,,,,,,,,,,,,,,,,,,,,,,,,,,,,,,,,,,,,,,,,,,
tissot-le-locle-29mm,,,,,,,,,,,,,,,,,,,,,,,,,,,,,,,https://www.tissotwatches.com/dw/image/v2/BKKD_PRD/on/demandware.static/-/Sites-Tissot-Catalogue/default/dw94571a34/product-pictures/a20ec921-2e42-4d4f-b735-bba90b383c66_T006-207-22-096-00_WRIST.png,4,Tissot Le Locle 29mm_4,,,,,,,,,,,,,,,,,,,,,,,,,,,,,,,,,,,,,,,,,,,,,,,,,,,,
tissot-t-race-45mm,Tissot T-Race 45mm,"A new, more elegant design. The same sporty roots. Like biking, Tissot is where passion meets innovation and style. Freedom, the open road, and dedication: the T-Race is a watch of choice for every gentleman biker. Tissot found inspiration in the spirit of the sport to produce watches that reflect the dynamic natures of bikes themselves and the emotion of the sport. With its brake disc and calliper on the bezel, the pushes inspired by handlebars, and engine cooling fins depicted on the side of case, this watch was imagined as a real homage to the discipline. Water resistant, with a Quartz chronograph movement and distinct hour and minute hands coated with SuperlumiNova, this stainless steel watch with its rubber strap will be the ideal companion for fans of cycling.<br><br><table style=""width:100%; border-collapse:collapse;""><tr><td style=""font-weight:bold; border:1px solid #ddd; padding:8px;"">Brand</td><td style=""border:1px solid #ddd; padding:8px;"">Tissot</td></tr><tr><td style=""font-weight:bold; border:1px solid #ddd; padding:8px;"">Reference</td><td style=""border:1px solid #ddd; padding:8px;"">T1414172704100</td></tr><tr><td style=""font-weight:bold; border:1px solid #ddd; padding:8px;"">Case Material</td><td style=""border:1px solid #ddd; padding:8px;"">316L stainless steel case with black and blue PVD coating</td></tr><tr><td style=""font-weight:bold; border:1px solid #ddd; padding:8px;"">Movement</td><td style=""border:1px solid #ddd; padding:8px;"">Swiss quartz</td></tr><tr><td style=""font-weight:bold; border:1px solid #ddd; padding:8px;"">Water Resistance</td><td style=""border:1px solid #ddd; padding:8px;"">Water-resistant up to a pressure of 10 bar (100 m / 330 ft)</td></tr><tr><td style=""font-weight:bold; border:1px solid #ddd; padding:8px;"">Weight (g)</td><td style=""border:1px solid #ddd; padding:8px;"">112.0</td></tr><tr><td style=""font-weight:bold; border:1px solid #ddd; padding:8px;"">Case Shape</td><td style=""border:1px solid #ddd; padding:8px;"">Round</td></tr><tr><td style=""font-weight:bold; border:1px solid #ddd; padding:8px;"">Case Diameter (mm)</td><td style=""border:1px solid #ddd; padding:8px;"">45.0</td></tr><tr><td style=""font-weight:bold; border:1px solid #ddd; padding:8px;"">Case Thickness (mm)</td><td style=""border:1px solid #ddd; padding:8px;"">11.76</td></tr><tr><td style=""font-weight:bold; border:1px solid #ddd; padding:8px;"">Lug Width (mm)</td><td style=""border:1px solid #ddd; padding:8px;"">13.95</td></tr><tr><td style=""font-weight:bold; border:1px solid #ddd; padding:8px;"">Crystal</td><td style=""border:1px solid #ddd; padding:8px;"">Scratch-resistant sapphire crystal with antireflective coating</td></tr><tr><td style=""font-weight:bold; border:1px solid #ddd; padding:8px;"">Caliber</td><td style=""border:1px solid #ddd; padding:8px;"">13 1/4'''</td></tr><tr><td style=""font-weight:bold; border:1px solid #ddd; padding:8px;"">Movement Diameter (mm)</td><td style=""border:1px solid #ddd; padding:8px;"">29,8</td></tr><tr><td style=""font-weight:bold; border:1px solid #ddd; padding:8px;"">Functions</td><td style=""border:1px solid #ddd; padding:8px;"">EOL (battery end-of-life indicator), 30-minutes and 1/10 of a second counters, Central 60-seconds chronograph hand, ADD and SPLIT functions</td></tr><tr><td style=""font-weight:bold; border:1px solid #ddd; padding:8px;"">Dial Color</td><td style=""border:1px solid #ddd; padding:8px;"">Blue</td></tr><tr><td style=""font-weight:bold; border:1px solid #ddd; padding:8px;"">Strap Color</td><td style=""border:1px solid #ddd; padding:8px;"">Blue</td></tr></table><br><br>
<div><strong>Easy Returns</strong></div>
<p>This item can be returned within 7 days.&nbsp;<a href=""https://theluxurydirect.com/pages/return-refund-policy"" rel=""noopener"" target=""_blank"">View our return policy</a><br><br></p>
<div><strong>USA Shipping</strong></div>
<p>All of our items ship from the United States.&nbsp;<a href=""https://theluxurydirect.com/pages/shipping-policy"" rel=""noopener"" target=""_blank"">Learn more</a></p>
<div><br></div>
<div><br></div>
",Tissot,Apparel & Accessories > Jewelry > Watches,Watches,"Watches, Wristwatches, SwiftCommerce_Tissot, Men's Watches",FALSE,Title,Default Title,,,,,,,,T141.417.27.041.00,90,shopify,deny,manual,650.00,,TRUE,TRUE,,,,,,https://www.tissotwatches.com/dw/image/v2/BKKD_PRD/on/demandware.static/-/Sites-Tissot-Catalogue/default/dw1b81c56f/product-pictures/628c3010-40a2-44cc-ac60-6c9f8efd8e25_T141-417-27-041-00_PROFIL.png,1,Tissot T-Race 45mm_1,FALSE,,,,316L stainless steel case with black and blue PVD coating,Men,Blue,,,,,https://www.tissotwatches.com/en-us/T1414172704100.html,Water-resistant up to a pressure of 10 bar (100 m / 330 ft),,,adults,,,,,,,,,,,,,,,,,,,,,,male,,,,,,,,,,,g,,,draft
tissot-t-race-45mm,,,,,,,,,,,,,,,,,,,,,,,,,,,,,,,https://www.tissotwatches.com/dw/image/v2/BKKD_PRD/on/demandware.static/-/Sites-Tissot-Catalogue/default/dwcdf2007c/product-pictures/c7e8f87a-442b-49e0-8eea-66f1758301f9_T141-417-27-041-00_B1-psd.png,2,Tissot T-Race 45mm_2,,,,,,,,,,,,,,,,,,,,,,,,,,,,,,,,,,,,,,,,,,,,,,,,,,,,
tissot-t-race-45mm,,,,,,,,,,,,,,,,,,,,,,,,,,,,,,,https://www.tissotwatches.com/dw/image/v2/BKKD_PRD/on/demandware.static/-/Sites-Tissot-Catalogue/default/dw8e55ab12/product-pictures/c0ff6e78-a5e6-444c-924c-f56faa882c47_T603-051-790_ZOOM.png,3,Tissot T-Race 45mm_3,,,,,,,,,,,,,,,,,,,,,,,,,,,,,,,,,,,,,,,,,,,,,,,,,,,,
tissot-t-race-45mm,,,,,,,,,,,,,,,,,,,,,,,,,,,,,,,https://www.tissotwatches.com/dw/image/v2/BKKD_PRD/on/demandware.static/-/Sites-Tissot-Catalogue/default/dwd194acdd/product-pictures/944c06ed-0040-435f-96ff-ac622fdc8f0c_T141-417-27-041-00_WRIST.png,4,Tissot T-Race 45mm_4,,,,,,,,,,,,,,,,,,,,,,,,,,,,,,,,,,,,,,,,,,,,,,,,,,,,
tissot-le-locle-29mm,Tissot Le Locle 29mm,"The Tissot Le Locle automatic watches form a range that is as rich as it is beautiful. A truly historic timepiece, it embodies the spirit of innovation that has defined Tissot for over a century.
This model has a blue dial, with diamonds inlaid for the hour markers. This model features a patented Nivachron™ balance spring, which significantly attenuates the effects of magnetic fields while resisting shocks, ageing and temperature variations. It also features a date function and a transparent caseback allowing its internal mechanics to be admired. The leather strap has a butterfly clasp with push buttons. It is interchangeable and easy to open.<br><br><table style=""width:100%; border-collapse:collapse;""><tr><td style=""font-weight:bold; border:1px solid #ddd; padding:8px;"">Brand</td><td style=""border:1px solid #ddd; padding:8px;"">Tissot</td></tr><tr><td style=""font-weight:bold; border:1px solid #ddd; padding:8px;"">Reference</td><td style=""border:1px solid #ddd; padding:8px;"">T0062071604600</td></tr><tr><td style=""font-weight:bold; border:1px solid #ddd; padding:8px;"">Case Material</td><td style=""border:1px solid #ddd; padding:8px;"">316L stainless steel case</td></tr><tr><td style=""font-weight:bold; border:1px solid #ddd; padding:8px;"">Movement</td><td style=""border:1px solid #ddd; padding:8px;"">Swiss automatic</td></tr><tr><td style=""font-weight:bold; border:1px solid #ddd; padding:8px;"">Water Resistance</td><td style=""border:1px solid #ddd; padding:8px;"">Water-resistant up to a pressure of 3 bar (30 m / 100 ft)</td></tr><tr><td style=""font-weight:bold; border:1px solid #ddd; padding:8px;"">Weight (g)</td><td style=""border:1px solid #ddd; padding:8px;"">41.0</td></tr><tr><td style=""font-weight:bold; border:1px solid #ddd; padding:8px;"">Case Shape</td><td style=""border:1px solid #ddd; padding:8px;"">Round</td></tr><tr><td style=""font-weight:bold; border:1px solid #ddd; padding:8px;"">Case Diameter (mm)</td><td style=""border:1px solid #ddd; padding:8px;"">29.0</td></tr><tr><td style=""font-weight:bold; border:1px solid #ddd; padding:8px;"">Case Thickness (mm)</td><td style=""border:1px solid #ddd; padding:8px;"">8.95</td></tr><tr><td style=""font-weight:bold; border:1px solid #ddd; padding:8px;"">Lug Width (mm)</td><td style=""border:1px solid #ddd; padding:8px;"">14.00</td></tr><tr><td style=""font-weight:bold; border:1px solid #ddd; padding:8px;"">Crystal</td><td style=""border:1px solid #ddd; padding:8px;"">Scratch-resistant sapphire crystal</td></tr><tr><td style=""font-weight:bold; border:1px solid #ddd; padding:8px;"">Caliber</td><td style=""border:1px solid #ddd; padding:8px;"">7 3/4'''</td></tr><tr><td style=""font-weight:bold; border:1px solid #ddd; padding:8px;"">Movement Diameter (mm)</td><td style=""border:1px solid #ddd; padding:8px;"">17.2</td></tr><tr><td style=""font-weight:bold; border:1px solid #ddd; padding:8px;"">Functions</td><td style=""border:1px solid #ddd; padding:8px;"">Patented Nivachron balance spring</td></tr><tr><td style=""font-weight:bold; border:1px solid #ddd; padding:8px;"">Dial Color</td><td style=""border:1px solid #ddd; padding:8px;"">Blue</td></tr><tr><td style=""font-weight:bold; border:1px solid #ddd; padding:8px;"">Strap Color</td><td style=""border:1px solid #ddd; padding:8px;"">Blue</td></tr></table><br><br>
<div><strong>Easy Returns</strong></div>
<p>This item can be returned within 7 days.&nbsp;<a href=""https://theluxurydirect.com/pages/return-refund-policy"" rel=""noopener"" target=""_blank"">View our return policy</a><br><br></p>
<div><strong>USA Shipping</strong></div>
<p>All of our items ship from the United States.&nbsp;<a href=""https://theluxurydirect.com/pages/shipping-policy"" rel=""noopener"" target=""_blank"">Learn more</a></p>
<div><br></div>
<div><br></div>
",Tissot,Apparel & Accessories > Jewelry > Watches,Watches,"Watches, Wristwatches, SwiftCommerce_Tissot, Women's Watches",FALSE,Title,Default Title,,,,,,,,T006.207.16.046.00,90,shopify,deny,manual,875.00,,TRUE,TRUE,,,,,,https://www.tissotwatches.com/dw/image/v2/BKKD_PRD/on/demandware.static/-/Sites-Tissot-Catalogue/default/dw24e50fd9/product-pictures/99c32816-ac39-4b4e-9754-1bf1267963b1_T006-207-16-046-00_PROFIL.png,1,Tissot Le Locle 29mm_1,FALSE,,,,316L stainless steel case,Women,Blue,,,,,https://www.tissotwatches.com/en-us/T0062071604600.html,Water-resistant up to a pressure of 3 bar (30 m / 100 ft),,,adults,,,,,,,,,,,,,,,,,,,,,,female,,,,,,,,,,,g,,,draft
tissot-le-locle-29mm,,,,,,,,,,,,,,,,,,,,,,,,,,,,,,,https://www.tissotwatches.com/dw/image/v2/BKKD_PRD/on/demandware.static/-/Sites-Tissot-Catalogue/default/dw2016cd7b/product-pictures/1103633b-a9e3-4b28-9a48-ef8d838d2121_T006-207-16-046-00_B1.png,2,Tissot Le Locle 29mm_2,,,,,,,,,,,,,,,,,,,,,,,,,,,,,,,,,,,,,,,,,,,,,,,,,,,,
tissot-le-locle-29mm,,,,,,,,,,,,,,,,,,,,,,,,,,,,,,,https://www.tissotwatches.com/dw/image/v2/BKKD_PRD/on/demandware.static/-/Sites-Tissot-Catalogue/default/dw39e2832a/product-pictures/71458c76-7d9a-4800-baef-7b3166ce34dc_T600-049-328_ZOOM.png,3,Tissot Le Locle 29mm_3,,,,,,,,,,,,,,,,,,,,,,,,,,,,,,,,,,,,,,,,,,,,,,,,,,,,
tissot-le-locle-29mm,,,,,,,,,,,,,,,,,,,,,,,,,,,,,,,https://www.tissotwatches.com/dw/image/v2/BKKD_PRD/on/demandware.static/-/Sites-Tissot-Catalogue/default/dw0b8a72e5/product-pictures/6283f5bc-a7bf-4a75-8cb0-8dc9d2089561_T006-207-16-046-00_WRIST.png,4,Tissot Le Locle 29mm_4,,,,,,,,,,,,,,,,,,,,,,,,,,,,,,,,,,,,,,,,,,,,,,,,,,,,
tissot-le-locle-gold-29mm,Tissot le Locle Gold 29mm,"Named after Tissot's hometown, the Tissot Le Locle embodies the brand’s DNA and craftsmanship values. The Le Locle Automatic Lady, powered by an automatic Swiss movement, displays exquisite elegance. Discover this model with its diamond indexes and its fluted bezel in 18-carat pink gold for a chic and elegant look. The matching leather strap with the dial has a butterfly clasp with push buttons. It is interchangeable and easy to open. This watch will be the perfect finishing touch for daytime and evening looks.<br><br><table style=""width:100%; border-collapse:collapse;""><tr><td style=""font-weight:bold; border:1px solid #ddd; padding:8px;"">Brand</td><td style=""border:1px solid #ddd; padding:8px;"">Tissot</td></tr><tr><td style=""font-weight:bold; border:1px solid #ddd; padding:8px;"">Reference</td><td style=""border:1px solid #ddd; padding:8px;"">T9322074604600</td></tr><tr><td style=""font-weight:bold; border:1px solid #ddd; padding:8px;"">Case Material</td><td style=""border:1px solid #ddd; padding:8px;"">316L stainless steel case with 18K rose gold bezel</td></tr><tr><td style=""font-weight:bold; border:1px solid #ddd; padding:8px;"">Movement</td><td style=""border:1px solid #ddd; padding:8px;"">Swiss automatic</td></tr><tr><td style=""font-weight:bold; border:1px solid #ddd; padding:8px;"">Water Resistance</td><td style=""border:1px solid #ddd; padding:8px;"">Water-resistant up to a pressure of 3 bar (30 m / 100 ft)</td></tr><tr><td style=""font-weight:bold; border:1px solid #ddd; padding:8px;"">Weight (g)</td><td style=""border:1px solid #ddd; padding:8px;"">42.0</td></tr><tr><td style=""font-weight:bold; border:1px solid #ddd; padding:8px;"">Case Shape</td><td style=""border:1px solid #ddd; padding:8px;"">Round</td></tr><tr><td style=""font-weight:bold; border:1px solid #ddd; padding:8px;"">Case Diameter (mm)</td><td style=""border:1px solid #ddd; padding:8px;"">29.0</td></tr><tr><td style=""font-weight:bold; border:1px solid #ddd; padding:8px;"">Case Thickness (mm)</td><td style=""border:1px solid #ddd; padding:8px;"">8.95</td></tr><tr><td style=""font-weight:bold; border:1px solid #ddd; padding:8px;"">Lug Width (mm)</td><td style=""border:1px solid #ddd; padding:8px;"">14.00</td></tr><tr><td style=""font-weight:bold; border:1px solid #ddd; padding:8px;"">Crystal</td><td style=""border:1px solid #ddd; padding:8px;"">Scratch-resistant sapphire crystal with antireflective coating</td></tr><tr><td style=""font-weight:bold; border:1px solid #ddd; padding:8px;"">Caliber</td><td style=""border:1px solid #ddd; padding:8px;"">7 3/4'''</td></tr><tr><td style=""font-weight:bold; border:1px solid #ddd; padding:8px;"">Movement Diameter (mm)</td><td style=""border:1px solid #ddd; padding:8px;"">17.2</td></tr><tr><td style=""font-weight:bold; border:1px solid #ddd; padding:8px;"">Functions</td><td style=""border:1px solid #ddd; padding:8px;"">Patented Nivachron balance spring</td></tr><tr><td style=""font-weight:bold; border:1px solid #ddd; padding:8px;"">Dial Color</td><td style=""border:1px solid #ddd; padding:8px;"">Blue</td></tr><tr><td style=""font-weight:bold; border:1px solid #ddd; padding:8px;"">Strap Color</td><td style=""border:1px solid #ddd; padding:8px;"">Blue</td></tr></table><br><br>
<div><strong>Easy Returns</strong></div>
<p>This item can be returned within 7 days.&nbsp;<a href=""https://theluxurydirect.com/pages/return-refund-policy"" rel=""noopener"" target=""_blank"">View our return policy</a><br><br></p>
<div><strong>USA Shipping</strong></div>
<p>All of our items ship from the United States.&nbsp;<a href=""https://theluxurydirect.com/pages/shipping-policy"" rel=""noopener"" target=""_blank"">Learn more</a></p>
<div><br></div>
<div><br></div>
",Tissot,Apparel & Accessories > Jewelry > Watches,Watches,"Watches, Wristwatches, SwiftCommerce_Tissot, Women's Watches",FALSE,Title,Default Title,,,,,,,,T932.207.46.046.00,90,shopify,deny,manual,1.800.00,,TRUE,TRUE,,,,,,https://www.tissotwatches.com/dw/image/v2/BKKD_PRD/on/demandware.static/-/Sites-Tissot-Catalogue/default/dwe55e3572/product-pictures/91285825-152b-47bb-bfdc-179e24691688_T932-207-46-046-00_PROFIL.png,1,Tissot le Locle Gold 29mm_1,FALSE,,,,316L stainless steel case with 18K rose gold bezel,Women,Blue,,,,,https://www.tissotwatches.com/en-us/T9322074604600.html,Water-resistant up to a pressure of 3 bar (30 m / 100 ft),,,adults,,,,,,,,,,,,,,,,,,,,,,female,,,,,,,,,,,g,,,draft
tissot-le-locle-gold-29mm,,,,,,,,,,,,,,,,,,,,,,,,,,,,,,,https://www.tissotwatches.com/dw/image/v2/BKKD_PRD/on/demandware.static/-/Sites-Tissot-Catalogue/default/dw57ab3147/product-pictures/10ba7a5e-bfeb-4a1f-9605-7e87fbc4969b_T932-207-46-046-00_B1.png,2,Tissot le Locle Gold 29mm_2,,,,,,,,,,,,,,,,,,,,,,,,,,,,,,,,,,,,,,,,,,,,,,,,,,,,
tissot-le-locle-gold-29mm,,,,,,,,,,,,,,,,,,,,,,,,,,,,,,,https://www.tissotwatches.com/dw/image/v2/BKKD_PRD/on/demandware.static/-/Sites-Tissot-Catalogue/default/dw39e2832a/product-pictures/71458c76-7d9a-4800-baef-7b3166ce34dc_T600-049-328_ZOOM.png,3,Tissot le Locle Gold 29mm_3,,,,,,,,,,,,,,,,,,,,,,,,,,,,,,,,,,,,,,,,,,,,,,,,,,,,
tissot-le-locle-gold-29mm,,,,,,,,,,,,,,,,,,,,,,,,,,,,,,,https://www.tissotwatches.com/dw/image/v2/BKKD_PRD/on/demandware.static/-/Sites-Tissot-Catalogue/default/dw568bedf8/product-pictures/0d0d59c5-0d60-4ba6-a7f9-1afe47506caf_T932-207-46-046-00_WRIST.png,4,Tissot le Locle Gold 29mm_4,,,,,,,,,,,,,,,,,,,,,,,,,,,,,,,,,,,,,,,,,,,,,,,,,,,,
tissot-carson-premium-41mm,Tissot Carson Premium 41mm,"This watch offers a rare combination of simplicity and elegance for classic watches. For a touch of sophistication while remaining classic and modern, slender Roman figures appear on the dial.<br><br><table style=""width:100%; border-collapse:collapse;""><tr><td style=""font-weight:bold; border:1px solid #ddd; padding:8px;"">Brand</td><td style=""border:1px solid #ddd; padding:8px;"">Tissot</td></tr><tr><td style=""font-weight:bold; border:1px solid #ddd; padding:8px;"">Reference</td><td style=""border:1px solid #ddd; padding:8px;"">T1224171603300</td></tr><tr><td style=""font-weight:bold; border:1px solid #ddd; padding:8px;"">Case Material</td><td style=""border:1px solid #ddd; padding:8px;"">316L stainless steel case</td></tr><tr><td style=""font-weight:bold; border:1px solid #ddd; padding:8px;"">Movement</td><td style=""border:1px solid #ddd; padding:8px;"">Swiss quartz</td></tr><tr><td style=""font-weight:bold; border:1px solid #ddd; padding:8px;"">Water Resistance</td><td style=""border:1px solid #ddd; padding:8px;"">Water-resistant up to a pressure of 5 bar (50 m / 165 ft)</td></tr><tr><td style=""font-weight:bold; border:1px solid #ddd; padding:8px;"">Weight (g)</td><td style=""border:1px solid #ddd; padding:8px;"">58.0</td></tr><tr><td style=""font-weight:bold; border:1px solid #ddd; padding:8px;"">Case Shape</td><td style=""border:1px solid #ddd; padding:8px;"">Round</td></tr><tr><td style=""font-weight:bold; border:1px solid #ddd; padding:8px;"">Case Diameter (mm)</td><td style=""border:1px solid #ddd; padding:8px;"">41.0</td></tr><tr><td style=""font-weight:bold; border:1px solid #ddd; padding:8px;"">Case Thickness (mm)</td><td style=""border:1px solid #ddd; padding:8px;"">10.21</td></tr><tr><td style=""font-weight:bold; border:1px solid #ddd; padding:8px;"">Lug Width (mm)</td><td style=""border:1px solid #ddd; padding:8px;"">20.00</td></tr><tr><td style=""font-weight:bold; border:1px solid #ddd; padding:8px;"">Crystal</td><td style=""border:1px solid #ddd; padding:8px;"">Scratch-resistant sapphire crystal</td></tr><tr><td style=""font-weight:bold; border:1px solid #ddd; padding:8px;"">Caliber</td><td style=""border:1px solid #ddd; padding:8px;"">13 1/4'''</td></tr><tr><td style=""font-weight:bold; border:1px solid #ddd; padding:8px;"">Movement Diameter (mm)</td><td style=""border:1px solid #ddd; padding:8px;"">29,8</td></tr><tr><td style=""font-weight:bold; border:1px solid #ddd; padding:8px;"">Functions</td><td style=""border:1px solid #ddd; padding:8px;"">EOL (battery end-of-life indicator), 30-minutes and 1/10 of a second counters, Central 60-seconds chronograph hand, ADD and SPLIT functions</td></tr><tr><td style=""font-weight:bold; border:1px solid #ddd; padding:8px;"">Dial Color</td><td style=""border:1px solid #ddd; padding:8px;"">Silver</td></tr><tr><td style=""font-weight:bold; border:1px solid #ddd; padding:8px;"">Strap Color</td><td style=""border:1px solid #ddd; padding:8px;"">Black</td></tr></table><br><br>
<div><strong>Easy Returns</strong></div>
<p>This item can be returned within 7 days.&nbsp;<a href=""https://theluxurydirect.com/pages/return-refund-policy"" rel=""noopener"" target=""_blank"">View our return policy</a><br><br></p>
<div><strong>USA Shipping</strong></div>
<p>All of our items ship from the United States.&nbsp;<a href=""https://theluxurydirect.com/pages/shipping-policy"" rel=""noopener"" target=""_blank"">Learn more</a></p>
<div><br></div>
<div><br></div>
",Tissot,Apparel & Accessories > Jewelry > Watches,Watches,"Watches, Wristwatches, SwiftCommerce_Tissot, Men's Watches",FALSE,Title,Default Title,,,,,,,,T122.417.16.033.00,90,shopify,deny,manual,515.00,,TRUE,TRUE,,,,,,https://www.tissotwatches.com/dw/image/v2/BKKD_PRD/on/demandware.static/-/Sites-Tissot-Catalogue/default/dwa303e58b/product-pictures/7ea5650f-bfe4-450e-9e00-e0f6b6c1b5e3_T122_417_16_033_00_PROFIL.png,1,Tissot Carson Premium 41mm_1,FALSE,,,,316L stainless steel case,Men,Silver,,,,,https://www.tissotwatches.com/en-us/T1224171603300.html,Water-resistant up to a pressure of 5 bar (50 m / 165 ft),,,adults,,,,,,,,,,,,,,,,,,,,,,male,,,,,,,,,,,g,,,draft
tissot-carson-premium-41mm,,,,,,,,,,,,,,,,,,,,,,,,,,,,,,,https://www.tissotwatches.com/dw/image/v2/BKKD_PRD/on/demandware.static/-/Sites-Tissot-Catalogue/default/dw762c4681/product-pictures/b634d15a-0d68-4e18-9d4a-e0861ce39208_T122_417_16_033_00_B1.png,2,Tissot Carson Premium 41mm_2,,,,,,,,,,,,,,,,,,,,,,,,,,,,,,,,,,,,,,,,,,,,,,,,,,,,
tissot-carson-premium-41mm,,,,,,,,,,,,,,,,,,,,,,,,,,,,,,,https://www.tissotwatches.com/dw/image/v2/BKKD_PRD/on/demandware.static/-/Sites-Tissot-Catalogue/default/dwc84a82a9/product-pictures/ea0abb77-c5bd-4870-af85-88a52e606180_T600-043-012_ZOOM.png,3,Tissot Carson Premium 41mm_3,,,,,,,,,,,,,,,,,,,,,,,,,,,,,,,,,,,,,,,,,,,,,,,,,,,,
tissot-carson-premium-41mm,,,,,,,,,,,,,,,,,,,,,,,,,,,,,,,https://www.tissotwatches.com/dw/image/v2/BKKD_PRD/on/demandware.static/-/Sites-Tissot-Catalogue/default/dw6f758f90/product-pictures/bdc5cfac-a529-432c-8eb1-0e9179fd9e2a_T122_417_16_033_00_WRIST.png,4,Tissot Carson Premium 41mm_4,,,,,,,,,,,,,,,,,,,,,,,,,,,,,,,,,,,,,,,,,,,,,,,,,,,,
tissot-pr-100-jungfraubahn-34mm,Tissot PR 100 Jungfraubahn 34mm,"Tissot and Jungfrau, long-standing partners, celebrate Swiss heritage with exclusive timepieces inspired by the untamed Alps and Swiss craftsmanship.
At the meeting point of earth and sky, where the air thins and the horizon stretches endlessly, time takes on a different rhythm—one captured in the PR 100 Jungfrau editions, powered by a reliable quartz movement. Available in two sizes, 34mm and 40mm, they offer a perfect fit for different wrists.
The Jungfrau mountains are delicately engraved on each dial, while the case back bears the inscription 'Jungfrau – Top of Europe,' marking their connection to this revered Swiss landmark.<br><br><table style=""width:100%; border-collapse:collapse;""><tr><td style=""font-weight:bold; border:1px solid #ddd; padding:8px;"">Brand</td><td style=""border:1px solid #ddd; padding:8px;"">Tissot</td></tr><tr><td style=""font-weight:bold; border:1px solid #ddd; padding:8px;"">Reference</td><td style=""border:1px solid #ddd; padding:8px;"">T1502101103101</td></tr><tr><td style=""font-weight:bold; border:1px solid #ddd; padding:8px;"">Case Material</td><td style=""border:1px solid #ddd; padding:8px;"">316L stainless steel case</td></tr><tr><td style=""font-weight:bold; border:1px solid #ddd; padding:8px;"">Movement</td><td style=""border:1px solid #ddd; padding:8px;"">Swiss quartz</td></tr><tr><td style=""font-weight:bold; border:1px solid #ddd; padding:8px;"">Water Resistance</td><td style=""border:1px solid #ddd; padding:8px;"">Water-resistant up to a pressure of 10 bar (100 m / 330 ft)</td></tr><tr><td style=""font-weight:bold; border:1px solid #ddd; padding:8px;"">Weight (g)</td><td style=""border:1px solid #ddd; padding:8px;"">90.0</td></tr><tr><td style=""font-weight:bold; border:1px solid #ddd; padding:8px;"">Case Shape</td><td style=""border:1px solid #ddd; padding:8px;"">Round</td></tr><tr><td style=""font-weight:bold; border:1px solid #ddd; padding:8px;"">Case Diameter (mm)</td><td style=""border:1px solid #ddd; padding:8px;"">34.0</td></tr><tr><td style=""font-weight:bold; border:1px solid #ddd; padding:8px;"">Case Thickness (mm)</td><td style=""border:1px solid #ddd; padding:8px;"">8.25</td></tr><tr><td style=""font-weight:bold; border:1px solid #ddd; padding:8px;"">Lug Width (mm)</td><td style=""border:1px solid #ddd; padding:8px;"">16.00</td></tr><tr><td style=""font-weight:bold; border:1px solid #ddd; padding:8px;"">Crystal</td><td style=""border:1px solid #ddd; padding:8px;"">Scratch-resistant sapphire crystal</td></tr><tr><td style=""font-weight:bold; border:1px solid #ddd; padding:8px;"">Caliber</td><td style=""border:1px solid #ddd; padding:8px;"">10 1/2'''</td></tr><tr><td style=""font-weight:bold; border:1px solid #ddd; padding:8px;"">Movement Diameter (mm)</td><td style=""border:1px solid #ddd; padding:8px;"">23.3</td></tr><tr><td style=""font-weight:bold; border:1px solid #ddd; padding:8px;"">Functions</td><td style=""border:1px solid #ddd; padding:8px;"">EOL (battery end-of-life indicator)</td></tr><tr><td style=""font-weight:bold; border:1px solid #ddd; padding:8px;"">Dial Color</td><td style=""border:1px solid #ddd; padding:8px;"">Silver</td></tr><tr><td style=""font-weight:bold; border:1px solid #ddd; padding:8px;"">Strap Color</td><td style=""border:1px solid #ddd; padding:8px;"">Grey</td></tr></table><br><br>
<div><strong>Easy Returns</strong></div>
<p>This item can be returned within 7 days.&nbsp;<a href=""https://theluxurydirect.com/pages/return-refund-policy"" rel=""noopener"" target=""_blank"">View our return policy</a><br><br></p>
<div><strong>USA Shipping</strong></div>
<p>All of our items ship from the United States.&nbsp;<a href=""https://theluxurydirect.com/pages/shipping-policy"" rel=""noopener"" target=""_blank"">Learn more</a></p>
<div><br></div>
<div><br></div>
",Tissot,Apparel & Accessories > Jewelry > Watches,Watches,"Watches, Wristwatches, SwiftCommerce_Tissot",FALSE,Title,Default Title,,,,,,,,T150.210.11.031.01,90,shopify,deny,manual,395.00,,TRUE,TRUE,,,,,,https://www.tissotwatches.com/dw/image/v2/BKKD_PRD/on/demandware.static/-/Sites-Tissot-Catalogue/default/dw113b2b74/product-pictures/f06a757b-ea09-4297-98cc-d1edc7f21c17_T150-210-11-031-01_PROFIl.png,1,Tissot PR 100 Jungfraubahn 34mm_1,FALSE,,,,316L stainless steel case,Unisex,Silver,,,,,https://www.tissotwatches.com/en-us/T1502101103101.html,Water-resistant up to a pressure of 10 bar (100 m / 330 ft),,,adults,,,,,,,,,,,,,,,,,,,,,,unisex,,,,,,,,,,,g,,,draft
tissot-pr-100-jungfraubahn-34mm,,,,,,,,,,,,,,,,,,,,,,,,,,,,,,,https://www.tissotwatches.com/dw/image/v2/BKKD_PRD/on/demandware.static/-/Sites-Tissot-Catalogue/default/dwf776227f/product-pictures/15ed09dd-8e0e-46a8-81db-bb4872a2fb83_T150-210-11-031-01_B1.png,2,Tissot PR 100 Jungfraubahn 34mm_2,,,,,,,,,,,,,,,,,,,,,,,,,,,,,,,,,,,,,,,,,,,,,,,,,,,,
tissot-pr-100-jungfraubahn-34mm,,,,,,,,,,,,,,,,,,,,,,,,,,,,,,,https://www.tissotwatches.com/dw/image/v2/BKKD_PRD/on/demandware.static/-/Sites-Tissot-Catalogue/default/dw973d8cb7/product-pictures/7e06066f-e986-4019-876b-9906273f47d5_T605-049-323_ZOOM.png,3,Tissot PR 100 Jungfraubahn 34mm_3,,,,,,,,,,,,,,,,,,,,,,,,,,,,,,,,,,,,,,,,,,,,,,,,,,,,
tissot-pr-100-jungfraubahn-34mm,,,,,,,,,,,,,,,,,,,,,,,,,,,,,,,https://www.tissotwatches.com/dw/image/v2/BKKD_PRD/on/demandware.static/-/Sites-Tissot-Catalogue/default/dwda7d3570/product-pictures/555c37ba-d8b0-4840-baf3-263014d434fa_T150-210-11-031-01_WRIST.png,4,Tissot PR 100 Jungfraubahn 34mm_4,,,,,,,,,,,,,,,,,,,,,,,,,,,,,,,,,,,,,,,,,,,,,,,,,,,,
tissot-pr-100-jungfraubahn-34mm,,,,,,,,,,,,,,,,,,,,,,,,,,,,,,,https://www.tissotwatches.com/dw/image/v2/BKKD_PRD/on/demandware.static/-/Sites-Tissot-Catalogue/default/dw6447e085/product-pictures/c37013ed-ff7d-46f9-bdc0-2d2f3a3d7d86_T150-210-11-031-01_OPENED_BOX.png,5,Tissot PR 100 Jungfraubahn 34mm_5,,,,,,,,,,,,,,,,,,,,,,,,,,,,,,,,,,,,,,,,,,,,,,,,,,,,
tissot-pr-100-jungfraubahn-34mm,,,,,,,,,,,,,,,,,,,,,,,,,,,,,,,https://www.tissotwatches.com/dw/image/v2/BKKD_PRD/on/demandware.static/-/Sites-Tissot-Catalogue/default/dwefc0cb8d/product-pictures/d23abc28-c085-4aab-be3b-d22f6de85bb0_T150-210-11-031-01_1_CLOSED_BOX.png,6,Tissot PR 100 Jungfraubahn 34mm_6,,,,,,,,,,,,,,,,,,,,,,,,,,,,,,,,,,,,,,,,,,,,,,,,,,,,
tissot-t-race-38mm,Tissot T-Race 38mm,"Tissot has drawn inspiration from its partnership with motorcycle racing to create a watch that reflects the dynamism of motorcycles and the emotion of the sport. Water resistant, with a Quartz chronograph movement, this stainless-steel watch with its contrasting white bezel will be the ideal companion for fans of biking. The bezel and crown protector are inspired by the brake disc and its calliper. Embrace a riding experience that seamlessly merges motorsports passion and innovation with this beautifully crafted watch, featuring a blue dial and a matching rubber strap.<br><br><table style=""width:100%; border-collapse:collapse;""><tr><td style=""font-weight:bold; border:1px solid #ddd; padding:8px;"">Brand</td><td style=""border:1px solid #ddd; padding:8px;"">Tissot</td></tr><tr><td style=""font-weight:bold; border:1px solid #ddd; padding:8px;"">Reference</td><td style=""border:1px solid #ddd; padding:8px;"">T1418171704100</td></tr><tr><td style=""font-weight:bold; border:1px solid #ddd; padding:8px;"">Case Material</td><td style=""border:1px solid #ddd; padding:8px;"">316L stainless steel case</td></tr><tr><td style=""font-weight:bold; border:1px solid #ddd; padding:8px;"">Movement</td><td style=""border:1px solid #ddd; padding:8px;"">Swiss quartz</td></tr><tr><td style=""font-weight:bold; border:1px solid #ddd; padding:8px;"">Water Resistance</td><td style=""border:1px solid #ddd; padding:8px;"">Water-resistant up to a pressure of 10 bar (100 m / 330 ft)</td></tr><tr><td style=""font-weight:bold; border:1px solid #ddd; padding:8px;"">Weight (g)</td><td style=""border:1px solid #ddd; padding:8px;"">96.0</td></tr><tr><td style=""font-weight:bold; border:1px solid #ddd; padding:8px;"">Case Shape</td><td style=""border:1px solid #ddd; padding:8px;"">Round</td></tr><tr><td style=""font-weight:bold; border:1px solid #ddd; padding:8px;"">Case Diameter (mm)</td><td style=""border:1px solid #ddd; padding:8px;"">38.0</td></tr><tr><td style=""font-weight:bold; border:1px solid #ddd; padding:8px;"">Case Thickness (mm)</td><td style=""border:1px solid #ddd; padding:8px;"">11.46</td></tr><tr><td style=""font-weight:bold; border:1px solid #ddd; padding:8px;"">Lug Width (mm)</td><td style=""border:1px solid #ddd; padding:8px;"">11.45</td></tr><tr><td style=""font-weight:bold; border:1px solid #ddd; padding:8px;"">Crystal</td><td style=""border:1px solid #ddd; padding:8px;"">Scratch-resistant sapphire crystal with antireflective coating</td></tr><tr><td style=""font-weight:bold; border:1px solid #ddd; padding:8px;"">Caliber</td><td style=""border:1px solid #ddd; padding:8px;"">10 1/2'''</td></tr><tr><td style=""font-weight:bold; border:1px solid #ddd; padding:8px;"">Movement Diameter (mm)</td><td style=""border:1px solid #ddd; padding:8px;"">23,3</td></tr><tr><td style=""font-weight:bold; border:1px solid #ddd; padding:8px;"">Functions</td><td style=""border:1px solid #ddd; padding:8px;"">30-minutes and 1/10 of a second counters, Central 60-seconds chronograph hand, ADD and SPLIT functions</td></tr><tr><td style=""font-weight:bold; border:1px solid #ddd; padding:8px;"">Dial Color</td><td style=""border:1px solid #ddd; padding:8px;"">Blue</td></tr><tr><td style=""font-weight:bold; border:1px solid #ddd; padding:8px;"">Strap Color</td><td style=""border:1px solid #ddd; padding:8px;"">Blue</td></tr></table><br><br>
<div><strong>Easy Returns</strong></div>
<p>This item can be returned within 7 days.&nbsp;<a href=""https://theluxurydirect.com/pages/return-refund-policy"" rel=""noopener"" target=""_blank"">View our return policy</a><br><br></p>
<div><strong>USA Shipping</strong></div>
<p>All of our items ship from the United States.&nbsp;<a href=""https://theluxurydirect.com/pages/shipping-policy"" rel=""noopener"" target=""_blank"">Learn more</a></p>
<div><br></div>
<div><br></div>
",Tissot,Apparel & Accessories > Jewelry > Watches,Watches,"Watches, Wristwatches, SwiftCommerce_Tissot",FALSE,Title,Default Title,,,,,,,,T141.817.17.041.00,90,shopify,deny,manual,650.00,,TRUE,TRUE,,,,,,https://www.tissotwatches.com/dw/image/v2/BKKD_PRD/on/demandware.static/-/Sites-Tissot-Catalogue/default/dwde8b6e43/product-pictures/711fb5b4-6fd6-4a40-9c8a-83c6da1ff47c_T141-817-17-041-00_PROFIL.png,1,Tissot T-Race 38mm_1,FALSE,,,,316L stainless steel case,Unisex,Blue,,,,,https://www.tissotwatches.com/en-us/T1418171704100.html,Water-resistant up to a pressure of 10 bar (100 m / 330 ft),,,adults,,,,,,,,,,,,,,,,,,,,,,unisex,,,,,,,,,,,g,,,draft
tissot-t-race-38mm,,,,,,,,,,,,,,,,,,,,,,,,,,,,,,,https://www.tissotwatches.com/dw/image/v2/BKKD_PRD/on/demandware.static/-/Sites-Tissot-Catalogue/default/dw0fd77587/product-pictures/851bf0b4-20d7-4539-9015-0d162e133e42_T141-817-17-041-00_B1.png,2,Tissot T-Race 38mm_2,,,,,,,,,,,,,,,,,,,,,,,,,,,,,,,,,,,,,,,,,,,,,,,,,,,,
tissot-t-race-38mm,,,,,,,,,,,,,,,,,,,,,,,,,,,,,,,https://www.tissotwatches.com/dw/image/v2/BKKD_PRD/on/demandware.static/-/Sites-Tissot-Catalogue/default/dw7b53cc3a/product-pictures/a85f8a76-3f0c-41e9-a795-280ab551d894_T603-051-796_ZOOM.png,3,Tissot T-Race 38mm_3,,,,,,,,,,,,,,,,,,,,,,,,,,,,,,,,,,,,,,,,,,,,,,,,,,,,
tissot-t-race-38mm,,,,,,,,,,,,,,,,,,,,,,,,,,,,,,,https://www.tissotwatches.com/dw/image/v2/BKKD_PRD/on/demandware.static/-/Sites-Tissot-Catalogue/default/dwf5e4989f/product-pictures/6210cc09-fc6c-4982-84c7-f23d685b08fb_T141-817-17-041-00_WRIST.png,4,Tissot T-Race 38mm_4,,,,,,,,,,,,,,,,,,,,,,,,,,,,,,,,,,,,,,,,,,,,,,,,,,,,
tissot-srv-30mm,Tissot SRV 30mm,"The SRV watch is inspired by Art Deco, a distinctive style which flourished in the 1920s. Characterized by geometric shapes and abstract patterns, it became a dominant style in architecture, interior design, fashion and graphic arts. While the SRV is directly inspired from a model from 1975, that very design was itself a reinterpretation of Tissot’s earlier creations from the 1920s. SRV stands for Sapphire Rectangle V, the perfect name for a faceted sapphire glass with a rectangular silhouette, and a 5-bar water resistance, symbolized by the roman number 5. Its quartz movement delivers reliable precision while the End-Of-Life indicator lets you know when it’s time for a battery change. The leather strap stands out by its evolution over time. It adapts to your wrist, offering comfort and a unique fit.<br><br><table style=""width:100%; border-collapse:collapse;""><tr><td style=""font-weight:bold; border:1px solid #ddd; padding:8px;"">Brand</td><td style=""border:1px solid #ddd; padding:8px;"">Tissot</td></tr><tr><td style=""font-weight:bold; border:1px solid #ddd; padding:8px;"">Reference</td><td style=""border:1px solid #ddd; padding:8px;"">T1601103603300</td></tr><tr><td style=""font-weight:bold; border:1px solid #ddd; padding:8px;"">Case Material</td><td style=""border:1px solid #ddd; padding:8px;"">316L stainless steel case with carnation gold PVD coating</td></tr><tr><td style=""font-weight:bold; border:1px solid #ddd; padding:8px;"">Movement</td><td style=""border:1px solid #ddd; padding:8px;"">Swiss quartz</td></tr><tr><td style=""font-weight:bold; border:1px solid #ddd; padding:8px;"">Water Resistance</td><td style=""border:1px solid #ddd; padding:8px;"">Water-resistant up to a pressure of 5 bar (50 m / 165 ft)</td></tr><tr><td style=""font-weight:bold; border:1px solid #ddd; padding:8px;"">Weight (g)</td><td style=""border:1px solid #ddd; padding:8px;"">25.0</td></tr><tr><td style=""font-weight:bold; border:1px solid #ddd; padding:8px;"">Case Shape</td><td style=""border:1px solid #ddd; padding:8px;"">Rectangular</td></tr><tr><td style=""font-weight:bold; border:1px solid #ddd; padding:8px;"">Case Diameter (mm)</td><td style=""border:1px solid #ddd; padding:8px;"">21.8</td></tr><tr><td style=""font-weight:bold; border:1px solid #ddd; padding:8px;"">Case Thickness (mm)</td><td style=""border:1px solid #ddd; padding:8px;"">7.25</td></tr><tr><td style=""font-weight:bold; border:1px solid #ddd; padding:8px;"">Lug Width (mm)</td><td style=""border:1px solid #ddd; padding:8px;"">12.00</td></tr><tr><td style=""font-weight:bold; border:1px solid #ddd; padding:8px;"">Crystal</td><td style=""border:1px solid #ddd; padding:8px;"">Scratch-resistant sapphire crystal</td></tr><tr><td style=""font-weight:bold; border:1px solid #ddd; padding:8px;"">Caliber</td><td style=""border:1px solid #ddd; padding:8px;"">6 3/4''' x 8'''</td></tr><tr><td style=""font-weight:bold; border:1px solid #ddd; padding:8px;"">Movement Diameter (mm)</td><td style=""border:1px solid #ddd; padding:8px;"">15.30 x 17.80</td></tr><tr><td style=""font-weight:bold; border:1px solid #ddd; padding:8px;"">Dial Color</td><td style=""border:1px solid #ddd; padding:8px;"">Silver</td></tr><tr><td style=""font-weight:bold; border:1px solid #ddd; padding:8px;"">Strap Color</td><td style=""border:1px solid #ddd; padding:8px;"">Light brown</td></tr></table><br><br>
<div><strong>Easy Returns</strong></div>
<p>This item can be returned within 7 days.&nbsp;<a href=""https://theluxurydirect.com/pages/return-refund-policy"" rel=""noopener"" target=""_blank"">View our return policy</a><br><br></p>
<div><strong>USA Shipping</strong></div>
<p>All of our items ship from the United States.&nbsp;<a href=""https://theluxurydirect.com/pages/shipping-policy"" rel=""noopener"" target=""_blank"">Learn more</a></p>
<div><br></div>
<div><br></div>
",Tissot,Apparel & Accessories > Jewelry > Watches,Watches,"Watches, Wristwatches, SwiftCommerce_Tissot, Women's Watches",FALSE,Title,Default Title,,,,,,,,T160.110.36.033.00,90,shopify,deny,manual,450.00,,TRUE,TRUE,,,,,,https://www.tissotwatches.com/dw/image/v2/BKKD_PRD/on/demandware.static/-/Sites-Tissot-Catalogue/default/dw599cfa7d/product-pictures/156d9b52-548e-497a-a884-ebba0b66c125_T160-110-36-033-00_PROFIL.png,1,Tissot SRV 30mm_1,FALSE,,,,316L stainless steel case with carnation gold PVD coating,Women,Silver,,,,,https://www.tissotwatches.com/en-us/T1601103603300.html,Water-resistant up to a pressure of 5 bar (50 m / 165 ft),,,adults,,,,,,,,,,,,,,,,,,,,,,female,,,,,,,,,,,g,,,draft
tissot-srv-30mm,,,,,,,,,,,,,,,,,,,,,,,,,,,,,,,https://www.tissotwatches.com/dw/image/v2/BKKD_PRD/on/demandware.static/-/Sites-Tissot-Catalogue/default/dw1d200113/product-pictures/356fd30a-7baa-49e3-9e0e-688fc1f0361d_T160-110-36-033-00_B1.png,2,Tissot SRV 30mm_2,,,,,,,,,,,,,,,,,,,,,,,,,,,,,,,,,,,,,,,,,,,,,,,,,,,,
tissot-srv-30mm,,,,,,,,,,,,,,,,,,,,,,,,,,,,,,,https://www.tissotwatches.com/dw/image/v2/BKKD_PRD/on/demandware.static/-/Sites-Tissot-Catalogue/default/dw8afa54c1/product-pictures/dcddd39b-d41b-4eba-a999-0e06e9db7f80_T600-051-148_ZOOM.png,3,Tissot SRV 30mm_3,,,,,,,,,,,,,,,,,,,,,,,,,,,,,,,,,,,,,,,,,,,,,,,,,,,,
tissot-srv-30mm,,,,,,,,,,,,,,,,,,,,,,,,,,,,,,,https://www.tissotwatches.com/dw/image/v2/BKKD_PRD/on/demandware.static/-/Sites-Tissot-Catalogue/default/dwd4c48515/product-pictures/1c09f998-1df2-48cb-ad1f-0a1b6e1c034b_T160-110-36-033-00_DETAIL-1.png,4,Tissot SRV 30mm_4,,,,,,,,,,,,,,,,,,,,,,,,,,,,,,,,,,,,,,,,,,,,,,,,,,,,
tissot-pr516-38mm,Tissot PR516 38mm,"This watch showcases a sleek 38mm stainless-steel case and a dynamic dial, embodying the spirit of speed and precision. Equipped with a Powermatic 80 movement, it offers unmatched accuracy for the active lifestyle. Super-LumiNova®️-coated indices ensure visibility in all conditions. Its versatile design is complemented by a quick interchangeable bracelet system, perfect for transitioning from business meetings to casual outings. The PR516 Powermatic is a modern classic, blending with Tissot's rich heritage.<br><br><table style=""width:100%; border-collapse:collapse;""><tr><td style=""font-weight:bold; border:1px solid #ddd; padding:8px;"">Brand</td><td style=""border:1px solid #ddd; padding:8px;"">Tissot</td></tr><tr><td style=""font-weight:bold; border:1px solid #ddd; padding:8px;"">Reference</td><td style=""border:1px solid #ddd; padding:8px;"">T1494071103100</td></tr><tr><td style=""font-weight:bold; border:1px solid #ddd; padding:8px;"">Case Material</td><td style=""border:1px solid #ddd; padding:8px;"">316L stainless steel case with black PVD coating</td></tr><tr><td style=""font-weight:bold; border:1px solid #ddd; padding:8px;"">Movement</td><td style=""border:1px solid #ddd; padding:8px;"">Swiss automatic</td></tr><tr><td style=""font-weight:bold; border:1px solid #ddd; padding:8px;"">Water Resistance</td><td style=""border:1px solid #ddd; padding:8px;"">Water-resistant up to a pressure of 10 bar (100 m / 330 ft)</td></tr><tr><td style=""font-weight:bold; border:1px solid #ddd; padding:8px;"">Weight (g)</td><td style=""border:1px solid #ddd; padding:8px;"">146.0</td></tr><tr><td style=""font-weight:bold; border:1px solid #ddd; padding:8px;"">Case Shape</td><td style=""border:1px solid #ddd; padding:8px;"">Round</td></tr><tr><td style=""font-weight:bold; border:1px solid #ddd; padding:8px;"">Case Diameter (mm)</td><td style=""border:1px solid #ddd; padding:8px;"">38.0</td></tr><tr><td style=""font-weight:bold; border:1px solid #ddd; padding:8px;"">Case Thickness (mm)</td><td style=""border:1px solid #ddd; padding:8px;"">11.18</td></tr><tr><td style=""font-weight:bold; border:1px solid #ddd; padding:8px;"">Lug Width (mm)</td><td style=""border:1px solid #ddd; padding:8px;"">20.00</td></tr><tr><td style=""font-weight:bold; border:1px solid #ddd; padding:8px;"">Crystal</td><td style=""border:1px solid #ddd; padding:8px;"">Scratch-resistant sapphire crystal with antireflective coating</td></tr><tr><td style=""font-weight:bold; border:1px solid #ddd; padding:8px;"">Caliber</td><td style=""border:1px solid #ddd; padding:8px;"">11 1/2'''</td></tr><tr><td style=""font-weight:bold; border:1px solid #ddd; padding:8px;"">Movement Diameter (mm)</td><td style=""border:1px solid #ddd; padding:8px;"">25,6</td></tr><tr><td style=""font-weight:bold; border:1px solid #ddd; padding:8px;"">Functions</td><td style=""border:1px solid #ddd; padding:8px;"">Patented Nivachron balance spring</td></tr><tr><td style=""font-weight:bold; border:1px solid #ddd; padding:8px;"">Dial Color</td><td style=""border:1px solid #ddd; padding:8px;"">White</td></tr><tr><td style=""font-weight:bold; border:1px solid #ddd; padding:8px;"">Strap Color</td><td style=""border:1px solid #ddd; padding:8px;"">Grey</td></tr></table><br><br>
<div><strong>Easy Returns</strong></div>
<p>This item can be returned within 7 days.&nbsp;<a href=""https://theluxurydirect.com/pages/return-refund-policy"" rel=""noopener"" target=""_blank"">View our return policy</a><br><br></p>
<div><strong>USA Shipping</strong></div>
<p>All of our items ship from the United States.&nbsp;<a href=""https://theluxurydirect.com/pages/shipping-policy"" rel=""noopener"" target=""_blank"">Learn more</a></p>
<div><br></div>
<div><br></div>
",Tissot,Apparel & Accessories > Jewelry > Watches,Watches,"Watches, Wristwatches, SwiftCommerce_Tissot",FALSE,Title,Default Title,,,,,,,,T149.407.11.031.00,90,shopify,deny,manual,825.00,,TRUE,TRUE,,,,,,https://www.tissotwatches.com/dw/image/v2/BKKD_PRD/on/demandware.static/-/Sites-Tissot-Catalogue/default/dw6c925273/product-pictures/54369a9f-1d6a-4882-b572-e39bf96b26db_T149-407-11-031-00_PROFIL.png,1,Tissot PR516 38mm_1,FALSE,,,,316L stainless steel case with black PVD coating,Unisex,White,,,,,https://www.tissotwatches.com/en-us/T1494071103100.html,Water-resistant up to a pressure of 10 bar (100 m / 330 ft),,,adults,,,,,,,,,,,,,,,,,,,,,,unisex,,,,,,,,,,,g,,,draft
tissot-pr516-38mm,,,,,,,,,,,,,,,,,,,,,,,,,,,,,,,https://www.tissotwatches.com/dw/image/v2/BKKD_PRD/on/demandware.static/-/Sites-Tissot-Catalogue/default/dw483a9967/product-pictures/64bc0a37-c176-4b36-a659-64fbb36c6938_T149-407-11-031-00_B1.png,2,Tissot PR516 38mm_2,,,,,,,,,,,,,,,,,,,,,,,,,,,,,,,,,,,,,,,,,,,,,,,,,,,,
tissot-pr516-38mm,,,,,,,,,,,,,,,,,,,,,,,,,,,,,,,https://www.tissotwatches.com/dw/image/v2/BKKD_PRD/on/demandware.static/-/Sites-Tissot-Catalogue/default/dw6d70972e/product-pictures/178272cf-f9ff-4631-b857-7108bf64a0ed_T605-050-083_ZOOM.png,3,Tissot PR516 38mm_3,,,,,,,,,,,,,,,,,,,,,,,,,,,,,,,,,,,,,,,,,,,,,,,,,,,,
tissot-pr516-38mm,,,,,,,,,,,,,,,,,,,,,,,,,,,,,,,https://www.tissotwatches.com/dw/image/v2/BKKD_PRD/on/demandware.static/-/Sites-Tissot-Catalogue/default/dwdf8c34a6/product-pictures/18aef814-8979-41f8-8a6d-e2b844ac3ee9_T149-407-11-031-00_WRIST.png,4,Tissot PR516 38mm_4,,,,,,,,,,,,,,,,,,,,,,,,,,,,,,,,,,,,,,,,,,,,,,,,,,,,
tissot-carson-premium-30mm,Tissot Carson Premium 30mm,"The Tissot Carson is a timeless piece, which will suit any time and place.<br><br><table style=""width:100%; border-collapse:collapse;""><tr><td style=""font-weight:bold; border:1px solid #ddd; padding:8px;"">Brand</td><td style=""border:1px solid #ddd; padding:8px;"">Tissot</td></tr><tr><td style=""font-weight:bold; border:1px solid #ddd; padding:8px;"">Reference</td><td style=""border:1px solid #ddd; padding:8px;"">T1222102203300</td></tr><tr><td style=""font-weight:bold; border:1px solid #ddd; padding:8px;"">Case Material</td><td style=""border:1px solid #ddd; padding:8px;"">316L stainless steel case with yellow gold PVD coating</td></tr><tr><td style=""font-weight:bold; border:1px solid #ddd; padding:8px;"">Movement</td><td style=""border:1px solid #ddd; padding:8px;"">Swiss quartz</td></tr><tr><td style=""font-weight:bold; border:1px solid #ddd; padding:8px;"">Water Resistance</td><td style=""border:1px solid #ddd; padding:8px;"">Water-resistant up to a pressure of 5 bar (50 m / 165 ft)</td></tr><tr><td style=""font-weight:bold; border:1px solid #ddd; padding:8px;"">Weight (g)</td><td style=""border:1px solid #ddd; padding:8px;"">70.0</td></tr><tr><td style=""font-weight:bold; border:1px solid #ddd; padding:8px;"">Case Shape</td><td style=""border:1px solid #ddd; padding:8px;"">Round</td></tr><tr><td style=""font-weight:bold; border:1px solid #ddd; padding:8px;"">Case Diameter (mm)</td><td style=""border:1px solid #ddd; padding:8px;"">30.0</td></tr><tr><td style=""font-weight:bold; border:1px solid #ddd; padding:8px;"">Case Thickness (mm)</td><td style=""border:1px solid #ddd; padding:8px;"">6.7</td></tr><tr><td style=""font-weight:bold; border:1px solid #ddd; padding:8px;"">Lug Width (mm)</td><td style=""border:1px solid #ddd; padding:8px;"">15.00</td></tr><tr><td style=""font-weight:bold; border:1px solid #ddd; padding:8px;"">Crystal</td><td style=""border:1px solid #ddd; padding:8px;"">Scratch-resistant sapphire crystal</td></tr><tr><td style=""font-weight:bold; border:1px solid #ddd; padding:8px;"">Caliber</td><td style=""border:1px solid #ddd; padding:8px;"">7 3/4'''</td></tr><tr><td style=""font-weight:bold; border:1px solid #ddd; padding:8px;"">Movement Diameter (mm)</td><td style=""border:1px solid #ddd; padding:8px;"">17,2</td></tr><tr><td style=""font-weight:bold; border:1px solid #ddd; padding:8px;"">Functions</td><td style=""border:1px solid #ddd; padding:8px;"">EOL (battery end-of-life indicator)</td></tr><tr><td style=""font-weight:bold; border:1px solid #ddd; padding:8px;"">Dial Color</td><td style=""border:1px solid #ddd; padding:8px;"">Silver</td></tr><tr><td style=""font-weight:bold; border:1px solid #ddd; padding:8px;"">Strap Color</td><td style=""border:1px solid #ddd; padding:8px;"">Grey, Yellow Gold 1N14</td></tr></table><br><br>
<div><strong>Easy Returns</strong></div>
<p>This item can be returned within 7 days.&nbsp;<a href=""https://theluxurydirect.com/pages/return-refund-policy"" rel=""noopener"" target=""_blank"">View our return policy</a><br><br></p>
<div><strong>USA Shipping</strong></div>
<p>All of our items ship from the United States.&nbsp;<a href=""https://theluxurydirect.com/pages/shipping-policy"" rel=""noopener"" target=""_blank"">Learn more</a></p>
<div><br></div>
<div><br></div>
",Tissot,Apparel & Accessories > Jewelry > Watches,Watches,"Watches, Wristwatches, SwiftCommerce_Tissot, Women's Watches",FALSE,Title,Default Title,,,,,,,,T122.210.22.033.00,90,shopify,deny,manual,550.00,,TRUE,TRUE,,,,,,https://www.tissotwatches.com/dw/image/v2/BKKD_PRD/on/demandware.static/-/Sites-Tissot-Catalogue/default/dw200922b9/product-pictures/6b01278d-c9cd-4392-8f27-3f8c4b35d345_T605-043-624_ZOOM.png,1,Tissot Carson Premium 30mm_1,FALSE,,,,316L stainless steel case with yellow gold PVD coating,Women,Silver,,,,,https://www.tissotwatches.com/en-us/T1222102203300.html,Water-resistant up to a pressure of 5 bar (50 m / 165 ft),,,adults,,,,,,,,,,,,,,,,,,,,,,female,,,,,,,,,,,g,,,draft
tissot-seastar-1000-38mm,Tissot Seastar 1000 38mm,"Born from the Seastar’s heritage, the new 38mm Quartz Chronograph introduces a new expression of the collection’s signature identity — bringing precision to motion and personality to every variation.
Its 38mm stainless-steel case is water-resistant up to 30 bar (300m/ 1000ft), offering reliable performance in a format that suits a wide range of wrists.
Powered by a Swiss quartz chronograph movement, it features a watersport bezel, screw-down crown and case back, and chronograph sub-dials for precise timing. Luminescent hands and markers ensure legibility in low-light conditions.
Available in a range of configurations, the collection brings a wide variety of finishes and strap options to suit different moods and styles.<br><br><table style=""width:100%; border-collapse:collapse;""><tr><td style=""font-weight:bold; border:1px solid #ddd; padding:8px;"">Brand</td><td style=""border:1px solid #ddd; padding:8px;"">Tissot</td></tr><tr><td style=""font-weight:bold; border:1px solid #ddd; padding:8px;"">Reference</td><td style=""border:1px solid #ddd; padding:8px;"">T1202173306100</td></tr><tr><td style=""font-weight:bold; border:1px solid #ddd; padding:8px;"">Case Material</td><td style=""border:1px solid #ddd; padding:8px;"">316L stainless steel case with black PVD coating</td></tr><tr><td style=""font-weight:bold; border:1px solid #ddd; padding:8px;"">Movement</td><td style=""border:1px solid #ddd; padding:8px;"">Swiss quartz</td></tr><tr><td style=""font-weight:bold; border:1px solid #ddd; padding:8px;"">Water Resistance</td><td style=""border:1px solid #ddd; padding:8px;"">Water-resistant up to a pressure of 30 bar (300 m / 1000 ft)</td></tr><tr><td style=""font-weight:bold; border:1px solid #ddd; padding:8px;"">Weight (g)</td><td style=""border:1px solid #ddd; padding:8px;"">131.0</td></tr><tr><td style=""font-weight:bold; border:1px solid #ddd; padding:8px;"">Case Shape</td><td style=""border:1px solid #ddd; padding:8px;"">Round</td></tr><tr><td style=""font-weight:bold; border:1px solid #ddd; padding:8px;"">Case Diameter (mm)</td><td style=""border:1px solid #ddd; padding:8px;"">38.0</td></tr><tr><td style=""font-weight:bold; border:1px solid #ddd; padding:8px;"">Case Thickness (mm)</td><td style=""border:1px solid #ddd; padding:8px;"">12.95</td></tr><tr><td style=""font-weight:bold; border:1px solid #ddd; padding:8px;"">Lug Width (mm)</td><td style=""border:1px solid #ddd; padding:8px;"">18.00</td></tr><tr><td style=""font-weight:bold; border:1px solid #ddd; padding:8px;"">Crystal</td><td style=""border:1px solid #ddd; padding:8px;"">Scratch-resistant sapphire crystal with double-sided antireflective coating</td></tr><tr><td style=""font-weight:bold; border:1px solid #ddd; padding:8px;"">Caliber</td><td style=""border:1px solid #ddd; padding:8px;"">10 1/2'''</td></tr><tr><td style=""font-weight:bold; border:1px solid #ddd; padding:8px;"">Movement Diameter (mm)</td><td style=""border:1px solid #ddd; padding:8px;"">23,3</td></tr><tr><td style=""font-weight:bold; border:1px solid #ddd; padding:8px;"">Functions</td><td style=""border:1px solid #ddd; padding:8px;"">EOL (battery end-of-life indicator), 30-minutes and 1/10 of a second counters, Central 60-seconds chronograph hand, ADD and SPLIT functions</td></tr><tr><td style=""font-weight:bold; border:1px solid #ddd; padding:8px;"">Dial Color</td><td style=""border:1px solid #ddd; padding:8px;"">Graded grey-black</td></tr><tr><td style=""font-weight:bold; border:1px solid #ddd; padding:8px;"">Strap Color</td><td style=""border:1px solid #ddd; padding:8px;"">Black</td></tr></table><br><br>
<div><strong>Easy Returns</strong></div>
<p>This item can be returned within 7 days.&nbsp;<a href=""https://theluxurydirect.com/pages/return-refund-policy"" rel=""noopener"" target=""_blank"">View our return policy</a><br><br></p>
<div><strong>USA Shipping</strong></div>
<p>All of our items ship from the United States.&nbsp;<a href=""https://theluxurydirect.com/pages/shipping-policy"" rel=""noopener"" target=""_blank"">Learn more</a></p>
<div><br></div>
<div><br></div>
",Tissot,Apparel & Accessories > Jewelry > Watches,Watches,"Watches, Wristwatches, SwiftCommerce_Tissot",FALSE,Title,Default Title,,,,,,,,T120.217.33.061.00,90,shopify,deny,manual,675.00,,TRUE,TRUE,,,,,,https://www.tissotwatches.com/dw/image/v2/BKKD_PRD/on/demandware.static/-/Sites-Tissot-Catalogue/default/dw9cce00f7/product-pictures/d75af1c2-0270-4c3b-b645-3b8bae31bed7_T120-217-33-061-00_PROFIL.png,1,Tissot Seastar 1000 38mm_1,FALSE,,,,316L stainless steel case with black PVD coating,Unisex,Graded grey-black,,,,,https://www.tissotwatches.com/en-us/T1202173306100.html,Water-resistant up to a pressure of 30 bar (300 m / 1000 ft),,,adults,,,,,,,,,,,,,,,,,,,,,,unisex,,,,,,,,,,,g,,,draft
tissot-seastar-1000-38mm,,,,,,,,,,,,,,,,,,,,,,,,,,,,,,,https://www.tissotwatches.com/dw/image/v2/BKKD_PRD/on/demandware.static/-/Sites-Tissot-Catalogue/default/dwbdb2320b/product-pictures/e2799532-f46b-4bd9-88e5-6f212b1e21dd_T120-217-33-061-00_B1.png,2,Tissot Seastar 1000 38mm_2,,,,,,,,,,,,,,,,,,,,,,,,,,,,,,,,,,,,,,,,,,,,,,,,,,,,
tissot-seastar-1000-38mm,,,,,,,,,,,,,,,,,,,,,,,,,,,,,,,https://www.tissotwatches.com/dw/image/v2/BKKD_PRD/on/demandware.static/-/Sites-Tissot-Catalogue/default/dw43c8cce7/product-pictures/18a6167a-d05e-49c6-909a-5e47fc9c0173_T605-050-794_ZOOM.png,3,Tissot Seastar 1000 38mm_3,,,,,,,,,,,,,,,,,,,,,,,,,,,,,,,,,,,,,,,,,,,,,,,,,,,,
tissot-seastar-1000-38mm,,,,,,,,,,,,,,,,,,,,,,,,,,,,,,,https://www.tissotwatches.com/dw/image/v2/BKKD_PRD/on/demandware.static/-/Sites-Tissot-Catalogue/default/dwd111e2e7/product-pictures/ab6cf523-a71f-4b50-98dc-0642200e970b_T120-217-33-061-00_DETAIL-1.png,4,Tissot Seastar 1000 38mm_4,,,,,,,,,,,,,,,,,,,,,,,,,,,,,,,,,,,,,,,,,,,,,,,,,,,,
tissot-seastar-1000-38mm,,,,,,,,,,,,,,,,,,,,,,,,,,,,,,,https://www.tissotwatches.com/dw/image/v2/BKKD_PRD/on/demandware.static/-/Sites-Tissot-Catalogue/default/dw00d81cff/product-pictures/8af3a6ad-7469-4317-abba-47442ccf7e63_T120-217-33-061_AMB.png,5,Tissot Seastar 1000 38mm_5,,,,,,,,,,,,,,,,,,,,,,,,,,,,,,,,,,,,,,,,,,,,,,,,,,,,
tissot-savonnette-48-5mm,Tissot Savonnette 48.5mm,"Since 1853, pocket watches have been a signature at Tissot. Whether worn with a chain and a three-piece suit or as an accessory as compulsory as the conductor's hat, Tissot's pocket watches keep the romance of timekeeping alive. Available in brass or Stainless Steel, quartz or mechanical, ornate or unadorned, Tissot's Savonnette Pocket Watch collection connects us to history while grounding us in the present moment.<br><br><table style=""width:100%; border-collapse:collapse;""><tr><td style=""font-weight:bold; border:1px solid #ddd; padding:8px;"">Brand</td><td style=""border:1px solid #ddd; padding:8px;"">Tissot</td></tr><tr><td style=""font-weight:bold; border:1px solid #ddd; padding:8px;"">Reference</td><td style=""border:1px solid #ddd; padding:8px;"">T83655313</td></tr><tr><td style=""font-weight:bold; border:1px solid #ddd; padding:8px;"">Case Material</td><td style=""border:1px solid #ddd; padding:8px;"">316L stainless steel case</td></tr><tr><td style=""font-weight:bold; border:1px solid #ddd; padding:8px;"">Movement</td><td style=""border:1px solid #ddd; padding:8px;"">Swiss quartz</td></tr><tr><td style=""font-weight:bold; border:1px solid #ddd; padding:8px;"">Weight (g)</td><td style=""border:1px solid #ddd; padding:8px;"">62.0</td></tr><tr><td style=""font-weight:bold; border:1px solid #ddd; padding:8px;"">Case Shape</td><td style=""border:1px solid #ddd; padding:8px;"">Round</td></tr><tr><td style=""font-weight:bold; border:1px solid #ddd; padding:8px;"">Case Diameter (mm)</td><td style=""border:1px solid #ddd; padding:8px;"">48.5</td></tr><tr><td style=""font-weight:bold; border:1px solid #ddd; padding:8px;"">Case Thickness (mm)</td><td style=""border:1px solid #ddd; padding:8px;"">10.4</td></tr><tr><td style=""font-weight:bold; border:1px solid #ddd; padding:8px;"">Lug Width (mm)</td><td style=""border:1px solid #ddd; padding:8px;"">0.00</td></tr><tr><td style=""font-weight:bold; border:1px solid #ddd; padding:8px;"">Crystal</td><td style=""border:1px solid #ddd; padding:8px;"">Domed mineral crystal</td></tr><tr><td style=""font-weight:bold; border:1px solid #ddd; padding:8px;"">Caliber</td><td style=""border:1px solid #ddd; padding:8px;"">11 1/2'''</td></tr><tr><td style=""font-weight:bold; border:1px solid #ddd; padding:8px;"">Movement Diameter (mm)</td><td style=""border:1px solid #ddd; padding:8px;"">25,6</td></tr><tr><td style=""font-weight:bold; border:1px solid #ddd; padding:8px;"">Functions</td><td style=""border:1px solid #ddd; padding:8px;"">EOL (battery end-of-life indicator)</td></tr><tr><td style=""font-weight:bold; border:1px solid #ddd; padding:8px;"">Dial Color</td><td style=""border:1px solid #ddd; padding:8px;"">White</td></tr></table><br><br>
<div><strong>Easy Returns</strong></div>
<p>This item can be returned within 7 days.&nbsp;<a href=""https://theluxurydirect.com/pages/return-refund-policy"" rel=""noopener"" target=""_blank"">View our return policy</a><br><br></p>
<div><strong>USA Shipping</strong></div>
<p>All of our items ship from the United States.&nbsp;<a href=""https://theluxurydirect.com/pages/shipping-policy"" rel=""noopener"" target=""_blank"">Learn more</a></p>
<div><br></div>
<div><br></div>
",Tissot,Apparel & Accessories > Jewelry > Watches,Watches,"Watches, Wristwatches, SwiftCommerce_Tissot",FALSE,Title,Default Title,,,,,,,,T83.6.553.13,90,shopify,deny,manual,375.00,,TRUE,TRUE,,,,,,https://www.tissotwatches.com/dw/image/v2/BKKD_PRD/on/demandware.static/-/Sites-Tissot-Catalogue/default/dw0d66b755/product-pictures/f8cc29e4-cd76-408d-9798-f1b349d7d12d_T657-047-658_ZOOM.png,1,Tissot Savonnette 48.5mm_1,FALSE,,,,316L stainless steel case,Unisex,White,,,,,https://www.tissotwatches.com/en-us/T83655313.html,,,,adults,,,,,,,,,,,,,,,,,,,,,,unisex,,,,,,,,,,,g,,,draft
tissot-savonnette-48-5mm,,,,,,,,,,,,,,,,,,,,,,,,,,,,,,,https://www.tissotwatches.com/dw/image/v2/BKKD_PRD/on/demandware.static/-/Sites-Tissot-Catalogue/default/dw7265db85/product-pictures/cd348574-cd29-4627-a11f-b98d85fa07f2_T83-6-553-13_CLOSED.png,2,Tissot Savonnette 48.5mm_2,,,,,,,,,,,,,,,,,,,,,,,,,,,,,,,,,,,,,,,,,,,,,,,,,,,,
tissot-savonnette-48-5mm,,,,,,,,,,,,,,,,,,,,,,,,,,,,,,,https://www.tissotwatches.com/dw/image/v2/BKKD_PRD/on/demandware.static/-/Sites-Tissot-Catalogue/default/dw0c93e79f/product-pictures/6ce26f79-13fd-4809-b89e-5baafc53ae9d_T83-6-553-13_OPENCLOSED.png,3,Tissot Savonnette 48.5mm_3,,,,,,,,,,,,,,,,,,,,,,,,,,,,,,,,,,,,,,,,,,,,,,,,,,,,
tissot-t-race-38mm,Tissot T-Race 38mm,"Tissot has drawn inspiration from its partnership with motorcycle racing to create a watch that reflects the dynamism of motorcycles and the emotion of the sport. Water resistant, with a Quartz chronograph movement, this stainless-steel watch with its contrasting white bezel will be the ideal companion for fans of biking. The bezel and crown protector are inspired by the brake disc and its calliper. Embrace a riding experience that seamlessly merges motorsports passion and innovation with this beautifully crafted watch, featuring a deep black dial and a matching rubber strap.<br><br><table style=""width:100%; border-collapse:collapse;""><tr><td style=""font-weight:bold; border:1px solid #ddd; padding:8px;"">Brand</td><td style=""border:1px solid #ddd; padding:8px;"">Tissot</td></tr><tr><td style=""font-weight:bold; border:1px solid #ddd; padding:8px;"">Reference</td><td style=""border:1px solid #ddd; padding:8px;"">T1418171705100</td></tr><tr><td style=""font-weight:bold; border:1px solid #ddd; padding:8px;"">Case Material</td><td style=""border:1px solid #ddd; padding:8px;"">316L stainless steel case</td></tr><tr><td style=""font-weight:bold; border:1px solid #ddd; padding:8px;"">Movement</td><td style=""border:1px solid #ddd; padding:8px;"">Swiss quartz</td></tr><tr><td style=""font-weight:bold; border:1px solid #ddd; padding:8px;"">Water Resistance</td><td style=""border:1px solid #ddd; padding:8px;"">Water-resistant up to a pressure of 10 bar (100 m / 330 ft)</td></tr><tr><td style=""font-weight:bold; border:1px solid #ddd; padding:8px;"">Weight (g)</td><td style=""border:1px solid #ddd; padding:8px;"">96.0</td></tr><tr><td style=""font-weight:bold; border:1px solid #ddd; padding:8px;"">Case Shape</td><td style=""border:1px solid #ddd; padding:8px;"">Round</td></tr><tr><td style=""font-weight:bold; border:1px solid #ddd; padding:8px;"">Case Diameter (mm)</td><td style=""border:1px solid #ddd; padding:8px;"">38.0</td></tr><tr><td style=""font-weight:bold; border:1px solid #ddd; padding:8px;"">Case Thickness (mm)</td><td style=""border:1px solid #ddd; padding:8px;"">11.46</td></tr><tr><td style=""font-weight:bold; border:1px solid #ddd; padding:8px;"">Lug Width (mm)</td><td style=""border:1px solid #ddd; padding:8px;"">11.45</td></tr><tr><td style=""font-weight:bold; border:1px solid #ddd; padding:8px;"">Crystal</td><td style=""border:1px solid #ddd; padding:8px;"">Scratch-resistant sapphire crystal with antireflective coating</td></tr><tr><td style=""font-weight:bold; border:1px solid #ddd; padding:8px;"">Caliber</td><td style=""border:1px solid #ddd; padding:8px;"">10 1/2'''</td></tr><tr><td style=""font-weight:bold; border:1px solid #ddd; padding:8px;"">Movement Diameter (mm)</td><td style=""border:1px solid #ddd; padding:8px;"">23,3</td></tr><tr><td style=""font-weight:bold; border:1px solid #ddd; padding:8px;"">Functions</td><td style=""border:1px solid #ddd; padding:8px;"">30-minutes and 1/10 of a second counters, Central 60-seconds chronograph hand, ADD and SPLIT functions</td></tr><tr><td style=""font-weight:bold; border:1px solid #ddd; padding:8px;"">Dial Color</td><td style=""border:1px solid #ddd; padding:8px;"">Black</td></tr><tr><td style=""font-weight:bold; border:1px solid #ddd; padding:8px;"">Strap Color</td><td style=""border:1px solid #ddd; padding:8px;"">Black</td></tr></table><br><br>
<div><strong>Easy Returns</strong></div>
<p>This item can be returned within 7 days.&nbsp;<a href=""https://theluxurydirect.com/pages/return-refund-policy"" rel=""noopener"" target=""_blank"">View our return policy</a><br><br></p>
<div><strong>USA Shipping</strong></div>
<p>All of our items ship from the United States.&nbsp;<a href=""https://theluxurydirect.com/pages/shipping-policy"" rel=""noopener"" target=""_blank"">Learn more</a></p>
<div><br></div>
<div><br></div>
",Tissot,Apparel & Accessories > Jewelry > Watches,Watches,"Watches, Wristwatches, SwiftCommerce_Tissot",FALSE,Title,Default Title,,,,,,,,T141.817.17.051.00,90,shopify,deny,manual,650.00,,TRUE,TRUE,,,,,,https://www.tissotwatches.com/dw/image/v2/BKKD_PRD/on/demandware.static/-/Sites-Tissot-Catalogue/default/dw6fbf5e6d/product-pictures/13404289-954f-48a7-8ed7-4f0e376cdc32_T141-817-17-051-00_PROFIL.png,1,Tissot T-Race 38mm_1,FALSE,,,,316L stainless steel case,Unisex,Black,,,,,https://www.tissotwatches.com/en-us/T1418171705100.html,Water-resistant up to a pressure of 10 bar (100 m / 330 ft),,,adults,,,,,,,,,,,,,,,,,,,,,,unisex,,,,,,,,,,,g,,,draft
tissot-t-race-38mm,,,,,,,,,,,,,,,,,,,,,,,,,,,,,,,https://www.tissotwatches.com/dw/image/v2/BKKD_PRD/on/demandware.static/-/Sites-Tissot-Catalogue/default/dwf1f0fa4d/product-pictures/df4a2150-da6b-4151-8712-d502dc55bf07_T141-817-17-051-00_B1.png,2,Tissot T-Race 38mm_2,,,,,,,,,,,,,,,,,,,,,,,,,,,,,,,,,,,,,,,,,,,,,,,,,,,,
tissot-t-race-38mm,,,,,,,,,,,,,,,,,,,,,,,,,,,,,,,https://www.tissotwatches.com/dw/image/v2/BKKD_PRD/on/demandware.static/-/Sites-Tissot-Catalogue/default/dw3b22f63e/product-pictures/0c79cb46-e260-4f94-9719-0529096850b6_T603-051-852_ZOOM.png,3,Tissot T-Race 38mm_3,,,,,,,,,,,,,,,,,,,,,,,,,,,,,,,,,,,,,,,,,,,,,,,,,,,,
tissot-t-race-38mm,,,,,,,,,,,,,,,,,,,,,,,,,,,,,,,https://www.tissotwatches.com/dw/image/v2/BKKD_PRD/on/demandware.static/-/Sites-Tissot-Catalogue/default/dwfc50cad7/product-pictures/b121a7bf-516a-4d0e-84d0-9a41e921b8e6_T141-817-17-051-00_WRIST.png,4,Tissot T-Race 38mm_4,,,,,,,,,,,,,,,,,,,,,,,,,,,,,,,,,,,,,,,,,,,,,,,,,,,,
tissot-pr-100-vuelta-40mm,Tissot PR 100 Vuelta 40mm,"This special edition boasts a case crafted from 316L stainless steel, durable and resistant, ensuring the watch maintains its appeal even under strenuous conditions. The dial features a thematic asphalt-grained black, reflecting the road beneath the cyclists' wheels. The design incorporates a second hand in the iconic red of La Vuelta, cleverly shaped like a bicycle. The black disc of the date window adds a sleek touch, aligning with the watch’s overall aesthetic. The G10.212 chrono quartz movement within provides precision and robustness, complemented by water resistance up to 10 bar (100 meters/330 feet), and visibility in low-light conditions is guaranteed by the Super-LumiNova® coating on the needle-shaped hands. The caseback of this Grand Tour PR100 model is engraved with the respective logo of La Vuelta. The PR100's versatility is enhanced by a three-row metal bracelet with a butterfly buckle. A secondary bi-material black strap uses the texture of bicycle handlebar grips and features colours corresponding to the ones of La Vuelta. This product is not available for sale in the state of California.<br><br><table style=""width:100%; border-collapse:collapse;""><tr><td style=""font-weight:bold; border:1px solid #ddd; padding:8px;"">Brand</td><td style=""border:1px solid #ddd; padding:8px;"">Tissot</td></tr><tr><td style=""font-weight:bold; border:1px solid #ddd; padding:8px;"">Reference</td><td style=""border:1px solid #ddd; padding:8px;"">T1504171105101</td></tr><tr><td style=""font-weight:bold; border:1px solid #ddd; padding:8px;"">Case Material</td><td style=""border:1px solid #ddd; padding:8px;"">316L stainless steel case</td></tr><tr><td style=""font-weight:bold; border:1px solid #ddd; padding:8px;"">Movement</td><td style=""border:1px solid #ddd; padding:8px;"">Swiss quartz</td></tr><tr><td style=""font-weight:bold; border:1px solid #ddd; padding:8px;"">Water Resistance</td><td style=""border:1px solid #ddd; padding:8px;"">Water-resistant up to a pressure of 10 bar (100 m / 330 ft)</td></tr><tr><td style=""font-weight:bold; border:1px solid #ddd; padding:8px;"">Weight (g)</td><td style=""border:1px solid #ddd; padding:8px;"">135.0</td></tr><tr><td style=""font-weight:bold; border:1px solid #ddd; padding:8px;"">Case Shape</td><td style=""border:1px solid #ddd; padding:8px;"">Round</td></tr><tr><td style=""font-weight:bold; border:1px solid #ddd; padding:8px;"">Case Diameter (mm)</td><td style=""border:1px solid #ddd; padding:8px;"">40.0</td></tr><tr><td style=""font-weight:bold; border:1px solid #ddd; padding:8px;"">Case Thickness (mm)</td><td style=""border:1px solid #ddd; padding:8px;"">11.26</td></tr><tr><td style=""font-weight:bold; border:1px solid #ddd; padding:8px;"">Lug Width (mm)</td><td style=""border:1px solid #ddd; padding:8px;"">20.00</td></tr><tr><td style=""font-weight:bold; border:1px solid #ddd; padding:8px;"">Crystal</td><td style=""border:1px solid #ddd; padding:8px;"">Scratch-resistant sapphire crystal</td></tr><tr><td style=""font-weight:bold; border:1px solid #ddd; padding:8px;"">Caliber</td><td style=""border:1px solid #ddd; padding:8px;"">13 1/4'''</td></tr><tr><td style=""font-weight:bold; border:1px solid #ddd; padding:8px;"">Movement Diameter (mm)</td><td style=""border:1px solid #ddd; padding:8px;"">29,8</td></tr><tr><td style=""font-weight:bold; border:1px solid #ddd; padding:8px;"">Functions</td><td style=""border:1px solid #ddd; padding:8px;"">EOL (battery end-of-life indicator), 30-minutes and 1/10 of a second counters, Central 60-seconds chronograph hand, ADD and SPLIT functions</td></tr><tr><td style=""font-weight:bold; border:1px solid #ddd; padding:8px;"">Dial Color</td><td style=""border:1px solid #ddd; padding:8px;"">Black</td></tr><tr><td style=""font-weight:bold; border:1px solid #ddd; padding:8px;"">Strap Color</td><td style=""border:1px solid #ddd; padding:8px;"">Grey</td></tr></table><br><br>
<div><strong>Easy Returns</strong></div>
<p>This item can be returned within 7 days.&nbsp;<a href=""https://theluxurydirect.com/pages/return-refund-policy"" rel=""noopener"" target=""_blank"">View our return policy</a><br><br></p>
<div><strong>USA Shipping</strong></div>
<p>All of our items ship from the United States.&nbsp;<a href=""https://theluxurydirect.com/pages/shipping-policy"" rel=""noopener"" target=""_blank"">Learn more</a></p>
<div><br></div>
<div><br></div>
",Tissot,Apparel & Accessories > Jewelry > Watches,Watches,"Watches, Wristwatches, SwiftCommerce_Tissot, Men's Watches",FALSE,Title,Default Title,,,,,,,,T150.417.11.051.01,90,shopify,deny,manual,515.00,,TRUE,TRUE,,,,,,https://www.tissotwatches.com/dw/image/v2/BKKD_PRD/on/demandware.static/-/Sites-Tissot-Catalogue/default/dwe3cd8e19/product-pictures/d94757b1-ec8a-4b50-a6d7-301a3d6bd550_T150-417-11-051-01_SET.png,1,Tissot PR 100 Vuelta 40mm_1,FALSE,,,,316L stainless steel case,Men,Black,,,,,https://www.tissotwatches.com/en-us/T1504171105101.html,Water-resistant up to a pressure of 10 bar (100 m / 330 ft),,,adults,,,,,,,,,,,,,,,,,,,,,,male,,,,,,,,,,,g,,,draft
tissot-pr-100-vuelta-40mm,,,,,,,,,,,,,,,,,,,,,,,,,,,,,,,https://www.tissotwatches.com/dw/image/v2/BKKD_PRD/on/demandware.static/-/Sites-Tissot-Catalogue/default/dw7db6d94c/product-pictures/cbd1ddf7-6a9e-4828-a687-ef4c427cd798_T150_417_11_051_01_PROFIL.png,2,Tissot PR 100 Vuelta 40mm_2,,,,,,,,,,,,,,,,,,,,,,,,,,,,,,,,,,,,,,,,,,,,,,,,,,,,
tissot-pr-100-vuelta-40mm,,,,,,,,,,,,,,,,,,,,,,,,,,,,,,,https://www.tissotwatches.com/dw/image/v2/BKKD_PRD/on/demandware.static/-/Sites-Tissot-Catalogue/default/dw615e74bb/product-pictures/885929d9-1932-4ba3-ab71-0c2c3b4e551d_T150-417-11-051-01_B1.png,3,Tissot PR 100 Vuelta 40mm_3,,,,,,,,,,,,,,,,,,,,,,,,,,,,,,,,,,,,,,,,,,,,,,,,,,,,
tissot-pr-100-vuelta-40mm,,,,,,,,,,,,,,,,,,,,,,,,,,,,,,,https://www.tissotwatches.com/dw/image/v2/BKKD_PRD/on/demandware.static/-/Sites-Tissot-Catalogue/default/dw50238a97/product-pictures/faf5f34e-24a7-4380-a619-e0b463f0234d_T605-049-796_ZOOM.png,4,Tissot PR 100 Vuelta 40mm_4,,,,,,,,,,,,,,,,,,,,,,,,,,,,,,,,,,,,,,,,,,,,,,,,,,,,
tissot-pr-100-vuelta-40mm,,,,,,,,,,,,,,,,,,,,,,,,,,,,,,,https://www.tissotwatches.com/dw/image/v2/BKKD_PRD/on/demandware.static/-/Sites-Tissot-Catalogue/default/dwfca95cc9/product-pictures/b458140c-5e8a-4e48-bd51-597246889c24_T150_417_11_051_01_1_WRIST.png,5,Tissot PR 100 Vuelta 40mm_5,,,,,,,,,,,,,,,,,,,,,,,,,,,,,,,,,,,,,,,,,,,,,,,,,,,,
tissot-pr-100-vuelta-40mm,,,,,,,,,,,,,,,,,,,,,,,,,,,,,,,https://www.tissotwatches.com/dw/image/v2/BKKD_PRD/on/demandware.static/-/Sites-Tissot-Catalogue/default/dw7f3c87e4/product-pictures/e38eac66-ba3c-4bc0-8259-9d0e98eb211e_T150-417-11-051-01_DETAIL-1.png,6,Tissot PR 100 Vuelta 40mm_6,,,,,,,,,,,,,,,,,,,,,,,,,,,,,,,,,,,,,,,,,,,,,,,,,,,,
tissot-pr-100-vuelta-40mm,,,,,,,,,,,,,,,,,,,,,,,,,,,,,,,https://www.tissotwatches.com/dw/image/v2/BKKD_PRD/on/demandware.static/-/Sites-Tissot-Catalogue/default/dw80d33656/product-pictures/feadc012-845b-452f-be73-94905e58714a_T150_417_11_051_01_DETAIL-2.png,7,Tissot PR 100 Vuelta 40mm_7,,,,,,,,,,,,,,,,,,,,,,,,,,,,,,,,,,,,,,,,,,,,,,,,,,,,
tissot-pr-100-vuelta-40mm,,,,,,,,,,,,,,,,,,,,,,,,,,,,,,,https://www.tissotwatches.com/dw/image/v2/BKKD_PRD/on/demandware.static/-/Sites-Tissot-Catalogue/default/dwf333c337/product-pictures/b7d98e65-a0f4-4fc3-8173-00b5a1b5326f_T150-417-11-051-01_BOX.png,8,Tissot PR 100 Vuelta 40mm_8,,,,,,,,,,,,,,,,,,,,,,,,,,,,,,,,,,,,,,,,,,,,,,,,,,,,
tissot-pr-100-vuelta-40mm,,,,,,,,,,,,,,,,,,,,,,,,,,,,,,,https://www.tissotwatches.com/dw/image/v2/BKKD_PRD/on/demandware.static/-/Sites-Tissot-Catalogue/default/dw5fc526ae/product-pictures/9c520544-2d14-4e7f-b24d-25544d6705cb_T150_417_11_051_01_1.png,9,Tissot PR 100 Vuelta 40mm_9,,,,,,,,,,,,,,,,,,,,,,,,,,,,,,,,,,,,,,,,,,,,,,,,,,,,
tissot-pr516-40mm,Tissot PR516 40mm,"The Tissot PR516 Chronograph Quartz: a contemporary take on a cherished 1970 design. This watch showcases a sleek 40mm stainless-steel case and a dynamic dial, embodying the spirit of speed and precision. Equipped with the Quartz G10.212 movement, it offers unmatched accuracy for the active lifestyle. The bezel features a practical tachymeter, while Super-LumiNova®️-coated indices ensure visibility in all conditions. Its versatile design is complemented by a domed stainless-steel bracelet with a quick interchangeable system, perfect for transitioning from business meetings to casual outings. The PR516 Chronograph Quartz is a modern classic, blending with Tissot's rich heritage.<br><br><table style=""width:100%; border-collapse:collapse;""><tr><td style=""font-weight:bold; border:1px solid #ddd; padding:8px;"">Brand</td><td style=""border:1px solid #ddd; padding:8px;"">Tissot</td></tr><tr><td style=""font-weight:bold; border:1px solid #ddd; padding:8px;"">Reference</td><td style=""border:1px solid #ddd; padding:8px;"">T1494171104101</td></tr><tr><td style=""font-weight:bold; border:1px solid #ddd; padding:8px;"">Case Material</td><td style=""border:1px solid #ddd; padding:8px;"">316L stainless steel case with black PVD coating</td></tr><tr><td style=""font-weight:bold; border:1px solid #ddd; padding:8px;"">Movement</td><td style=""border:1px solid #ddd; padding:8px;"">Swiss quartz</td></tr><tr><td style=""font-weight:bold; border:1px solid #ddd; padding:8px;"">Water Resistance</td><td style=""border:1px solid #ddd; padding:8px;"">Water-resistant up to a pressure of 10 bar (100 m / 330 ft)</td></tr><tr><td style=""font-weight:bold; border:1px solid #ddd; padding:8px;"">Weight (g)</td><td style=""border:1px solid #ddd; padding:8px;"">145.0</td></tr><tr><td style=""font-weight:bold; border:1px solid #ddd; padding:8px;"">Case Shape</td><td style=""border:1px solid #ddd; padding:8px;"">Round</td></tr><tr><td style=""font-weight:bold; border:1px solid #ddd; padding:8px;"">Case Diameter (mm)</td><td style=""border:1px solid #ddd; padding:8px;"">40.0</td></tr><tr><td style=""font-weight:bold; border:1px solid #ddd; padding:8px;"">Case Thickness (mm)</td><td style=""border:1px solid #ddd; padding:8px;"">12.16</td></tr><tr><td style=""font-weight:bold; border:1px solid #ddd; padding:8px;"">Lug Width (mm)</td><td style=""border:1px solid #ddd; padding:8px;"">20.00</td></tr><tr><td style=""font-weight:bold; border:1px solid #ddd; padding:8px;"">Crystal</td><td style=""border:1px solid #ddd; padding:8px;"">Scratch-resistant sapphire crystal with antireflective coating</td></tr><tr><td style=""font-weight:bold; border:1px solid #ddd; padding:8px;"">Caliber</td><td style=""border:1px solid #ddd; padding:8px;"">13 1/4'''</td></tr><tr><td style=""font-weight:bold; border:1px solid #ddd; padding:8px;"">Movement Diameter (mm)</td><td style=""border:1px solid #ddd; padding:8px;"">29,8</td></tr><tr><td style=""font-weight:bold; border:1px solid #ddd; padding:8px;"">Functions</td><td style=""border:1px solid #ddd; padding:8px;"">ADD and SPLIT functions, EOL (battery end-of-life indicator), 30-minutes and 1/10 of a second counters, Central 60-seconds chronograph hand</td></tr><tr><td style=""font-weight:bold; border:1px solid #ddd; padding:8px;"">Dial Color</td><td style=""border:1px solid #ddd; padding:8px;"">Graded blue-black</td></tr><tr><td style=""font-weight:bold; border:1px solid #ddd; padding:8px;"">Strap Color</td><td style=""border:1px solid #ddd; padding:8px;"">Grey</td></tr></table><br><br>
<div><strong>Easy Returns</strong></div>
<p>This item can be returned within 7 days.&nbsp;<a href=""https://theluxurydirect.com/pages/return-refund-policy"" rel=""noopener"" target=""_blank"">View our return policy</a><br><br></p>
<div><strong>USA Shipping</strong></div>
<p>All of our items ship from the United States.&nbsp;<a href=""https://theluxurydirect.com/pages/shipping-policy"" rel=""noopener"" target=""_blank"">Learn more</a></p>
<div><br></div>
<div><br></div>
",Tissot,Apparel & Accessories > Jewelry > Watches,Watches,"Watches, Wristwatches, SwiftCommerce_Tissot, Men's Watches",FALSE,Title,Default Title,,,,,,,,T149.417.11.041.01,90,shopify,deny,manual,575.00,,TRUE,TRUE,,,,,,https://www.tissotwatches.com/dw/image/v2/BKKD_PRD/on/demandware.static/-/Sites-Tissot-Catalogue/default/dw80a1071d/product-pictures/1f0947df-219f-42af-abab-77f0a99f3500_T149-417-11-041-01_PROFIL.png,1,Tissot PR516 40mm_1,FALSE,,,,316L stainless steel case with black PVD coating,Men,Graded blue-black,,,,,https://www.tissotwatches.com/en-us/T1494171104101.html,Water-resistant up to a pressure of 10 bar (100 m / 330 ft),,,adults,,,,,,,,,,,,,,,,,,,,,,male,,,,,,,,,,,g,,,draft
tissot-pr516-40mm,,,,,,,,,,,,,,,,,,,,,,,,,,,,,,,https://www.tissotwatches.com/dw/image/v2/BKKD_PRD/on/demandware.static/-/Sites-Tissot-Catalogue/default/dwf90e192d/product-pictures/ea36ecb7-9bf8-4afe-889d-e8f465eee473_T149-417-11-041-01_B1.png,2,Tissot PR516 40mm_2,,,,,,,,,,,,,,,,,,,,,,,,,,,,,,,,,,,,,,,,,,,,,,,,,,,,
tissot-pr516-40mm,,,,,,,,,,,,,,,,,,,,,,,,,,,,,,,https://www.tissotwatches.com/dw/image/v2/BKKD_PRD/on/demandware.static/-/Sites-Tissot-Catalogue/default/dw8f50096b/product-pictures/a32d3295-4d7d-4155-8153-e1ae209e92f6_T605-048-996_ZOOM.png,3,Tissot PR516 40mm_3,,,,,,,,,,,,,,,,,,,,,,,,,,,,,,,,,,,,,,,,,,,,,,,,,,,,
tissot-pr516-40mm,,,,,,,,,,,,,,,,,,,,,,,,,,,,,,,https://www.tissotwatches.com/dw/image/v2/BKKD_PRD/on/demandware.static/-/Sites-Tissot-Catalogue/default/dwa7fe08a5/product-pictures/94ae6ad0-7cb2-46cd-8ff7-49ac857bac62_T149-417-11-041-01_WRIST.png,4,Tissot PR516 40mm_4,,,,,,,,,,,,,,,,,,,,,,,,,,,,,,,,,,,,,,,,,,,,,,,,,,,,
tissot-pendants-30-1mm,Tissot Pendants 30.1mm,"The Tissot Pendants combine watch expertise with innovative creation. These modern watches are the perfect accessory for fashionable ladies. They come in a variety of designs to better suit today’s wide range of tastes and individuality, going from stylish and contemporary pendants to vintage nurse watches.<br><br><table style=""width:100%; border-collapse:collapse;""><tr><td style=""font-weight:bold; border:1px solid #ddd; padding:8px;"">Brand</td><td style=""border:1px solid #ddd; padding:8px;"">Tissot</td></tr><tr><td style=""font-weight:bold; border:1px solid #ddd; padding:8px;"">Reference</td><td style=""border:1px solid #ddd; padding:8px;"">T81722112</td></tr><tr><td style=""font-weight:bold; border:1px solid #ddd; padding:8px;"">Case Material</td><td style=""border:1px solid #ddd; padding:8px;"">Chromium plated brass case</td></tr><tr><td style=""font-weight:bold; border:1px solid #ddd; padding:8px;"">Movement</td><td style=""border:1px solid #ddd; padding:8px;"">Swiss quartz</td></tr><tr><td style=""font-weight:bold; border:1px solid #ddd; padding:8px;"">Weight (g)</td><td style=""border:1px solid #ddd; padding:8px;"">22.0</td></tr><tr><td style=""font-weight:bold; border:1px solid #ddd; padding:8px;"">Case Shape</td><td style=""border:1px solid #ddd; padding:8px;"">Round</td></tr><tr><td style=""font-weight:bold; border:1px solid #ddd; padding:8px;"">Case Diameter (mm)</td><td style=""border:1px solid #ddd; padding:8px;"">30.1</td></tr><tr><td style=""font-weight:bold; border:1px solid #ddd; padding:8px;"">Case Thickness (mm)</td><td style=""border:1px solid #ddd; padding:8px;"">8.35</td></tr><tr><td style=""font-weight:bold; border:1px solid #ddd; padding:8px;"">Lug Width (mm)</td><td style=""border:1px solid #ddd; padding:8px;"">0.00</td></tr><tr><td style=""font-weight:bold; border:1px solid #ddd; padding:8px;"">Crystal</td><td style=""border:1px solid #ddd; padding:8px;"">Hesalite crystal</td></tr><tr><td style=""font-weight:bold; border:1px solid #ddd; padding:8px;"">Caliber</td><td style=""border:1px solid #ddd; padding:8px;"">11 1/2'''</td></tr><tr><td style=""font-weight:bold; border:1px solid #ddd; padding:8px;"">Movement Diameter (mm)</td><td style=""border:1px solid #ddd; padding:8px;"">25,6</td></tr><tr><td style=""font-weight:bold; border:1px solid #ddd; padding:8px;"">Functions</td><td style=""border:1px solid #ddd; padding:8px;"">EOL (battery end-of-life indicator)</td></tr><tr><td style=""font-weight:bold; border:1px solid #ddd; padding:8px;"">Dial Color</td><td style=""border:1px solid #ddd; padding:8px;"">White</td></tr><tr><td style=""font-weight:bold; border:1px solid #ddd; padding:8px;"">Strap Color</td><td style=""border:1px solid #ddd; padding:8px;"">Grey</td></tr></table><br><br>
<div><strong>Easy Returns</strong></div>
<p>This item can be returned within 7 days.&nbsp;<a href=""https://theluxurydirect.com/pages/return-refund-policy"" rel=""noopener"" target=""_blank"">View our return policy</a><br><br></p>
<div><strong>USA Shipping</strong></div>
<p>All of our items ship from the United States.&nbsp;<a href=""https://theluxurydirect.com/pages/shipping-policy"" rel=""noopener"" target=""_blank"">Learn more</a></p>
<div><br></div>
<div><br></div>
",Tissot,Apparel & Accessories > Jewelry > Watches,Watches,"Watches, Wristwatches, SwiftCommerce_Tissot",FALSE,Title,Default Title,,,,,,,,T81.7.221.12,90,shopify,deny,manual,275.00,,TRUE,TRUE,,,,,,,,,FALSE,,,,Chromium plated brass case,Unisex,White,,,,,https://www.tissotwatches.com/en-us/T81722112.html,,,,adults,,,,,,,,,,,,,,,,,,,,,,unisex,,,,,,,,,,,g,,,draft
tissot-savonnette-49-4mm,Tissot Savonnette 49.4mm,"The Tissot Savonnette collection offers magnificent pocket pieces that demonstrate the craftsmanship used back in the day, providing them with that hint of nostalgia. These pieces feature the historical logo of the brand, evoking the great history and tradition Tissot is part of. Many details and models are available to suit individual personalities.<br><br><table style=""width:100%; border-collapse:collapse;""><tr><td style=""font-weight:bold; border:1px solid #ddd; padding:8px;"">Brand</td><td style=""border:1px solid #ddd; padding:8px;"">Tissot</td></tr><tr><td style=""font-weight:bold; border:1px solid #ddd; padding:8px;"">Reference</td><td style=""border:1px solid #ddd; padding:8px;"">T83640212</td></tr><tr><td style=""font-weight:bold; border:1px solid #ddd; padding:8px;"">Case Material</td><td style=""border:1px solid #ddd; padding:8px;"">316L stainless steel case</td></tr><tr><td style=""font-weight:bold; border:1px solid #ddd; padding:8px;"">Movement</td><td style=""border:1px solid #ddd; padding:8px;"">Swiss mechanical</td></tr><tr><td style=""font-weight:bold; border:1px solid #ddd; padding:8px;"">Weight (g)</td><td style=""border:1px solid #ddd; padding:8px;"">109.0</td></tr><tr><td style=""font-weight:bold; border:1px solid #ddd; padding:8px;"">Case Shape</td><td style=""border:1px solid #ddd; padding:8px;"">Round</td></tr><tr><td style=""font-weight:bold; border:1px solid #ddd; padding:8px;"">Case Diameter (mm)</td><td style=""border:1px solid #ddd; padding:8px;"">49.4</td></tr><tr><td style=""font-weight:bold; border:1px solid #ddd; padding:8px;"">Case Thickness (mm)</td><td style=""border:1px solid #ddd; padding:8px;"">13.13</td></tr><tr><td style=""font-weight:bold; border:1px solid #ddd; padding:8px;"">Lug Width (mm)</td><td style=""border:1px solid #ddd; padding:8px;"">0.00</td></tr><tr><td style=""font-weight:bold; border:1px solid #ddd; padding:8px;"">Crystal</td><td style=""border:1px solid #ddd; padding:8px;"">Mineral crystal</td></tr><tr><td style=""font-weight:bold; border:1px solid #ddd; padding:8px;"">Caliber</td><td style=""border:1px solid #ddd; padding:8px;"">16 1/2'''</td></tr><tr><td style=""font-weight:bold; border:1px solid #ddd; padding:8px;"">Movement Diameter (mm)</td><td style=""border:1px solid #ddd; padding:8px;"">36.60</td></tr><tr><td style=""font-weight:bold; border:1px solid #ddd; padding:8px;"">Dial Color</td><td style=""border:1px solid #ddd; padding:8px;"">White</td></tr></table><br><br>
<div><strong>Easy Returns</strong></div>
<p>This item can be returned within 7 days.&nbsp;<a href=""https://theluxurydirect.com/pages/return-refund-policy"" rel=""noopener"" target=""_blank"">View our return policy</a><br><br></p>
<div><strong>USA Shipping</strong></div>
<p>All of our items ship from the United States.&nbsp;<a href=""https://theluxurydirect.com/pages/shipping-policy"" rel=""noopener"" target=""_blank"">Learn more</a></p>
<div><br></div>
<div><br></div>
",Tissot,Apparel & Accessories > Jewelry > Watches,Watches,"Watches, Wristwatches, SwiftCommerce_Tissot",FALSE,Title,Default Title,,,,,,,,T83.6.402.12,90,shopify,deny,manual,975.00,,TRUE,TRUE,,,,,,https://www.tissotwatches.com/dw/image/v2/BKKD_PRD/on/demandware.static/-/Sites-Tissot-Catalogue/default/dw954d7e1d/product-pictures/3d2cada2-63f5-4c33-8cbd-bb36e67c2685_T657-047-657_ZOOM.png,1,Tissot Savonnette 49.4mm_1,FALSE,,,,316L stainless steel case,Unisex,White,,,,,https://www.tissotwatches.com/en-us/T83640212.html,,,,adults,,,,,,,,,,,,,,,,,,,,,,unisex,,,,,,,,,,,g,,,draft
tissot-srv-30mm,Tissot SRV 30mm,"The SRV watch is inspired by Art Deco, a distinctive style which flourished in the 1920s. Characterized by geometric shapes and abstract patterns, it became a dominant style in architecture, interior design, fashion and graphic arts. While the SRV is directly inspired from a model from 1975, that very design was itself a reinterpretation of Tissot’s earlier creations from the 1920s. SRV stands for Sapphire Rectangle V, the perfect name for a faceted sapphire glass with a rectangular silhouette, and a 5-bar water resistance, symbolized by the roman number 5. Its quartz movement delivers reliable precision while the End-Of-Life indicator lets you know when it’s time for a battery change. This rectangular watch with a mother-of-pearl dial will elevate your look and offer you confidence and comfort. The metal bracelet is comfortable, robust, easy to clean and long-lasting.<br><br><table style=""width:100%; border-collapse:collapse;""><tr><td style=""font-weight:bold; border:1px solid #ddd; padding:8px;"">Brand</td><td style=""border:1px solid #ddd; padding:8px;"">Tissot</td></tr><tr><td style=""font-weight:bold; border:1px solid #ddd; padding:8px;"">Reference</td><td style=""border:1px solid #ddd; padding:8px;"">T1601102111300</td></tr><tr><td style=""font-weight:bold; border:1px solid #ddd; padding:8px;"">Case Material</td><td style=""border:1px solid #ddd; padding:8px;"">316L stainless steel case with carnation gold PVD coating</td></tr><tr><td style=""font-weight:bold; border:1px solid #ddd; padding:8px;"">Movement</td><td style=""border:1px solid #ddd; padding:8px;"">Swiss quartz</td></tr><tr><td style=""font-weight:bold; border:1px solid #ddd; padding:8px;"">Water Resistance</td><td style=""border:1px solid #ddd; padding:8px;"">Water-resistant up to a pressure of 5 bar (50 m / 165 ft)</td></tr><tr><td style=""font-weight:bold; border:1px solid #ddd; padding:8px;"">Weight (g)</td><td style=""border:1px solid #ddd; padding:8px;"">74.0</td></tr><tr><td style=""font-weight:bold; border:1px solid #ddd; padding:8px;"">Case Shape</td><td style=""border:1px solid #ddd; padding:8px;"">Rectangular</td></tr><tr><td style=""font-weight:bold; border:1px solid #ddd; padding:8px;"">Case Diameter (mm)</td><td style=""border:1px solid #ddd; padding:8px;"">21.8</td></tr><tr><td style=""font-weight:bold; border:1px solid #ddd; padding:8px;"">Case Thickness (mm)</td><td style=""border:1px solid #ddd; padding:8px;"">7.25</td></tr><tr><td style=""font-weight:bold; border:1px solid #ddd; padding:8px;"">Lug Width (mm)</td><td style=""border:1px solid #ddd; padding:8px;"">12.00</td></tr><tr><td style=""font-weight:bold; border:1px solid #ddd; padding:8px;"">Crystal</td><td style=""border:1px solid #ddd; padding:8px;"">Scratch-resistant sapphire crystal</td></tr><tr><td style=""font-weight:bold; border:1px solid #ddd; padding:8px;"">Caliber</td><td style=""border:1px solid #ddd; padding:8px;"">6 3/4''' x 8'''</td></tr><tr><td style=""font-weight:bold; border:1px solid #ddd; padding:8px;"">Movement Diameter (mm)</td><td style=""border:1px solid #ddd; padding:8px;"">15.30 x 17.80</td></tr><tr><td style=""font-weight:bold; border:1px solid #ddd; padding:8px;"">Dial Color</td><td style=""border:1px solid #ddd; padding:8px;"">White mother-of-pearl</td></tr><tr><td style=""font-weight:bold; border:1px solid #ddd; padding:8px;"">Strap Color</td><td style=""border:1px solid #ddd; padding:8px;"">Grey</td></tr></table><br><br>
<div><strong>Easy Returns</strong></div>
<p>This item can be returned within 7 days.&nbsp;<a href=""https://theluxurydirect.com/pages/return-refund-policy"" rel=""noopener"" target=""_blank"">View our return policy</a><br><br></p>
<div><strong>USA Shipping</strong></div>
<p>All of our items ship from the United States.&nbsp;<a href=""https://theluxurydirect.com/pages/shipping-policy"" rel=""noopener"" target=""_blank"">Learn more</a></p>
<div><br></div>
<div><br></div>
",Tissot,Apparel & Accessories > Jewelry > Watches,Watches,"Watches, Wristwatches, SwiftCommerce_Tissot, Women's Watches",FALSE,Title,Default Title,,,,,,,,T160.110.21.113.00,90,shopify,deny,manual,495.00,,TRUE,TRUE,,,,,,https://www.tissotwatches.com/dw/image/v2/BKKD_PRD/on/demandware.static/-/Sites-Tissot-Catalogue/default/dwa87b3472/product-pictures/905adcf9-5ec3-4e12-9817-0ac421c4237b_T160-110-21-113-00_PROFIL.png,1,Tissot SRV 30mm_1,FALSE,,,,316L stainless steel case with carnation gold PVD coating,Women,White mother-of-pearl,,,,,https://www.tissotwatches.com/en-us/T1601102111300.html,Water-resistant up to a pressure of 5 bar (50 m / 165 ft),,,adults,,,,,,,,,,,,,,,,,,,,,,female,,,,,,,,,,,g,,,draft
tissot-srv-30mm,,,,,,,,,,,,,,,,,,,,,,,,,,,,,,,https://www.tissotwatches.com/dw/image/v2/BKKD_PRD/on/demandware.static/-/Sites-Tissot-Catalogue/default/dw6918a6ff/product-pictures/c11c2a36-05e3-4a0d-99d4-daed58c8ff3a_T160-110-21-113-00_B1.png,2,Tissot SRV 30mm_2,,,,,,,,,,,,,,,,,,,,,,,,,,,,,,,,,,,,,,,,,,,,,,,,,,,,
tissot-srv-30mm,,,,,,,,,,,,,,,,,,,,,,,,,,,,,,,https://www.tissotwatches.com/dw/image/v2/BKKD_PRD/on/demandware.static/-/Sites-Tissot-Catalogue/default/dwaa132738/product-pictures/9009b30e-000e-4a18-96ae-53cbcfd9dc24_T605-051-128_ZOOM.png,3,Tissot SRV 30mm_3,,,,,,,,,,,,,,,,,,,,,,,,,,,,,,,,,,,,,,,,,,,,,,,,,,,,
tissot-srv-30mm,,,,,,,,,,,,,,,,,,,,,,,,,,,,,,,https://www.tissotwatches.com/dw/image/v2/BKKD_PRD/on/demandware.static/-/Sites-Tissot-Catalogue/default/dw5ba7c261/product-pictures/a1b8ca07-bd39-4125-bb77-39d57a3499f3_T160-110-21-113-00_DETAIL-1.png,4,Tissot SRV 30mm_4,,,,,,,,,,,,,,,,,,,,,,,,,,,,,,,,,,,,,,,,,,,,,,,,,,,,
tissot-everytime-34mm,Tissot Everytime 34mm,"The Tissot Everytime is an understated and chic timepiece suiting the preferences of modern wearers. The Everytime comes in a variety of dial colors and strap options, allowing you to express yourself. With this Tissot timepiece, every time is your time.<br><br><table style=""width:100%; border-collapse:collapse;""><tr><td style=""font-weight:bold; border:1px solid #ddd; padding:8px;"">Brand</td><td style=""border:1px solid #ddd; padding:8px;"">Tissot</td></tr><tr><td style=""font-weight:bold; border:1px solid #ddd; padding:8px;"">Reference</td><td style=""border:1px solid #ddd; padding:8px;"">T1432103601100</td></tr><tr><td style=""font-weight:bold; border:1px solid #ddd; padding:8px;"">Case Material</td><td style=""border:1px solid #ddd; padding:8px;"">316L stainless steel case with rose gold PVD coating</td></tr><tr><td style=""font-weight:bold; border:1px solid #ddd; padding:8px;"">Movement</td><td style=""border:1px solid #ddd; padding:8px;"">Swiss quartz</td></tr><tr><td style=""font-weight:bold; border:1px solid #ddd; padding:8px;"">Water Resistance</td><td style=""border:1px solid #ddd; padding:8px;"">Water-resistant up to a pressure of 5 bar (50 m / 165 ft)</td></tr><tr><td style=""font-weight:bold; border:1px solid #ddd; padding:8px;"">Weight (g)</td><td style=""border:1px solid #ddd; padding:8px;"">33.0</td></tr><tr><td style=""font-weight:bold; border:1px solid #ddd; padding:8px;"">Case Shape</td><td style=""border:1px solid #ddd; padding:8px;"">Round</td></tr><tr><td style=""font-weight:bold; border:1px solid #ddd; padding:8px;"">Case Diameter (mm)</td><td style=""border:1px solid #ddd; padding:8px;"">34.0</td></tr><tr><td style=""font-weight:bold; border:1px solid #ddd; padding:8px;"">Case Thickness (mm)</td><td style=""border:1px solid #ddd; padding:8px;"">6.92</td></tr><tr><td style=""font-weight:bold; border:1px solid #ddd; padding:8px;"">Lug Width (mm)</td><td style=""border:1px solid #ddd; padding:8px;"">16.00</td></tr><tr><td style=""font-weight:bold; border:1px solid #ddd; padding:8px;"">Crystal</td><td style=""border:1px solid #ddd; padding:8px;"">Scratch-resistant sapphire crystal</td></tr><tr><td style=""font-weight:bold; border:1px solid #ddd; padding:8px;"">Caliber</td><td style=""border:1px solid #ddd; padding:8px;"">10 1/2'''</td></tr><tr><td style=""font-weight:bold; border:1px solid #ddd; padding:8px;"">Movement Diameter (mm)</td><td style=""border:1px solid #ddd; padding:8px;"">23.30</td></tr><tr><td style=""font-weight:bold; border:1px solid #ddd; padding:8px;"">Dial Color</td><td style=""border:1px solid #ddd; padding:8px;"">White</td></tr><tr><td style=""font-weight:bold; border:1px solid #ddd; padding:8px;"">Strap Color</td><td style=""border:1px solid #ddd; padding:8px;"">Beige</td></tr></table><br><br>
<div><strong>Easy Returns</strong></div>
<p>This item can be returned within 7 days.&nbsp;<a href=""https://theluxurydirect.com/pages/return-refund-policy"" rel=""noopener"" target=""_blank"">View our return policy</a><br><br></p>
<div><strong>USA Shipping</strong></div>
<p>All of our items ship from the United States.&nbsp;<a href=""https://theluxurydirect.com/pages/shipping-policy"" rel=""noopener"" target=""_blank"">Learn more</a></p>
<div><br></div>
<div><br></div>
",Tissot,Apparel & Accessories > Jewelry > Watches,Watches,"Watches, Wristwatches, SwiftCommerce_Tissot, Women's Watches",FALSE,Title,Default Title,,,,,,,,T143.210.36.011.00,90,shopify,deny,manual,350.00,,TRUE,TRUE,,,,,,https://www.tissotwatches.com/dw/image/v2/BKKD_PRD/on/demandware.static/-/Sites-Tissot-Catalogue/default/dw3f8cbc96/product-pictures/0547dd2f-3822-442e-8f6e-7c7ec1cb81b6_T143_210_36_011_00_PROFIL.png,1,Tissot Everytime 34mm_1,FALSE,,,,316L stainless steel case with rose gold PVD coating,Women,White,,,,,https://www.tissotwatches.com/en-us/T1432103601100.html,Water-resistant up to a pressure of 5 bar (50 m / 165 ft),,,adults,,,,,,,,,,,,,,,,,,,,,,female,,,,,,,,,,,g,,,draft
tissot-everytime-34mm,,,,,,,,,,,,,,,,,,,,,,,,,,,,,,,https://www.tissotwatches.com/dw/image/v2/BKKD_PRD/on/demandware.static/-/Sites-Tissot-Catalogue/default/dwe057906d/product-pictures/9dded51e-ee30-4223-bff0-ea31cb0b6b6c_T143_210_36_011_00_B1.png,2,Tissot Everytime 34mm_2,,,,,,,,,,,,,,,,,,,,,,,,,,,,,,,,,,,,,,,,,,,,,,,,,,,,
tissot-everytime-34mm,,,,,,,,,,,,,,,,,,,,,,,,,,,,,,,https://www.tissotwatches.com/dw/image/v2/BKKD_PRD/on/demandware.static/-/Sites-Tissot-Catalogue/default/dwaea98299/product-pictures/d1ff5479-0932-446f-b2cb-c13501bd8055_T600-047-974_ZOOM.png,3,Tissot Everytime 34mm_3,,,,,,,,,,,,,,,,,,,,,,,,,,,,,,,,,,,,,,,,,,,,,,,,,,,,
tissot-everytime-34mm,,,,,,,,,,,,,,,,,,,,,,,,,,,,,,,https://www.tissotwatches.com/dw/image/v2/BKKD_PRD/on/demandware.static/-/Sites-Tissot-Catalogue/default/dwa4a9ff0d/product-pictures/87e7c2b0-0b75-490a-986a-c066e609d6dd_T143_210_36_011_00_WRIST.png,4,Tissot Everytime 34mm_4,,,,,,,,,,,,,,,,,,,,,,,,,,,,,,,,,,,,,,,,,,,,,,,,,,,,
tissot-everytime-34mm,,,,,,,,,,,,,,,,,,,,,,,,,,,,,,,https://www.tissotwatches.com/dw/image/v2/BKKD_PRD/on/demandware.static/-/Sites-Tissot-Catalogue/default/dw0f773554/product-pictures/e53e110d-08e4-4193-baf4-808fd2ab018d_T143-210-36-011-00_DETAIL-1.png,5,Tissot Everytime 34mm_5,,,,,,,,,,,,,,,,,,,,,,,,,,,,,,,,,,,,,,,,,,,,,,,,,,,,
tissot-everytime-34mm,,,,,,,,,,,,,,,,,,,,,,,,,,,,,,,https://www.tissotwatches.com/dw/image/v2/BKKD_PRD/on/demandware.static/-/Sites-Tissot-Catalogue/default/dw387a9bb6/product-pictures/33410419-5aba-4dfd-80f6-b8fcff464524_T143_210_36_011_00_DETAIL-2.png,6,Tissot Everytime 34mm_6,,,,,,,,,,,,,,,,,,,,,,,,,,,,,,,,,,,,,,,,,,,,,,,,,,,,
tissot-lovely-round-19-5mm,Tissot Lovely Round 19.5mm,"This stunning piece conveys the very essence of class with its discrete yet absolutely gorgeous mini-size and feminine round case. These watches carry their name well as they are truly lovely timepieces with completely irresistible charm. Discover this lovely version with its facetted sapphire glass, its deep blue dial and matching leather strap, for a chic and elevated look.<br><br><table style=""width:100%; border-collapse:collapse;""><tr><td style=""font-weight:bold; border:1px solid #ddd; padding:8px;"">Brand</td><td style=""border:1px solid #ddd; padding:8px;"">Tissot</td></tr><tr><td style=""font-weight:bold; border:1px solid #ddd; padding:8px;"">Reference</td><td style=""border:1px solid #ddd; padding:8px;"">T1400093604100</td></tr><tr><td style=""font-weight:bold; border:1px solid #ddd; padding:8px;"">Case Material</td><td style=""border:1px solid #ddd; padding:8px;"">316L stainless steel case with yellow gold PVD coating</td></tr><tr><td style=""font-weight:bold; border:1px solid #ddd; padding:8px;"">Movement</td><td style=""border:1px solid #ddd; padding:8px;"">Swiss quartz</td></tr><tr><td style=""font-weight:bold; border:1px solid #ddd; padding:8px;"">Water Resistance</td><td style=""border:1px solid #ddd; padding:8px;"">Water-resistant up to a pressure of 3 bar (30 m / 100 ft)</td></tr><tr><td style=""font-weight:bold; border:1px solid #ddd; padding:8px;"">Weight (g)</td><td style=""border:1px solid #ddd; padding:8px;"">13.0</td></tr><tr><td style=""font-weight:bold; border:1px solid #ddd; padding:8px;"">Case Shape</td><td style=""border:1px solid #ddd; padding:8px;"">Round</td></tr><tr><td style=""font-weight:bold; border:1px solid #ddd; padding:8px;"">Case Diameter (mm)</td><td style=""border:1px solid #ddd; padding:8px;"">19.5</td></tr><tr><td style=""font-weight:bold; border:1px solid #ddd; padding:8px;"">Case Thickness (mm)</td><td style=""border:1px solid #ddd; padding:8px;"">6.3</td></tr><tr><td style=""font-weight:bold; border:1px solid #ddd; padding:8px;"">Lug Width (mm)</td><td style=""border:1px solid #ddd; padding:8px;"">6.00</td></tr><tr><td style=""font-weight:bold; border:1px solid #ddd; padding:8px;"">Crystal</td><td style=""border:1px solid #ddd; padding:8px;"">Scratch-resistant sapphire crystal</td></tr><tr><td style=""font-weight:bold; border:1px solid #ddd; padding:8px;"">Caliber</td><td style=""border:1px solid #ddd; padding:8px;"">5 1/2''' x 6 3/4'''</td></tr><tr><td style=""font-weight:bold; border:1px solid #ddd; padding:8px;"">Movement Diameter (mm)</td><td style=""border:1px solid #ddd; padding:8px;"">13 x 15.15</td></tr><tr><td style=""font-weight:bold; border:1px solid #ddd; padding:8px;"">Dial Color</td><td style=""border:1px solid #ddd; padding:8px;"">Blue</td></tr><tr><td style=""font-weight:bold; border:1px solid #ddd; padding:8px;"">Strap Color</td><td style=""border:1px solid #ddd; padding:8px;"">Blue</td></tr></table><br><br>
<div><strong>Easy Returns</strong></div>
<p>This item can be returned within 7 days.&nbsp;<a href=""https://theluxurydirect.com/pages/return-refund-policy"" rel=""noopener"" target=""_blank"">View our return policy</a><br><br></p>
<div><strong>USA Shipping</strong></div>
<p>All of our items ship from the United States.&nbsp;<a href=""https://theluxurydirect.com/pages/shipping-policy"" rel=""noopener"" target=""_blank"">Learn more</a></p>
<div><br></div>
<div><br></div>
",Tissot,Apparel & Accessories > Jewelry > Watches,Watches,"Watches, Wristwatches, SwiftCommerce_Tissot, Women's Watches",FALSE,Title,Default Title,,,,,,,,T140.009.36.041.00,90,shopify,deny,manual,395.00,,TRUE,TRUE,,,,,,https://www.tissotwatches.com/dw/image/v2/BKKD_PRD/on/demandware.static/-/Sites-Tissot-Catalogue/default/dw36e1a962/product-pictures/c299d50f-f43a-4638-b65d-238ac315868b_T140-009-36-041-00_PROFIL.png,1,Tissot Lovely Round 19.5mm_1,FALSE,,,,316L stainless steel case with yellow gold PVD coating,Women,Blue,,,,,https://www.tissotwatches.com/en-us/T1400093604100.html,Water-resistant up to a pressure of 3 bar (30 m / 100 ft),,,adults,,,,,,,,,,,,,,,,,,,,,,female,,,,,,,,,,,g,,,draft
tissot-lovely-round-19-5mm,,,,,,,,,,,,,,,,,,,,,,,,,,,,,,,https://www.tissotwatches.com/dw/image/v2/BKKD_PRD/on/demandware.static/-/Sites-Tissot-Catalogue/default/dwb182da4e/product-pictures/c7b25594-f88d-4abb-bc1c-2819dfe1f724_T140-009-36-041-00_B1.png,2,Tissot Lovely Round 19.5mm_2,,,,,,,,,,,,,,,,,,,,,,,,,,,,,,,,,,,,,,,,,,,,,,,,,,,,
tissot-lovely-round-19-5mm,,,,,,,,,,,,,,,,,,,,,,,,,,,,,,,https://www.tissotwatches.com/dw/image/v2/BKKD_PRD/on/demandware.static/-/Sites-Tissot-Catalogue/default/dwac57af29/product-pictures/b683f7b6-96b2-4076-9b0e-3f647baab22b_T600-051-848_ZOOM.png,3,Tissot Lovely Round 19.5mm_3,,,,,,,,,,,,,,,,,,,,,,,,,,,,,,,,,,,,,,,,,,,,,,,,,,,,
tissot-lovely-round-19-5mm,,,,,,,,,,,,,,,,,,,,,,,,,,,,,,,https://www.tissotwatches.com/dw/image/v2/BKKD_PRD/on/demandware.static/-/Sites-Tissot-Catalogue/default/dw60feda00/product-pictures/bfbe3948-e8d8-4a99-866d-f0e3ef08359b_T140-009-36-041-00_WRIST.png,4,Tissot Lovely Round 19.5mm_4,,,,,,,,,,,,,,,,,,,,,,,,,,,,,,,,,,,,,,,,,,,,,,,,,,,,
tissot-classic-dream-swissmatic,Tissot Classic Dream Swissmatic,"The purpose of the Tissot Classic Dream is to propose an elegant and classic watch for everyday look at an unbeatable price. The watch is powered by the Swissmatic movement offering up to 3 days of power reserve when most of automatic movements have a power reserve of around 40 hours. This automatic winding movement is regulated by a Nivachron spring with exceptional magnetic resistance. In addition, the dial is dressed with special indexes, split in four parts, giving a unique design to the watch.<br><br><table style=""width:100%; border-collapse:collapse;""><tr><td style=""font-weight:bold; border:1px solid #ddd; padding:8px;"">Brand</td><td style=""border:1px solid #ddd; padding:8px;"">Tissot</td></tr><tr><td style=""font-weight:bold; border:1px solid #ddd; padding:8px;"">Reference</td><td style=""border:1px solid #ddd; padding:8px;"">T1294071103100</td></tr><tr><td style=""font-weight:bold; border:1px solid #ddd; padding:8px;"">Case Material</td><td style=""border:1px solid #ddd; padding:8px;"">316L stainless steel case</td></tr><tr><td style=""font-weight:bold; border:1px solid #ddd; padding:8px;"">Movement</td><td style=""border:1px solid #ddd; padding:8px;"">Swiss Tissot automatic</td></tr><tr><td style=""font-weight:bold; border:1px solid #ddd; padding:8px;"">Water Resistance</td><td style=""border:1px solid #ddd; padding:8px;"">Water-resistant up to a pressure of 5 bar (50 m / 165 ft)</td></tr><tr><td style=""font-weight:bold; border:1px solid #ddd; padding:8px;"">Weight (g)</td><td style=""border:1px solid #ddd; padding:8px;"">150.0</td></tr><tr><td style=""font-weight:bold; border:1px solid #ddd; padding:8px;"">Case Shape</td><td style=""border:1px solid #ddd; padding:8px;"">Round</td></tr><tr><td style=""font-weight:bold; border:1px solid #ddd; padding:8px;"">Case Diameter (mm)</td><td style=""border:1px solid #ddd; padding:8px;"">42.0</td></tr><tr><td style=""font-weight:bold; border:1px solid #ddd; padding:8px;"">Case Thickness (mm)</td><td style=""border:1px solid #ddd; padding:8px;"">11.53</td></tr><tr><td style=""font-weight:bold; border:1px solid #ddd; padding:8px;"">Lug Width (mm)</td><td style=""border:1px solid #ddd; padding:8px;"">22.00</td></tr><tr><td style=""font-weight:bold; border:1px solid #ddd; padding:8px;"">Crystal</td><td style=""border:1px solid #ddd; padding:8px;"">Scratch-resistant sapphire crystal with antireflective coating</td></tr><tr><td style=""font-weight:bold; border:1px solid #ddd; padding:8px;"">Caliber</td><td style=""border:1px solid #ddd; padding:8px;"">12 1/2'''</td></tr><tr><td style=""font-weight:bold; border:1px solid #ddd; padding:8px;"">Movement Diameter (mm)</td><td style=""border:1px solid #ddd; padding:8px;"">27.4</td></tr><tr><td style=""font-weight:bold; border:1px solid #ddd; padding:8px;"">Functions</td><td style=""border:1px solid #ddd; padding:8px;"">Patented Nivachron balance spring</td></tr><tr><td style=""font-weight:bold; border:1px solid #ddd; padding:8px;"">Dial Color</td><td style=""border:1px solid #ddd; padding:8px;"">Silver</td></tr><tr><td style=""font-weight:bold; border:1px solid #ddd; padding:8px;"">Strap Color</td><td style=""border:1px solid #ddd; padding:8px;"">Grey</td></tr></table><br><br>
<div><strong>Easy Returns</strong></div>
<p>This item can be returned within 7 days.&nbsp;<a href=""https://theluxurydirect.com/pages/return-refund-policy"" rel=""noopener"" target=""_blank"">View our return policy</a><br><br></p>
<div><strong>USA Shipping</strong></div>
<p>All of our items ship from the United States.&nbsp;<a href=""https://theluxurydirect.com/pages/shipping-policy"" rel=""noopener"" target=""_blank"">Learn more</a></p>
<div><br></div>
<div><br></div>
",Tissot,Apparel & Accessories > Jewelry > Watches,Watches,"Watches, Wristwatches, SwiftCommerce_Tissot, Men's Watches",FALSE,Title,Default Title,,,,,,,,T129.407.11.031.00,90,shopify,deny,manual,550.00,,TRUE,TRUE,,,,,,https://www.tissotwatches.com/dw/image/v2/BKKD_PRD/on/demandware.static/-/Sites-Tissot-Catalogue/default/dw048e2508/product-pictures/6c22e342-ad49-49d8-8c84-9c7579c84a95_T129_407_11_031_00_PROFIL.png,1,Tissot Classic Dream Swissmatic_1,FALSE,,,,316L stainless steel case,Men,Silver,,,,,https://www.tissotwatches.com/en-us/T1294071103100.html,Water-resistant up to a pressure of 5 bar (50 m / 165 ft),,,adults,,,,,,,,,,,,,,,,,,,,,,male,,,,,,,,,,,g,,,draft
tissot-classic-dream-swissmatic,,,,,,,,,,,,,,,,,,,,,,,,,,,,,,,https://www.tissotwatches.com/dw/image/v2/BKKD_PRD/on/demandware.static/-/Sites-Tissot-Catalogue/default/dwd711c168/product-pictures/9c62ddd5-64a4-48ca-9831-58ec8fae1db1_T129_407_11_031_00_B1.png,2,Tissot Classic Dream Swissmatic_2,,,,,,,,,,,,,,,,,,,,,,,,,,,,,,,,,,,,,,,,,,,,,,,,,,,,
tissot-classic-dream-swissmatic,,,,,,,,,,,,,,,,,,,,,,,,,,,,,,,https://www.tissotwatches.com/dw/image/v2/BKKD_PRD/on/demandware.static/-/Sites-Tissot-Catalogue/default/dw7fe96c1a/product-pictures/a05a2878-7fc9-41cc-b308-1fd03f2c49d1_T129_407_11_031_00_DETAIL-2.png,3,Tissot Classic Dream Swissmatic_3,,,,,,,,,,,,,,,,,,,,,,,,,,,,,,,,,,,,,,,,,,,,,,,,,,,,
tissot-classic-dream-swissmatic,,,,,,,,,,,,,,,,,,,,,,,,,,,,,,,https://www.tissotwatches.com/dw/image/v2/BKKD_PRD/on/demandware.static/-/Sites-Tissot-Catalogue/default/dw21ee70ea/product-pictures/4c073389-d35f-4b05-92a3-87472c953f73_T605-045-641_ZOOM.png,4,Tissot Classic Dream Swissmatic_4,,,,,,,,,,,,,,,,,,,,,,,,,,,,,,,,,,,,,,,,,,,,,,,,,,,,
tissot-classic-dream-swissmatic,,,,,,,,,,,,,,,,,,,,,,,,,,,,,,,https://www.tissotwatches.com/dw/image/v2/BKKD_PRD/on/demandware.static/-/Sites-Tissot-Catalogue/default/dw0f46d92c/product-pictures/c721b1e1-f28e-4eb1-8127-478e583b7eb4_T129_407_11_031_00_WRIST.png,5,Tissot Classic Dream Swissmatic_5,,,,,,,,,,,,,,,,,,,,,,,,,,,,,,,,,,,,,,,,,,,,,,,,,,,,
tissot-classic-dream-swissmatic,,,,,,,,,,,,,,,,,,,,,,,,,,,,,,,https://www.tissotwatches.com/dw/image/v2/BKKD_PRD/on/demandware.static/-/Sites-Tissot-Catalogue/default/dw8ecbddbc/product-pictures/7ae20f07-18db-4cd4-93b0-78d69da53dec_T129-407-11-031-00_DETAIL-1.png,6,Tissot Classic Dream Swissmatic_6,,,,,,,,,,,,,,,,,,,,,,,,,,,,,,,,,,,,,,,,,,,,,,,,,,,,
tissot-chrono-l-42mm,Tissot Chrono L 42mm,"The Tissot Chrono L joins the Tissot XL family in 42mm ! Inspired by the Chrono XL, this new watch is great for those looking for a sporty and elegant chronograph, with Swiss technology and modern style. The G10.212 chrono quartz movement provides precision and robustness.  In addition, the watch is waterproof up to a pressure of 10 bar (100 meters/330 feet), and offers a visibility in low-light conditions guaranteed by the Super-LumiNova® coating on the needle-shaped hands. Straps and bracelets can be interchanged using Tissot’s easy-to-use quick strap change system, giving the owner the opportunity to choose from a wide range of compatible Tissot straps and personalise their watch to suit mood or occasion. Discover this 42mm chronograph watch with its black dial and matching black leather strap.<br><br><table style=""width:100%; border-collapse:collapse;""><tr><td style=""font-weight:bold; border:1px solid #ddd; padding:8px;"">Brand</td><td style=""border:1px solid #ddd; padding:8px;"">Tissot</td></tr><tr><td style=""font-weight:bold; border:1px solid #ddd; padding:8px;"">Reference</td><td style=""border:1px solid #ddd; padding:8px;"">T1164171605200</td></tr><tr><td style=""font-weight:bold; border:1px solid #ddd; padding:8px;"">Case Material</td><td style=""border:1px solid #ddd; padding:8px;"">316L stainless steel case</td></tr><tr><td style=""font-weight:bold; border:1px solid #ddd; padding:8px;"">Movement</td><td style=""border:1px solid #ddd; padding:8px;"">Swiss quartz</td></tr><tr><td style=""font-weight:bold; border:1px solid #ddd; padding:8px;"">Water Resistance</td><td style=""border:1px solid #ddd; padding:8px;"">Water-resistant up to a pressure of 10 bar (100 m / 330 ft)</td></tr><tr><td style=""font-weight:bold; border:1px solid #ddd; padding:8px;"">Weight (g)</td><td style=""border:1px solid #ddd; padding:8px;"">72.0</td></tr><tr><td style=""font-weight:bold; border:1px solid #ddd; padding:8px;"">Case Shape</td><td style=""border:1px solid #ddd; padding:8px;"">Round</td></tr><tr><td style=""font-weight:bold; border:1px solid #ddd; padding:8px;"">Case Diameter (mm)</td><td style=""border:1px solid #ddd; padding:8px;"">42.0</td></tr><tr><td style=""font-weight:bold; border:1px solid #ddd; padding:8px;"">Case Thickness (mm)</td><td style=""border:1px solid #ddd; padding:8px;"">10.97</td></tr><tr><td style=""font-weight:bold; border:1px solid #ddd; padding:8px;"">Lug Width (mm)</td><td style=""border:1px solid #ddd; padding:8px;"">22.00</td></tr><tr><td style=""font-weight:bold; border:1px solid #ddd; padding:8px;"">Crystal</td><td style=""border:1px solid #ddd; padding:8px;"">Scratch-resistant sapphire crystal with antireflective coating</td></tr><tr><td style=""font-weight:bold; border:1px solid #ddd; padding:8px;"">Caliber</td><td style=""border:1px solid #ddd; padding:8px;"">13 1/4'''</td></tr><tr><td style=""font-weight:bold; border:1px solid #ddd; padding:8px;"">Movement Diameter (mm)</td><td style=""border:1px solid #ddd; padding:8px;"">29,8</td></tr><tr><td style=""font-weight:bold; border:1px solid #ddd; padding:8px;"">Functions</td><td style=""border:1px solid #ddd; padding:8px;"">EOL (battery end-of-life indicator), 30-minutes and 1/10 of a second counters, Central 60-seconds chronograph hand, ADD and SPLIT functions</td></tr><tr><td style=""font-weight:bold; border:1px solid #ddd; padding:8px;"">Dial Color</td><td style=""border:1px solid #ddd; padding:8px;"">Black</td></tr><tr><td style=""font-weight:bold; border:1px solid #ddd; padding:8px;"">Strap Color</td><td style=""border:1px solid #ddd; padding:8px;"">Black</td></tr></table><br><br>
<div><strong>Easy Returns</strong></div>
<p>This item can be returned within 7 days.&nbsp;<a href=""https://theluxurydirect.com/pages/return-refund-policy"" rel=""noopener"" target=""_blank"">View our return policy</a><br><br></p>
<div><strong>USA Shipping</strong></div>
<p>All of our items ship from the United States.&nbsp;<a href=""https://theluxurydirect.com/pages/shipping-policy"" rel=""noopener"" target=""_blank"">Learn more</a></p>
<div><br></div>
<div><br></div>
",Tissot,Apparel & Accessories > Jewelry > Watches,Watches,"Watches, Wristwatches, SwiftCommerce_Tissot, Men's Watches",FALSE,Title,Default Title,,,,,,,,T116.417.16.052.00,90,shopify,deny,manual,425.00,,TRUE,TRUE,,,,,,https://www.tissotwatches.com/dw/image/v2/BKKD_PRD/on/demandware.static/-/Sites-Tissot-Catalogue/default/dw56633f75/product-pictures/4839eff9-6486-4224-b8d4-a3c954c1f319_T116-417-16-052-00_PROFIL.png,1,Tissot Chrono L 42mm_1,FALSE,,,,316L stainless steel case,Men,Black,,,,,https://www.tissotwatches.com/en-us/T1164171605200.html,Water-resistant up to a pressure of 10 bar (100 m / 330 ft),,,adults,,,,,,,,,,,,,,,,,,,,,,male,,,,,,,,,,,g,,,draft
tissot-chrono-l-42mm,,,,,,,,,,,,,,,,,,,,,,,,,,,,,,,https://www.tissotwatches.com/dw/image/v2/BKKD_PRD/on/demandware.static/-/Sites-Tissot-Catalogue/default/dwb5a304a4/product-pictures/72609882-9856-4094-9442-8b7fa69ae58d_T116-417-16-052-00_B1.png,2,Tissot Chrono L 42mm_2,,,,,,,,,,,,,,,,,,,,,,,,,,,,,,,,,,,,,,,,,,,,,,,,,,,,
tissot-chrono-l-42mm,,,,,,,,,,,,,,,,,,,,,,,,,,,,,,,https://www.tissotwatches.com/dw/image/v2/BKKD_PRD/on/demandware.static/-/Sites-Tissot-Catalogue/default/dw14f19e1b/product-pictures/1aeca476-619a-40f7-9ada-b88086e50895_T600-041-653_ZOOM.png,3,Tissot Chrono L 42mm_3,,,,,,,,,,,,,,,,,,,,,,,,,,,,,,,,,,,,,,,,,,,,,,,,,,,,
tissot-chrono-l-42mm,,,,,,,,,,,,,,,,,,,,,,,,,,,,,,,https://www.tissotwatches.com/dw/image/v2/BKKD_PRD/on/demandware.static/-/Sites-Tissot-Catalogue/default/dw8b2faf01/product-pictures/4910379d-7907-4620-9cdb-5c59e7d1cf1d_T116-417-16-052-00_WRIST.png,4,Tissot Chrono L 42mm_4,,,,,,,,,,,,,,,,,,,,,,,,,,,,,,,,,,,,,,,,,,,,,,,,,,,,
tissot-chrono-l-42mm,Tissot Chrono L 42mm,"The Tissot Chrono L joins the Tissot XL family in 42mm ! Inspired by the Chrono XL, this new watch is great for those looking for a sporty and elegant chronograph, with Swiss technology and modern style. The G10.212 chrono quartz movement provides precision and robustness.  In addition, the watch is waterproof up to a pressure of 10 bar (100 meters/330 feet), and offers a visibility in low-light conditions guaranteed by the Super-LumiNova® coating on the needle-shaped hands. Straps and bracelets can be interchanged using Tissot’s easy-to-use quick strap change system, giving the owner the opportunity to choose from a wide range of compatible Tissot straps and personalise their watch to suit mood or occasion. Discover this 42mm chronograph watch with its green dial and very chic stainless steel bracelet.<br><br><table style=""width:100%; border-collapse:collapse;""><tr><td style=""font-weight:bold; border:1px solid #ddd; padding:8px;"">Brand</td><td style=""border:1px solid #ddd; padding:8px;"">Tissot</td></tr><tr><td style=""font-weight:bold; border:1px solid #ddd; padding:8px;"">Reference</td><td style=""border:1px solid #ddd; padding:8px;"">T1164171109200</td></tr><tr><td style=""font-weight:bold; border:1px solid #ddd; padding:8px;"">Case Material</td><td style=""border:1px solid #ddd; padding:8px;"">316L stainless steel case</td></tr><tr><td style=""font-weight:bold; border:1px solid #ddd; padding:8px;"">Movement</td><td style=""border:1px solid #ddd; padding:8px;"">Swiss quartz</td></tr><tr><td style=""font-weight:bold; border:1px solid #ddd; padding:8px;"">Water Resistance</td><td style=""border:1px solid #ddd; padding:8px;"">Water-resistant up to a pressure of 10 bar (100 m / 330 ft)</td></tr><tr><td style=""font-weight:bold; border:1px solid #ddd; padding:8px;"">Weight (g)</td><td style=""border:1px solid #ddd; padding:8px;"">170.0</td></tr><tr><td style=""font-weight:bold; border:1px solid #ddd; padding:8px;"">Case Shape</td><td style=""border:1px solid #ddd; padding:8px;"">Round</td></tr><tr><td style=""font-weight:bold; border:1px solid #ddd; padding:8px;"">Case Diameter (mm)</td><td style=""border:1px solid #ddd; padding:8px;"">42.0</td></tr><tr><td style=""font-weight:bold; border:1px solid #ddd; padding:8px;"">Case Thickness (mm)</td><td style=""border:1px solid #ddd; padding:8px;"">10.97</td></tr><tr><td style=""font-weight:bold; border:1px solid #ddd; padding:8px;"">Lug Width (mm)</td><td style=""border:1px solid #ddd; padding:8px;"">22.00</td></tr><tr><td style=""font-weight:bold; border:1px solid #ddd; padding:8px;"">Crystal</td><td style=""border:1px solid #ddd; padding:8px;"">Scratch-resistant sapphire crystal with antireflective coating</td></tr><tr><td style=""font-weight:bold; border:1px solid #ddd; padding:8px;"">Caliber</td><td style=""border:1px solid #ddd; padding:8px;"">13 1/4'''</td></tr><tr><td style=""font-weight:bold; border:1px solid #ddd; padding:8px;"">Movement Diameter (mm)</td><td style=""border:1px solid #ddd; padding:8px;"">29,8</td></tr><tr><td style=""font-weight:bold; border:1px solid #ddd; padding:8px;"">Functions</td><td style=""border:1px solid #ddd; padding:8px;"">EOL (battery end-of-life indicator), 30-minutes and 1/10 of a second counters, Central 60-seconds chronograph hand, ADD and SPLIT functions</td></tr><tr><td style=""font-weight:bold; border:1px solid #ddd; padding:8px;"">Dial Color</td><td style=""border:1px solid #ddd; padding:8px;"">Green</td></tr><tr><td style=""font-weight:bold; border:1px solid #ddd; padding:8px;"">Strap Color</td><td style=""border:1px solid #ddd; padding:8px;"">Grey</td></tr></table><br><br>
<div><strong>Easy Returns</strong></div>
<p>This item can be returned within 7 days.&nbsp;<a href=""https://theluxurydirect.com/pages/return-refund-policy"" rel=""noopener"" target=""_blank"">View our return policy</a><br><br></p>
<div><strong>USA Shipping</strong></div>
<p>All of our items ship from the United States.&nbsp;<a href=""https://theluxurydirect.com/pages/shipping-policy"" rel=""noopener"" target=""_blank"">Learn more</a></p>
<div><br></div>
<div><br></div>
",Tissot,Apparel & Accessories > Jewelry > Watches,Watches,"Watches, Wristwatches, SwiftCommerce_Tissot, Men's Watches",FALSE,Title,Default Title,,,,,,,,T116.417.11.092.00,90,shopify,deny,manual,475.00,,TRUE,TRUE,,,,,,https://www.tissotwatches.com/dw/image/v2/BKKD_PRD/on/demandware.static/-/Sites-Tissot-Catalogue/default/dw37a66028/product-pictures/9d9fac2a-8d04-4642-94e1-fef09b6f050e_T116-417-11-092-00_PROFIL.png,1,Tissot Chrono L 42mm_1,FALSE,,,,316L stainless steel case,Men,Green,,,,,https://www.tissotwatches.com/en-us/T1164171109200.html,Water-resistant up to a pressure of 10 bar (100 m / 330 ft),,,adults,,,,,,,,,,,,,,,,,,,,,,male,,,,,,,,,,,g,,,draft
tissot-chrono-l-42mm,,,,,,,,,,,,,,,,,,,,,,,,,,,,,,,https://www.tissotwatches.com/dw/image/v2/BKKD_PRD/on/demandware.static/-/Sites-Tissot-Catalogue/default/dw0c500010/product-pictures/621ed1a5-9cb5-4410-a2fb-718e06438a10_T116-417-11-092-00_B1.png,2,Tissot Chrono L 42mm_2,,,,,,,,,,,,,,,,,,,,,,,,,,,,,,,,,,,,,,,,,,,,,,,,,,,,
tissot-chrono-l-42mm,,,,,,,,,,,,,,,,,,,,,,,,,,,,,,,https://www.tissotwatches.com/dw/image/v2/BKKD_PRD/on/demandware.static/-/Sites-Tissot-Catalogue/default/dw11a1f38b/product-pictures/f2e4408a-4661-450d-a14c-12819a2dde5d_T605-052-174_ZOOM.png,3,Tissot Chrono L 42mm_3,,,,,,,,,,,,,,,,,,,,,,,,,,,,,,,,,,,,,,,,,,,,,,,,,,,,
tissot-chrono-l-42mm,,,,,,,,,,,,,,,,,,,,,,,,,,,,,,,https://www.tissotwatches.com/dw/image/v2/BKKD_PRD/on/demandware.static/-/Sites-Tissot-Catalogue/default/dw5fec4fa2/product-pictures/804b6e17-da20-43e0-90dd-db582703ea1a_T116-417-11-092-00_WRIST.png,4,Tissot Chrono L 42mm_4,,,,,,,,,,,,,,,,,,,,,,,,,,,,,,,,,,,,,,,,,,,,,,,,,,,,
tissot-seastar-1000-powermatic-80-gmt,Tissot Seastar 1000 Powermatic 80 GMT,"<br><br><table style=""width:100%; border-collapse:collapse;""><tr><td style=""font-weight:bold; border:1px solid #ddd; padding:8px;"">Brand</td><td style=""border:1px solid #ddd; padding:8px;"">Tissot</td></tr><tr><td style=""font-weight:bold; border:1px solid #ddd; padding:8px;"">Reference</td><td style=""border:1px solid #ddd; padding:8px;"">T1204291105101</td></tr><tr><td style=""font-weight:bold; border:1px solid #ddd; padding:8px;"">Case Material</td><td style=""border:1px solid #ddd; padding:8px;"">316L stainless steel case</td></tr><tr><td style=""font-weight:bold; border:1px solid #ddd; padding:8px;"">Movement</td><td style=""border:1px solid #ddd; padding:8px;"">Swiss automatic</td></tr><tr><td style=""font-weight:bold; border:1px solid #ddd; padding:8px;"">Water Resistance</td><td style=""border:1px solid #ddd; padding:8px;"">Water-resistant up to a pressure of 30 bar (300 m / 1000 ft)</td></tr><tr><td style=""font-weight:bold; border:1px solid #ddd; padding:8px;"">Weight (g)</td><td style=""border:1px solid #ddd; padding:8px;"">208.0</td></tr><tr><td style=""font-weight:bold; border:1px solid #ddd; padding:8px;"">Case Shape</td><td style=""border:1px solid #ddd; padding:8px;"">Round</td></tr><tr><td style=""font-weight:bold; border:1px solid #ddd; padding:8px;"">Case Diameter (mm)</td><td style=""border:1px solid #ddd; padding:8px;"">46.0</td></tr><tr><td style=""font-weight:bold; border:1px solid #ddd; padding:8px;"">Case Thickness (mm)</td><td style=""border:1px solid #ddd; padding:8px;"">15.4</td></tr><tr><td style=""font-weight:bold; border:1px solid #ddd; padding:8px;"">Lug Width (mm)</td><td style=""border:1px solid #ddd; padding:8px;"">22.00</td></tr><tr><td style=""font-weight:bold; border:1px solid #ddd; padding:8px;"">Crystal</td><td style=""border:1px solid #ddd; padding:8px;"">Domed scratch-resistant sapphire crystal with antireflective coating</td></tr><tr><td style=""font-weight:bold; border:1px solid #ddd; padding:8px;"">Caliber</td><td style=""border:1px solid #ddd; padding:8px;"">11 1/2'''</td></tr><tr><td style=""font-weight:bold; border:1px solid #ddd; padding:8px;"">Movement Diameter (mm)</td><td style=""border:1px solid #ddd; padding:8px;"">25,6</td></tr><tr><td style=""font-weight:bold; border:1px solid #ddd; padding:8px;"">Functions</td><td style=""border:1px solid #ddd; padding:8px;"">GMT</td></tr><tr><td style=""font-weight:bold; border:1px solid #ddd; padding:8px;"">Dial Color</td><td style=""border:1px solid #ddd; padding:8px;"">Black</td></tr><tr><td style=""font-weight:bold; border:1px solid #ddd; padding:8px;"">Strap Color</td><td style=""border:1px solid #ddd; padding:8px;"">Grey</td></tr></table><br><br>
<div><strong>Easy Returns</strong></div>
<p>This item can be returned within 7 days.&nbsp;<a href=""https://theluxurydirect.com/pages/return-refund-policy"" rel=""noopener"" target=""_blank"">View our return policy</a><br><br></p>
<div><strong>USA Shipping</strong></div>
<p>All of our items ship from the United States.&nbsp;<a href=""https://theluxurydirect.com/pages/shipping-policy"" rel=""noopener"" target=""_blank"">Learn more</a></p>
<div><br></div>
<div><br></div>
",Tissot,Apparel & Accessories > Jewelry > Watches,Watches,"Watches, Wristwatches, SwiftCommerce_Tissot, Men's Watches",FALSE,Title,Default Title,,,,,,,,T120.429.11.051.01,90,shopify,deny,manual,1.375.00,,TRUE,TRUE,,,,,,https://www.tissotwatches.com/dw/image/v2/BKKD_PRD/on/demandware.static/-/Sites-Tissot-Catalogue/default/dwe1df6cae/product-pictures/f8ede51c-2336-40e7-898b-cac35e641e3f_T605-046-894_ZOOM.png,1,Tissot Seastar 1000 Powermatic 80 GMT_1,FALSE,,,,316L stainless steel case,Men,Black,,,,,https://www.tissotwatches.com/en-us/T1204291105101.html,Water-resistant up to a pressure of 30 bar (300 m / 1000 ft),,,adults,,,,,,,,,,,,,,,,,,,,,,male,,,,,,,,,,,g,,,draft
tissot-prx-ufo-robot-grendizer-50th-anniversary-40mm,Tissot PRX UFO Robot Grendizer 50th Anniversary 40mm,"In tribute to the 50th anniversary of UFO Robot Grendizer, Tissot comes back with a new exceptional piece: the PRX Grendizer 50th Anniversary Special Edition, limited to 1975 pieces. At the heart of this limited edition beats the Powermatic 80 movement, with an 80-hour power reserve and a Nivachron balance spring designed to resist magnetic fields and temperature variations. A mechanism worthy of interstellar journeys, water-resistant to 10 bar, robust, and ready for action, it is engineered to keep up with you across your adventures, while the whisper of traveling at the speed of light echoes in every tick. Visible through the transparent caseback, the movement reveals a hidden guardian: Grendizer himself, engraved on the oscillating weight, as if watching over the mechanism from the shadows like a sentinel from the stars. Each piece is individually numbered, with “Limited Edition 1 of 1975” engraved on the caseback, a nod to the year Grendizer first lit up screens and imaginations. The timepiece arrives in a special UFO Grendizer Spazer watch box, echoing the iconic flying armor that brings Grendizer to life.<br><br><table style=""width:100%; border-collapse:collapse;""><tr><td style=""font-weight:bold; border:1px solid #ddd; padding:8px;"">Brand</td><td style=""border:1px solid #ddd; padding:8px;"">Tissot</td></tr><tr><td style=""font-weight:bold; border:1px solid #ddd; padding:8px;"">Reference</td><td style=""border:1px solid #ddd; padding:8px;"">T1374073305101</td></tr><tr><td style=""font-weight:bold; border:1px solid #ddd; padding:8px;"">Case Material</td><td style=""border:1px solid #ddd; padding:8px;"">316L stainless steel case with black PVD coating</td></tr><tr><td style=""font-weight:bold; border:1px solid #ddd; padding:8px;"">Movement</td><td style=""border:1px solid #ddd; padding:8px;"">Swiss automatic</td></tr><tr><td style=""font-weight:bold; border:1px solid #ddd; padding:8px;"">Water Resistance</td><td style=""border:1px solid #ddd; padding:8px;"">Water-resistant up to a pressure of 10 bar (100 m / 330 ft)</td></tr><tr><td style=""font-weight:bold; border:1px solid #ddd; padding:8px;"">Weight (g)</td><td style=""border:1px solid #ddd; padding:8px;"">140.0</td></tr><tr><td style=""font-weight:bold; border:1px solid #ddd; padding:8px;"">Case Shape</td><td style=""border:1px solid #ddd; padding:8px;"">Tonneau shape</td></tr><tr><td style=""font-weight:bold; border:1px solid #ddd; padding:8px;"">Case Diameter (mm)</td><td style=""border:1px solid #ddd; padding:8px;"">40.0</td></tr><tr><td style=""font-weight:bold; border:1px solid #ddd; padding:8px;"">Case Thickness (mm)</td><td style=""border:1px solid #ddd; padding:8px;"">10.93</td></tr><tr><td style=""font-weight:bold; border:1px solid #ddd; padding:8px;"">Lug Width (mm)</td><td style=""border:1px solid #ddd; padding:8px;"">12.00</td></tr><tr><td style=""font-weight:bold; border:1px solid #ddd; padding:8px;"">Crystal</td><td style=""border:1px solid #ddd; padding:8px;"">Scratch-resistant sapphire crystal with double-sided antireflective coating</td></tr><tr><td style=""font-weight:bold; border:1px solid #ddd; padding:8px;"">Caliber</td><td style=""border:1px solid #ddd; padding:8px;"">11 1/2'''</td></tr><tr><td style=""font-weight:bold; border:1px solid #ddd; padding:8px;"">Movement Diameter (mm)</td><td style=""border:1px solid #ddd; padding:8px;"">25,6</td></tr><tr><td style=""font-weight:bold; border:1px solid #ddd; padding:8px;"">Functions</td><td style=""border:1px solid #ddd; padding:8px;"">Patented Nivachron balance spring</td></tr><tr><td style=""font-weight:bold; border:1px solid #ddd; padding:8px;"">Dial Color</td><td style=""border:1px solid #ddd; padding:8px;"">Black</td></tr><tr><td style=""font-weight:bold; border:1px solid #ddd; padding:8px;"">Strap Color</td><td style=""border:1px solid #ddd; padding:8px;"">Black</td></tr></table><br><br>
<div><strong>Easy Returns</strong></div>
<p>This item can be returned within 7 days.&nbsp;<a href=""https://theluxurydirect.com/pages/return-refund-policy"" rel=""noopener"" target=""_blank"">View our return policy</a><br><br></p>
<div><strong>USA Shipping</strong></div>
<p>All of our items ship from the United States.&nbsp;<a href=""https://theluxurydirect.com/pages/shipping-policy"" rel=""noopener"" target=""_blank"">Learn more</a></p>
<div><br></div>
<div><br></div>
",Tissot,Apparel & Accessories > Jewelry > Watches,Watches,"Watches, Wristwatches, SwiftCommerce_Tissot, Men's Watches",FALSE,Title,Default Title,,,,,,,,"T137.407.33.051.01 - Limited edition 1,975 pieces",90,shopify,deny,manual,1.100.00,,TRUE,TRUE,,,,,,https://www.tissotwatches.com/dw/image/v2/BKKD_PRD/on/demandware.static/-/Sites-Tissot-Catalogue/default/dw3f9984a5/product-pictures/86b5a7a4-0c75-4a51-b64c-5366c9737409_T137-407-33-051-01_PROFIL.png,1,Tissot PRX UFO Robot Grendizer 50th Anniversary 40mm_1,FALSE,,,,316L stainless steel case with black PVD coating,Men,Black,,,,,https://www.tissotwatches.com/en-us/T1374073305101.html,Water-resistant up to a pressure of 10 bar (100 m / 330 ft),,,adults,,,,,,,,,,,,,,,,,,,,,,male,,,,,,,,,,,g,,,draft
tissot-prx-ufo-robot-grendizer-50th-anniversary-40mm,,,,,,,,,,,,,,,,,,,,,,,,,,,,,,,https://www.tissotwatches.com/dw/image/v2/BKKD_PRD/on/demandware.static/-/Sites-Tissot-Catalogue/default/dw67051f30/product-pictures/07813073-7d9a-462f-913e-e8a2f638675f_T137-407-33-051-01_B1.png,2,Tissot PRX UFO Robot Grendizer 50th Anniversary 40mm_2,,,,,,,,,,,,,,,,,,,,,,,,,,,,,,,,,,,,,,,,,,,,,,,,,,,,
tissot-prx-ufo-robot-grendizer-50th-anniversary-40mm,,,,,,,,,,,,,,,,,,,,,,,,,,,,,,,https://www.tissotwatches.com/dw/image/v2/BKKD_PRD/on/demandware.static/-/Sites-Tissot-Catalogue/default/dw5f58ca84/product-pictures/64f6887f-a4dc-4e85-b8f6-6d2f0c3c8f68_T605-051-722_ZOOM.png,3,Tissot PRX UFO Robot Grendizer 50th Anniversary 40mm_3,,,,,,,,,,,,,,,,,,,,,,,,,,,,,,,,,,,,,,,,,,,,,,,,,,,,
tissot-prx-ufo-robot-grendizer-50th-anniversary-40mm,,,,,,,,,,,,,,,,,,,,,,,,,,,,,,,https://www.tissotwatches.com/dw/image/v2/BKKD_PRD/on/demandware.static/-/Sites-Tissot-Catalogue/default/dwefd3b23b/product-pictures/bb774ae5-6e3b-4acf-9366-625f007e9c79_T137-407-33-051-01_WRIST.png,4,Tissot PRX UFO Robot Grendizer 50th Anniversary 40mm_4,,,,,,,,,,,,,,,,,,,,,,,,,,,,,,,,,,,,,,,,,,,,,,,,,,,,
tissot-prx-ufo-robot-grendizer-50th-anniversary-40mm,,,,,,,,,,,,,,,,,,,,,,,,,,,,,,,https://www.tissotwatches.com/dw/image/v2/BKKD_PRD/on/demandware.static/-/Sites-Tissot-Catalogue/default/dw62b203a4/product-pictures/f69e3135-de58-47c0-bff2-a87fce8af693_T137-407-33-051-01_DETAIL-1.png,5,Tissot PRX UFO Robot Grendizer 50th Anniversary 40mm_5,,,,,,,,,,,,,,,,,,,,,,,,,,,,,,,,,,,,,,,,,,,,,,,,,,,,
tissot-prx-ufo-robot-grendizer-50th-anniversary-40mm,,,,,,,,,,,,,,,,,,,,,,,,,,,,,,,https://www.tissotwatches.com/dw/image/v2/BKKD_PRD/on/demandware.static/-/Sites-Tissot-Catalogue/default/dw4dc78878/product-pictures/a4232566-6889-4192-9032-cc60f29dd683_T137-407-33-051-01_DETAIL-2.png,6,Tissot PRX UFO Robot Grendizer 50th Anniversary 40mm_6,,,,,,,,,,,,,,,,,,,,,,,,,,,,,,,,,,,,,,,,,,,,,,,,,,,,
tissot-prx-ufo-robot-grendizer-50th-anniversary-40mm,,,,,,,,,,,,,,,,,,,,,,,,,,,,,,,https://www.tissotwatches.com/dw/image/v2/BKKD_PRD/on/demandware.static/-/Sites-Tissot-Catalogue/default/dwc6f5bc8d/product-pictures/e29deaba-303a-4ea8-8fb8-3ac7194d3090_T137-407-33-051-01_DETAIL-3.png,7,Tissot PRX UFO Robot Grendizer 50th Anniversary 40mm_7,,,,,,,,,,,,,,,,,,,,,,,,,,,,,,,,,,,,,,,,,,,,,,,,,,,,
tissot-prx-ufo-robot-grendizer-50th-anniversary-40mm,,,,,,,,,,,,,,,,,,,,,,,,,,,,,,,https://www.tissotwatches.com/dw/image/v2/BKKD_PRD/on/demandware.static/-/Sites-Tissot-Catalogue/default/dw9136d427/product-pictures/da9fc6a8-f75d-4f95-a3aa-73237984b7a7_T137-407-33-051-01_SLEEVED-BOX.png,8,Tissot PRX UFO Robot Grendizer 50th Anniversary 40mm_8,,,,,,,,,,,,,,,,,,,,,,,,,,,,,,,,,,,,,,,,,,,,,,,,,,,,
tissot-prx-ufo-robot-grendizer-50th-anniversary-40mm,,,,,,,,,,,,,,,,,,,,,,,,,,,,,,,https://www.tissotwatches.com/dw/image/v2/BKKD_PRD/on/demandware.static/-/Sites-Tissot-Catalogue/default/dw3401c64e/product-pictures/6b26c775-5b98-4e81-b98e-ef43090d0eee_T137-407-33-051-01_OPENED-BOX.png,9,Tissot PRX UFO Robot Grendizer 50th Anniversary 40mm_9,,,,,,,,,,,,,,,,,,,,,,,,,,,,,,,,,,,,,,,,,,,,,,,,,,,,
tissot-prx-ufo-robot-grendizer-50th-anniversary-40mm,,,,,,,,,,,,,,,,,,,,,,,,,,,,,,,https://www.tissotwatches.com/dw/image/v2/BKKD_PRD/on/demandware.static/-/Sites-Tissot-Catalogue/default/dwd08548cf/product-pictures/037233d1-ab55-47f8-91ec-dd539cc24e95_T137-407-33-051-01_CLOSED-BOX.png,10,Tissot PRX UFO Robot Grendizer 50th Anniversary 40mm_10,,,,,,,,,,,,,,,,,,,,,,,,,,,,,,,,,,,,,,,,,,,,,,,,,,,,
tissot-prx-ufo-robot-grendizer-50th-anniversary-40mm,,,,,,,,,,,,,,,,,,,,,,,,,,,,,,,https://www.tissotwatches.com/dw/image/v2/BKKD_PRD/on/demandware.static/-/Sites-Tissot-Catalogue/default/dw0e5519cc/product-pictures/02b60cab-765c-4137-b4ab-0ff7bb2413c2_T137-407-33-051-01_Superluminova.png,11,Tissot PRX UFO Robot Grendizer 50th Anniversary 40mm_11,,,,,,,,,,,,,,,,,,,,,,,,,,,,,,,,,,,,,,,,,,,,,,,,,,,,
tissot-glendora-gold-33mm,Tissot Glendora Gold 33mm,"A jewelery watch dedicated to active women wishing to express their graceful feminine charm through a luxury and modern timepiece. The crown is preciously decorated with a cabochon in the shape of a pyramid. Its contemporary design is emphasized by a steel case topped with a bezel in 18 carat solid gold. The counter weight of the second hand is skeletonized. Some models have a powdered leather strap in beige, anthracite or black.<br><br><table style=""width:100%; border-collapse:collapse;""><tr><td style=""font-weight:bold; border:1px solid #ddd; padding:8px;"">Brand</td><td style=""border:1px solid #ddd; padding:8px;"">Tissot</td></tr><tr><td style=""font-weight:bold; border:1px solid #ddd; padding:8px;"">Reference</td><td style=""border:1px solid #ddd; padding:8px;"">T9292104626100</td></tr><tr><td style=""font-weight:bold; border:1px solid #ddd; padding:8px;"">Case Material</td><td style=""border:1px solid #ddd; padding:8px;"">316L stainless steel case with 18K rose gold bezel</td></tr><tr><td style=""font-weight:bold; border:1px solid #ddd; padding:8px;"">Movement</td><td style=""border:1px solid #ddd; padding:8px;"">Swiss quartz</td></tr><tr><td style=""font-weight:bold; border:1px solid #ddd; padding:8px;"">Water Resistance</td><td style=""border:1px solid #ddd; padding:8px;"">Water-resistant up to a pressure of 3 bar (30 m / 100 ft)</td></tr><tr><td style=""font-weight:bold; border:1px solid #ddd; padding:8px;"">Weight (g)</td><td style=""border:1px solid #ddd; padding:8px;"">40.0</td></tr><tr><td style=""font-weight:bold; border:1px solid #ddd; padding:8px;"">Case Shape</td><td style=""border:1px solid #ddd; padding:8px;"">Round</td></tr><tr><td style=""font-weight:bold; border:1px solid #ddd; padding:8px;"">Case Diameter (mm)</td><td style=""border:1px solid #ddd; padding:8px;"">33.0</td></tr><tr><td style=""font-weight:bold; border:1px solid #ddd; padding:8px;"">Case Thickness (mm)</td><td style=""border:1px solid #ddd; padding:8px;"">7.57</td></tr><tr><td style=""font-weight:bold; border:1px solid #ddd; padding:8px;"">Lug Width (mm)</td><td style=""border:1px solid #ddd; padding:8px;"">16.00</td></tr><tr><td style=""font-weight:bold; border:1px solid #ddd; padding:8px;"">Crystal</td><td style=""border:1px solid #ddd; padding:8px;"">Scratch-resistant sapphire crystal</td></tr><tr><td style=""font-weight:bold; border:1px solid #ddd; padding:8px;"">Caliber</td><td style=""border:1px solid #ddd; padding:8px;"">10 1/2'''</td></tr><tr><td style=""font-weight:bold; border:1px solid #ddd; padding:8px;"">Movement Diameter (mm)</td><td style=""border:1px solid #ddd; padding:8px;"">23.3</td></tr><tr><td style=""font-weight:bold; border:1px solid #ddd; padding:8px;"">Functions</td><td style=""border:1px solid #ddd; padding:8px;"">EOL (battery end-of-life indicator)</td></tr><tr><td style=""font-weight:bold; border:1px solid #ddd; padding:8px;"">Dial Color</td><td style=""border:1px solid #ddd; padding:8px;"">Cream opalin</td></tr><tr><td style=""font-weight:bold; border:1px solid #ddd; padding:8px;"">Strap Color</td><td style=""border:1px solid #ddd; padding:8px;"">Beige</td></tr></table><br><br>
<div><strong>Easy Returns</strong></div>
<p>This item can be returned within 7 days.&nbsp;<a href=""https://theluxurydirect.com/pages/return-refund-policy"" rel=""noopener"" target=""_blank"">View our return policy</a><br><br></p>
<div><strong>USA Shipping</strong></div>
<p>All of our items ship from the United States.&nbsp;<a href=""https://theluxurydirect.com/pages/shipping-policy"" rel=""noopener"" target=""_blank"">Learn more</a></p>
<div><br></div>
<div><br></div>
",Tissot,Apparel & Accessories > Jewelry > Watches,Watches,"Watches, Wristwatches, SwiftCommerce_Tissot, Women's Watches",FALSE,Title,Default Title,,,,,,,,T929.210.46.261.00,90,shopify,deny,manual,1.825.00,,TRUE,TRUE,,,,,,https://www.tissotwatches.com/dw/image/v2/BKKD_PRD/on/demandware.static/-/Sites-Tissot-Catalogue/default/dwdce1620d/product-pictures/93042789-8b0a-420f-8383-af3eaecf5ee2_T929_210_46_261_00_PROFIL.png,1,Tissot Glendora Gold 33mm_1,FALSE,,,,316L stainless steel case with 18K rose gold bezel,Women,Cream opalin,,,,,https://www.tissotwatches.com/en-us/T9292104626100.html,Water-resistant up to a pressure of 3 bar (30 m / 100 ft),,,adults,,,,,,,,,,,,,,,,,,,,,,female,,,,,,,,,,,g,,,draft
tissot-glendora-gold-33mm,,,,,,,,,,,,,,,,,,,,,,,,,,,,,,,https://www.tissotwatches.com/dw/image/v2/BKKD_PRD/on/demandware.static/-/Sites-Tissot-Catalogue/default/dw46f82063/product-pictures/d6739453-f8af-455d-b8d7-075b101e7d87_T929_210_46_261_00_B1.png,2,Tissot Glendora Gold 33mm_2,,,,,,,,,,,,,,,,,,,,,,,,,,,,,,,,,,,,,,,,,,,,,,,,,,,,
tissot-glendora-gold-33mm,,,,,,,,,,,,,,,,,,,,,,,,,,,,,,,https://www.tissotwatches.com/dw/image/v2/BKKD_PRD/on/demandware.static/-/Sites-Tissot-Catalogue/default/dwb0707426/product-pictures/2cd7c457-371c-4525-aba0-8bd066de276d_T600-045-320_ZOOM.png,3,Tissot Glendora Gold 33mm_3,,,,,,,,,,,,,,,,,,,,,,,,,,,,,,,,,,,,,,,,,,,,,,,,,,,,
tissot-glendora-gold-33mm,,,,,,,,,,,,,,,,,,,,,,,,,,,,,,,https://www.tissotwatches.com/dw/image/v2/BKKD_PRD/on/demandware.static/-/Sites-Tissot-Catalogue/default/dw832bcffd/product-pictures/c0c1466a-56c6-435e-82df-b1c5741eaa15_T929_210_46_261_00_WRIST.png,4,Tissot Glendora Gold 33mm_4,,,,,,,,,,,,,,,,,,,,,,,,,,,,,,,,,,,,,,,,,,,,,,,,,,,,
tissot-heritage-1973,Tissot Heritage 1973,"Equipped with a tachymeter, its “panda” dial comes with two new declinations in blue and black with silver counters. The perforated strap recalls the racing wheel on classic racing cars and sophisticated details such as the oval stainless steel case remind the vintage design of the sporty chronograph from 1973.<br><br><table style=""width:100%; border-collapse:collapse;""><tr><td style=""font-weight:bold; border:1px solid #ddd; padding:8px;"">Brand</td><td style=""border:1px solid #ddd; padding:8px;"">Tissot</td></tr><tr><td style=""font-weight:bold; border:1px solid #ddd; padding:8px;"">Reference</td><td style=""border:1px solid #ddd; padding:8px;"">T1244271603101</td></tr><tr><td style=""font-weight:bold; border:1px solid #ddd; padding:8px;"">Case Material</td><td style=""border:1px solid #ddd; padding:8px;"">316L stainless steel case</td></tr><tr><td style=""font-weight:bold; border:1px solid #ddd; padding:8px;"">Movement</td><td style=""border:1px solid #ddd; padding:8px;"">Swiss Tissot automatic</td></tr><tr><td style=""font-weight:bold; border:1px solid #ddd; padding:8px;"">Water Resistance</td><td style=""border:1px solid #ddd; padding:8px;"">Water-resistant up to a pressure of 10 bar (100 m / 330 ft)</td></tr><tr><td style=""font-weight:bold; border:1px solid #ddd; padding:8px;"">Weight (g)</td><td style=""border:1px solid #ddd; padding:8px;"">125.0</td></tr><tr><td style=""font-weight:bold; border:1px solid #ddd; padding:8px;"">Case Shape</td><td style=""border:1px solid #ddd; padding:8px;"">Tonneau shape</td></tr><tr><td style=""font-weight:bold; border:1px solid #ddd; padding:8px;"">Case Diameter (mm)</td><td style=""border:1px solid #ddd; padding:8px;"">43.0</td></tr><tr><td style=""font-weight:bold; border:1px solid #ddd; padding:8px;"">Case Thickness (mm)</td><td style=""border:1px solid #ddd; padding:8px;"">14.8</td></tr><tr><td style=""font-weight:bold; border:1px solid #ddd; padding:8px;"">Lug Width (mm)</td><td style=""border:1px solid #ddd; padding:8px;"">22.00</td></tr><tr><td style=""font-weight:bold; border:1px solid #ddd; padding:8px;"">Crystal</td><td style=""border:1px solid #ddd; padding:8px;"">Domed scratch-resistant sapphire crystal with antireflective coating</td></tr><tr><td style=""font-weight:bold; border:1px solid #ddd; padding:8px;"">Caliber</td><td style=""border:1px solid #ddd; padding:8px;"">13 1/4'''</td></tr><tr><td style=""font-weight:bold; border:1px solid #ddd; padding:8px;"">Movement Diameter (mm)</td><td style=""border:1px solid #ddd; padding:8px;"">30</td></tr><tr><td style=""font-weight:bold; border:1px solid #ddd; padding:8px;"">Functions</td><td style=""border:1px solid #ddd; padding:8px;"">12 hours, 30 minutes and 60 seconds counters, Central 60-seconds chronograph hand</td></tr><tr><td style=""font-weight:bold; border:1px solid #ddd; padding:8px;"">Dial Color</td><td style=""border:1px solid #ddd; padding:8px;"">Silver</td></tr><tr><td style=""font-weight:bold; border:1px solid #ddd; padding:8px;"">Strap Color</td><td style=""border:1px solid #ddd; padding:8px;"">Brown</td></tr></table><br><br>
<div><strong>Easy Returns</strong></div>
<p>This item can be returned within 7 days.&nbsp;<a href=""https://theluxurydirect.com/pages/return-refund-policy"" rel=""noopener"" target=""_blank"">View our return policy</a><br><br></p>
<div><strong>USA Shipping</strong></div>
<p>All of our items ship from the United States.&nbsp;<a href=""https://theluxurydirect.com/pages/shipping-policy"" rel=""noopener"" target=""_blank"">Learn more</a></p>
<div><br></div>
<div><br></div>
",Tissot,Apparel & Accessories > Jewelry > Watches,Watches,"Watches, Wristwatches, SwiftCommerce_Tissot, Men's Watches",FALSE,Title,Default Title,,,,,,,,T124.427.16.031.01,90,shopify,deny,manual,2.575.00,,TRUE,TRUE,,,,,,https://www.tissotwatches.com/dw/image/v2/BKKD_PRD/on/demandware.static/-/Sites-Tissot-Catalogue/default/dwc602d749/product-pictures/ea4bc994-380e-4e91-82b9-921af67fe979_T124_427_16_031_01_PROFIL.png,1,Tissot Heritage 1973_1,FALSE,,,,316L stainless steel case,Men,Silver,,,,,https://www.tissotwatches.com/en-us/T1244271603101.html,Water-resistant up to a pressure of 10 bar (100 m / 330 ft),,,adults,,,,,,,,,,,,,,,,,,,,,,male,,,,,,,,,,,g,,,draft
tissot-heritage-1973,,,,,,,,,,,,,,,,,,,,,,,,,,,,,,,https://www.tissotwatches.com/dw/image/v2/BKKD_PRD/on/demandware.static/-/Sites-Tissot-Catalogue/default/dw7d62c5d1/product-pictures/fc4ea609-e6d0-468a-a5b0-ff602d67d5d9_T124_427_16_031_01_B1.png,2,Tissot Heritage 1973_2,,,,,,,,,,,,,,,,,,,,,,,,,,,,,,,,,,,,,,,,,,,,,,,,,,,,
tissot-heritage-1973,,,,,,,,,,,,,,,,,,,,,,,,,,,,,,,https://www.tissotwatches.com/dw/image/v2/BKKD_PRD/on/demandware.static/-/Sites-Tissot-Catalogue/default/dw2fae9a10/product-pictures/c11064f3-ece5-4539-afa1-7a4296d4c8af_T600-045-137_ZOOM.png,3,Tissot Heritage 1973_3,,,,,,,,,,,,,,,,,,,,,,,,,,,,,,,,,,,,,,,,,,,,,,,,,,,,
tissot-chrono-l-42mm,Tissot Chrono L 42mm,"The Tissot Chrono L joins the Tissot XL family in 42mm ! Inspired by the Chrono XL, this new watch is great for those looking for a sporty and elegant chronograph, with Swiss technology and modern style. The G10.212 chrono quartz movement provides precision and robustness.  In addition, the watch is waterproof up to a pressure of 10 bar (100 meters/330 feet), and offers a visibility in low-light conditions guaranteed by the Super-LumiNova® coating on the needle-shaped hands. Straps and bracelets can be interchanged using Tissot’s easy-to-use quick strap change system, giving the owner the opportunity to choose from a wide range of compatible Tissot straps and personalise their watch to suit mood or occasion. Discover this 42mm chronograph watch with its blue dial and very chic stainless steel bracelet.<br><br><table style=""width:100%; border-collapse:collapse;""><tr><td style=""font-weight:bold; border:1px solid #ddd; padding:8px;"">Brand</td><td style=""border:1px solid #ddd; padding:8px;"">Tissot</td></tr><tr><td style=""font-weight:bold; border:1px solid #ddd; padding:8px;"">Reference</td><td style=""border:1px solid #ddd; padding:8px;"">T1164171104200</td></tr><tr><td style=""font-weight:bold; border:1px solid #ddd; padding:8px;"">Case Material</td><td style=""border:1px solid #ddd; padding:8px;"">316L stainless steel case</td></tr><tr><td style=""font-weight:bold; border:1px solid #ddd; padding:8px;"">Movement</td><td style=""border:1px solid #ddd; padding:8px;"">Swiss quartz</td></tr><tr><td style=""font-weight:bold; border:1px solid #ddd; padding:8px;"">Water Resistance</td><td style=""border:1px solid #ddd; padding:8px;"">Water-resistant up to a pressure of 10 bar (100 m / 330 ft)</td></tr><tr><td style=""font-weight:bold; border:1px solid #ddd; padding:8px;"">Weight (g)</td><td style=""border:1px solid #ddd; padding:8px;"">170.0</td></tr><tr><td style=""font-weight:bold; border:1px solid #ddd; padding:8px;"">Case Shape</td><td style=""border:1px solid #ddd; padding:8px;"">Round</td></tr><tr><td style=""font-weight:bold; border:1px solid #ddd; padding:8px;"">Case Diameter (mm)</td><td style=""border:1px solid #ddd; padding:8px;"">42.0</td></tr><tr><td style=""font-weight:bold; border:1px solid #ddd; padding:8px;"">Case Thickness (mm)</td><td style=""border:1px solid #ddd; padding:8px;"">10.97</td></tr><tr><td style=""font-weight:bold; border:1px solid #ddd; padding:8px;"">Lug Width (mm)</td><td style=""border:1px solid #ddd; padding:8px;"">22.00</td></tr><tr><td style=""font-weight:bold; border:1px solid #ddd; padding:8px;"">Crystal</td><td style=""border:1px solid #ddd; padding:8px;"">Scratch-resistant sapphire crystal with antireflective coating</td></tr><tr><td style=""font-weight:bold; border:1px solid #ddd; padding:8px;"">Caliber</td><td style=""border:1px solid #ddd; padding:8px;"">13 1/4'''</td></tr><tr><td style=""font-weight:bold; border:1px solid #ddd; padding:8px;"">Movement Diameter (mm)</td><td style=""border:1px solid #ddd; padding:8px;"">29,8</td></tr><tr><td style=""font-weight:bold; border:1px solid #ddd; padding:8px;"">Functions</td><td style=""border:1px solid #ddd; padding:8px;"">EOL (battery end-of-life indicator), 30-minutes and 1/10 of a second counters, Central 60-seconds chronograph hand, ADD and SPLIT functions</td></tr><tr><td style=""font-weight:bold; border:1px solid #ddd; padding:8px;"">Dial Color</td><td style=""border:1px solid #ddd; padding:8px;"">Blue</td></tr><tr><td style=""font-weight:bold; border:1px solid #ddd; padding:8px;"">Strap Color</td><td style=""border:1px solid #ddd; padding:8px;"">Grey</td></tr></table><br><br>
<div><strong>Easy Returns</strong></div>
<p>This item can be returned within 7 days.&nbsp;<a href=""https://theluxurydirect.com/pages/return-refund-policy"" rel=""noopener"" target=""_blank"">View our return policy</a><br><br></p>
<div><strong>USA Shipping</strong></div>
<p>All of our items ship from the United States.&nbsp;<a href=""https://theluxurydirect.com/pages/shipping-policy"" rel=""noopener"" target=""_blank"">Learn more</a></p>
<div><br></div>
<div><br></div>
",Tissot,Apparel & Accessories > Jewelry > Watches,Watches,"Watches, Wristwatches, SwiftCommerce_Tissot, Men's Watches",FALSE,Title,Default Title,,,,,,,,T116.417.11.042.00,90,shopify,deny,manual,475.00,,TRUE,TRUE,,,,,,https://www.tissotwatches.com/dw/image/v2/BKKD_PRD/on/demandware.static/-/Sites-Tissot-Catalogue/default/dw7fd32e1f/product-pictures/04328452-3cad-4893-8506-1aa1945f7af3_T116-417-11-042-00_PROFIL.png,1,Tissot Chrono L 42mm_1,FALSE,,,,316L stainless steel case,Men,Blue,,,,,https://www.tissotwatches.com/en-us/T1164171104200.html,Water-resistant up to a pressure of 10 bar (100 m / 330 ft),,,adults,,,,,,,,,,,,,,,,,,,,,,male,,,,,,,,,,,g,,,draft
tissot-chrono-l-42mm,,,,,,,,,,,,,,,,,,,,,,,,,,,,,,,https://www.tissotwatches.com/dw/image/v2/BKKD_PRD/on/demandware.static/-/Sites-Tissot-Catalogue/default/dw68e9ac13/product-pictures/ef8b9850-3fe4-43dc-bd91-1dfdeb2bb9b8_T116-417-11-042-00_B1.png,2,Tissot Chrono L 42mm_2,,,,,,,,,,,,,,,,,,,,,,,,,,,,,,,,,,,,,,,,,,,,,,,,,,,,
tissot-chrono-l-42mm,,,,,,,,,,,,,,,,,,,,,,,,,,,,,,,https://www.tissotwatches.com/dw/image/v2/BKKD_PRD/on/demandware.static/-/Sites-Tissot-Catalogue/default/dw11a1f38b/product-pictures/f2e4408a-4661-450d-a14c-12819a2dde5d_T605-052-174_ZOOM.png,3,Tissot Chrono L 42mm_3,,,,,,,,,,,,,,,,,,,,,,,,,,,,,,,,,,,,,,,,,,,,,,,,,,,,
tissot-chrono-l-42mm,,,,,,,,,,,,,,,,,,,,,,,,,,,,,,,https://www.tissotwatches.com/dw/image/v2/BKKD_PRD/on/demandware.static/-/Sites-Tissot-Catalogue/default/dwc0f047c1/product-pictures/7f80d042-f68b-476d-af17-6b27fd5fa6d7_T116-417-11-042-00_WRIST.png,4,Tissot Chrono L 42mm_4,,,,,,,,,,,,,,,,,,,,,,,,,,,,,,,,,,,,,,,,,,,,,,,,,,,,
tissot-chrono-l-42mm,,,,,,,,,,,,,,,,,,,,,,,,,,,,,,,https://www.tissotwatches.com/dw/image/v2/BKKD_PRD/on/demandware.static/-/Sites-Tissot-Catalogue/default/dwb7ef1394/product-pictures/fb082687-f163-44bc-8178-cd17f8566862_T116-417-11-042-00_DETAIL-1.png,5,Tissot Chrono L 42mm_5,,,,,,,,,,,,,,,,,,,,,,,,,,,,,,,,,,,,,,,,,,,,,,,,,,,,
tissot-chrono-l-42mm,,,,,,,,,,,,,,,,,,,,,,,,,,,,,,,https://www.tissotwatches.com/dw/image/v2/BKKD_PRD/on/demandware.static/-/Sites-Tissot-Catalogue/default/dw005d2537/product-pictures/5c90d794-c69a-4eba-81f5-c766fe1293be_T116-417-11-042-00_DETAIL-2.png,6,Tissot Chrono L 42mm_6,,,,,,,,,,,,,,,,,,,,,,,,,,,,,,,,,,,,,,,,,,,,,,,,,,,,
tissot-chrono-l-42mm,Tissot Chrono L 42mm,"The Tissot Chrono L joins the Tissot XL family in 42mm ! Inspired by the Chrono XL, this new watch is great for those looking for a sporty and elegant chronograph, with Swiss technology and modern style. The G10.212 chrono quartz movement provides precision and robustness.  In addition, the watch is waterproof up to a pressure of 10 bar (100 meters/330 feet), and offers a visibility in low-light conditions guaranteed by the Super-LumiNova® coating on the needle-shaped hands. Straps and bracelets can be interchanged using Tissot’s easy-to-use quick strap change system, giving the owner the opportunity to choose from a wide range of compatible Tissot straps and personalise their watch to suit mood or occasion. Discover this 42mm chronograph watch with its black dial and very chic stainless steel bracelet.<br><br><table style=""width:100%; border-collapse:collapse;""><tr><td style=""font-weight:bold; border:1px solid #ddd; padding:8px;"">Brand</td><td style=""border:1px solid #ddd; padding:8px;"">Tissot</td></tr><tr><td style=""font-weight:bold; border:1px solid #ddd; padding:8px;"">Reference</td><td style=""border:1px solid #ddd; padding:8px;"">T1164171105200</td></tr><tr><td style=""font-weight:bold; border:1px solid #ddd; padding:8px;"">Case Material</td><td style=""border:1px solid #ddd; padding:8px;"">316L stainless steel case</td></tr><tr><td style=""font-weight:bold; border:1px solid #ddd; padding:8px;"">Movement</td><td style=""border:1px solid #ddd; padding:8px;"">Swiss quartz</td></tr><tr><td style=""font-weight:bold; border:1px solid #ddd; padding:8px;"">Water Resistance</td><td style=""border:1px solid #ddd; padding:8px;"">Water-resistant up to a pressure of 10 bar (100 m / 330 ft)</td></tr><tr><td style=""font-weight:bold; border:1px solid #ddd; padding:8px;"">Weight (g)</td><td style=""border:1px solid #ddd; padding:8px;"">170.0</td></tr><tr><td style=""font-weight:bold; border:1px solid #ddd; padding:8px;"">Case Shape</td><td style=""border:1px solid #ddd; padding:8px;"">Round</td></tr><tr><td style=""font-weight:bold; border:1px solid #ddd; padding:8px;"">Case Diameter (mm)</td><td style=""border:1px solid #ddd; padding:8px;"">42.0</td></tr><tr><td style=""font-weight:bold; border:1px solid #ddd; padding:8px;"">Case Thickness (mm)</td><td style=""border:1px solid #ddd; padding:8px;"">10.97</td></tr><tr><td style=""font-weight:bold; border:1px solid #ddd; padding:8px;"">Lug Width (mm)</td><td style=""border:1px solid #ddd; padding:8px;"">22.00</td></tr><tr><td style=""font-weight:bold; border:1px solid #ddd; padding:8px;"">Crystal</td><td style=""border:1px solid #ddd; padding:8px;"">Scratch-resistant sapphire crystal with antireflective coating</td></tr><tr><td style=""font-weight:bold; border:1px solid #ddd; padding:8px;"">Caliber</td><td style=""border:1px solid #ddd; padding:8px;"">13 1/4'''</td></tr><tr><td style=""font-weight:bold; border:1px solid #ddd; padding:8px;"">Movement Diameter (mm)</td><td style=""border:1px solid #ddd; padding:8px;"">29,8</td></tr><tr><td style=""font-weight:bold; border:1px solid #ddd; padding:8px;"">Functions</td><td style=""border:1px solid #ddd; padding:8px;"">EOL (battery end-of-life indicator), 30-minutes and 1/10 of a second counters, Central 60-seconds chronograph hand, ADD and SPLIT functions</td></tr><tr><td style=""font-weight:bold; border:1px solid #ddd; padding:8px;"">Dial Color</td><td style=""border:1px solid #ddd; padding:8px;"">Black</td></tr><tr><td style=""font-weight:bold; border:1px solid #ddd; padding:8px;"">Strap Color</td><td style=""border:1px solid #ddd; padding:8px;"">Grey</td></tr></table><br><br>
<div><strong>Easy Returns</strong></div>
<p>This item can be returned within 7 days.&nbsp;<a href=""https://theluxurydirect.com/pages/return-refund-policy"" rel=""noopener"" target=""_blank"">View our return policy</a><br><br></p>
<div><strong>USA Shipping</strong></div>
<p>All of our items ship from the United States.&nbsp;<a href=""https://theluxurydirect.com/pages/shipping-policy"" rel=""noopener"" target=""_blank"">Learn more</a></p>
<div><br></div>
<div><br></div>
",Tissot,Apparel & Accessories > Jewelry > Watches,Watches,"Watches, Wristwatches, SwiftCommerce_Tissot, Men's Watches",FALSE,Title,Default Title,,,,,,,,T116.417.11.052.00,90,shopify,deny,manual,475.00,,TRUE,TRUE,,,,,,https://www.tissotwatches.com/dw/image/v2/BKKD_PRD/on/demandware.static/-/Sites-Tissot-Catalogue/default/dw94f3cf9c/product-pictures/1a3549b6-b557-460b-b672-870f95ba8486_T116-417-11-052-00_PROFIL.png,1,Tissot Chrono L 42mm_1,FALSE,,,,316L stainless steel case,Men,Black,,,,,https://www.tissotwatches.com/en-us/T1164171105200.html,Water-resistant up to a pressure of 10 bar (100 m / 330 ft),,,adults,,,,,,,,,,,,,,,,,,,,,,male,,,,,,,,,,,g,,,draft
tissot-chrono-l-42mm,,,,,,,,,,,,,,,,,,,,,,,,,,,,,,,https://www.tissotwatches.com/dw/image/v2/BKKD_PRD/on/demandware.static/-/Sites-Tissot-Catalogue/default/dw71fec667/product-pictures/3cd6e0d4-b31b-4276-bfb7-80484aeabd83_T116-417-11-052-00_B1.png,2,Tissot Chrono L 42mm_2,,,,,,,,,,,,,,,,,,,,,,,,,,,,,,,,,,,,,,,,,,,,,,,,,,,,
tissot-chrono-l-42mm,,,,,,,,,,,,,,,,,,,,,,,,,,,,,,,https://www.tissotwatches.com/dw/image/v2/BKKD_PRD/on/demandware.static/-/Sites-Tissot-Catalogue/default/dw11a1f38b/product-pictures/f2e4408a-4661-450d-a14c-12819a2dde5d_T605-052-174_ZOOM.png,3,Tissot Chrono L 42mm_3,,,,,,,,,,,,,,,,,,,,,,,,,,,,,,,,,,,,,,,,,,,,,,,,,,,,
tissot-chrono-l-42mm,,,,,,,,,,,,,,,,,,,,,,,,,,,,,,,https://www.tissotwatches.com/dw/image/v2/BKKD_PRD/on/demandware.static/-/Sites-Tissot-Catalogue/default/dw796c6b68/product-pictures/b406a920-a5e0-4a57-924f-a3c3e953366d_T116-417-11-052-00_WRIST.png,4,Tissot Chrono L 42mm_4,,,,,,,,,,,,,,,,,,,,,,,,,,,,,,,,,,,,,,,,,,,,,,,,,,,,
tissot-glendora-gold-33mm,Tissot Glendora Gold 33mm,"A jewelery watch dedicated to active women wishing to express their graceful feminine charm through a luxury and modern timepiece. The crown is preciously decorated with a cabochon in the shape of a pyramid. Its contemporary design is emphasized by a steel case topped with a bezel in 18 carat solid gold. The counter weight of the second hand is skeletonized. Some models have a powdered leather strap in beige, anthracite or black.<br><br><table style=""width:100%; border-collapse:collapse;""><tr><td style=""font-weight:bold; border:1px solid #ddd; padding:8px;"">Brand</td><td style=""border:1px solid #ddd; padding:8px;"">Tissot</td></tr><tr><td style=""font-weight:bold; border:1px solid #ddd; padding:8px;"">Reference</td><td style=""border:1px solid #ddd; padding:8px;"">T9292104104600</td></tr><tr><td style=""font-weight:bold; border:1px solid #ddd; padding:8px;"">Case Material</td><td style=""border:1px solid #ddd; padding:8px;"">316L stainless steel case with 18K rose gold bezel</td></tr><tr><td style=""font-weight:bold; border:1px solid #ddd; padding:8px;"">Movement</td><td style=""border:1px solid #ddd; padding:8px;"">Swiss quartz</td></tr><tr><td style=""font-weight:bold; border:1px solid #ddd; padding:8px;"">Water Resistance</td><td style=""border:1px solid #ddd; padding:8px;"">Water-resistant up to a pressure of 3 bar (30 m / 100 ft)</td></tr><tr><td style=""font-weight:bold; border:1px solid #ddd; padding:8px;"">Weight (g)</td><td style=""border:1px solid #ddd; padding:8px;"">72.2</td></tr><tr><td style=""font-weight:bold; border:1px solid #ddd; padding:8px;"">Case Shape</td><td style=""border:1px solid #ddd; padding:8px;"">Round</td></tr><tr><td style=""font-weight:bold; border:1px solid #ddd; padding:8px;"">Case Diameter (mm)</td><td style=""border:1px solid #ddd; padding:8px;"">33.0</td></tr><tr><td style=""font-weight:bold; border:1px solid #ddd; padding:8px;"">Case Thickness (mm)</td><td style=""border:1px solid #ddd; padding:8px;"">7.57</td></tr><tr><td style=""font-weight:bold; border:1px solid #ddd; padding:8px;"">Lug Width (mm)</td><td style=""border:1px solid #ddd; padding:8px;"">16.00</td></tr><tr><td style=""font-weight:bold; border:1px solid #ddd; padding:8px;"">Crystal</td><td style=""border:1px solid #ddd; padding:8px;"">Scratch-resistant sapphire crystal</td></tr><tr><td style=""font-weight:bold; border:1px solid #ddd; padding:8px;"">Caliber</td><td style=""border:1px solid #ddd; padding:8px;"">10 1/2'''</td></tr><tr><td style=""font-weight:bold; border:1px solid #ddd; padding:8px;"">Movement Diameter (mm)</td><td style=""border:1px solid #ddd; padding:8px;"">23.3</td></tr><tr><td style=""font-weight:bold; border:1px solid #ddd; padding:8px;"">Functions</td><td style=""border:1px solid #ddd; padding:8px;"">EOL (battery end-of-life indicator)</td></tr><tr><td style=""font-weight:bold; border:1px solid #ddd; padding:8px;"">Dial Color</td><td style=""border:1px solid #ddd; padding:8px;"">Blue</td></tr><tr><td style=""font-weight:bold; border:1px solid #ddd; padding:8px;"">Strap Color</td><td style=""border:1px solid #ddd; padding:8px;"">Grey</td></tr></table><br><br>
<div><strong>Easy Returns</strong></div>
<p>This item can be returned within 7 days.&nbsp;<a href=""https://theluxurydirect.com/pages/return-refund-policy"" rel=""noopener"" target=""_blank"">View our return policy</a><br><br></p>
<div><strong>USA Shipping</strong></div>
<p>All of our items ship from the United States.&nbsp;<a href=""https://theluxurydirect.com/pages/shipping-policy"" rel=""noopener"" target=""_blank"">Learn more</a></p>
<div><br></div>
<div><br></div>
",Tissot,Apparel & Accessories > Jewelry > Watches,Watches,"Watches, Wristwatches, SwiftCommerce_Tissot, Women's Watches",FALSE,Title,Default Title,,,,,,,,T929.210.41.046.00,90,shopify,deny,manual,1.975.00,,TRUE,TRUE,,,,,,https://www.tissotwatches.com/dw/image/v2/BKKD_PRD/on/demandware.static/-/Sites-Tissot-Catalogue/default/dwbbe947e5/product-pictures/21db75d2-e3d0-43e4-b4c0-b99bbd855c93_T929_210_41_046_00_PROFIL.png,1,Tissot Glendora Gold 33mm_1,FALSE,,,,316L stainless steel case with 18K rose gold bezel,Women,Blue,,,,,https://www.tissotwatches.com/en-us/T9292104104600.html,Water-resistant up to a pressure of 3 bar (30 m / 100 ft),,,adults,,,,,,,,,,,,,,,,,,,,,,female,,,,,,,,,,,g,,,draft
tissot-glendora-gold-33mm,,,,,,,,,,,,,,,,,,,,,,,,,,,,,,,https://www.tissotwatches.com/dw/image/v2/BKKD_PRD/on/demandware.static/-/Sites-Tissot-Catalogue/default/dw1bbfc97b/product-pictures/fcb1034e-a1ea-485e-967e-fa24776abb04_T929_210_41_046_00_B1.png,2,Tissot Glendora Gold 33mm_2,,,,,,,,,,,,,,,,,,,,,,,,,,,,,,,,,,,,,,,,,,,,,,,,,,,,
tissot-glendora-gold-33mm,,,,,,,,,,,,,,,,,,,,,,,,,,,,,,,https://www.tissotwatches.com/dw/image/v2/BKKD_PRD/on/demandware.static/-/Sites-Tissot-Catalogue/default/dwf2da9f41/product-pictures/05b8bf01-8f21-4f33-bd4f-670b27773a60_T605-045-376_ZOOM.png,3,Tissot Glendora Gold 33mm_3,,,,,,,,,,,,,,,,,,,,,,,,,,,,,,,,,,,,,,,,,,,,,,,,,,,,
tissot-glendora-gold-33mm,,,,,,,,,,,,,,,,,,,,,,,,,,,,,,,https://www.tissotwatches.com/dw/image/v2/BKKD_PRD/on/demandware.static/-/Sites-Tissot-Catalogue/default/dw91d2f02f/product-pictures/36ba21ad-bf0c-47f1-9f2e-822a0ed7de6f_T929_210_41_046_00_WRIST.png,4,Tissot Glendora Gold 33mm_4,,,,,,,,,,,,,,,,,,,,,,,,,,,,,,,,,,,,,,,,,,,,,,,,,,,,
tissot-glendora-gold-33mm,,,,,,,,,,,,,,,,,,,,,,,,,,,,,,,https://www.tissotwatches.com/dw/image/v2/BKKD_PRD/on/demandware.static/-/Sites-Tissot-Catalogue/default/dw307b6939/product-pictures/a70a3478-e9f8-48d0-b478-567da068bc3d_T929-210-41-046-00_DETAIL-1.png,5,Tissot Glendora Gold 33mm_5,,,,,,,,,,,,,,,,,,,,,,,,,,,,,,,,,,,,,,,,,,,,,,,,,,,,
tissot-glendora-gold-33mm,,,,,,,,,,,,,,,,,,,,,,,,,,,,,,,https://www.tissotwatches.com/dw/image/v2/BKKD_PRD/on/demandware.static/-/Sites-Tissot-Catalogue/default/dw1bcae5f8/product-pictures/75fc52c5-e909-4acf-b06b-7af64e1b4146_T929_210_41_046_00_DETAIL-2.png,6,Tissot Glendora Gold 33mm_6,,,,,,,,,,,,,,,,,,,,,,,,,,,,,,,,,,,,,,,,,,,,,,,,,,,,
tissot-chrono-l-42mm,Tissot Chrono L 42mm,"The Tissot Chrono L joins the Tissot XL family in 42mm ! Inspired by the Chrono XL, this new watch is great for those looking for a sporty and elegant chronograph, with Swiss technology and modern style. The G10.212 chrono quartz movement provides precision and robustness.  In addition, the watch is waterproof up to a pressure of 10 bar (100 meters/330 feet), and offers a visibility in low-light conditions guaranteed by the Super-LumiNova® coating on the needle-shaped hands. Straps and bracelets can be interchanged using Tissot’s easy-to-use quick strap change system, giving the owner the opportunity to choose from a wide range of compatible Tissot straps and personalise their watch to suit mood or occasion. Discover this 42mm chronograph watch with its green dial and brown leather strap.<br><br><table style=""width:100%; border-collapse:collapse;""><tr><td style=""font-weight:bold; border:1px solid #ddd; padding:8px;"">Brand</td><td style=""border:1px solid #ddd; padding:8px;"">Tissot</td></tr><tr><td style=""font-weight:bold; border:1px solid #ddd; padding:8px;"">Reference</td><td style=""border:1px solid #ddd; padding:8px;"">T1164171609200</td></tr><tr><td style=""font-weight:bold; border:1px solid #ddd; padding:8px;"">Case Material</td><td style=""border:1px solid #ddd; padding:8px;"">316L stainless steel case</td></tr><tr><td style=""font-weight:bold; border:1px solid #ddd; padding:8px;"">Movement</td><td style=""border:1px solid #ddd; padding:8px;"">Swiss quartz</td></tr><tr><td style=""font-weight:bold; border:1px solid #ddd; padding:8px;"">Water Resistance</td><td style=""border:1px solid #ddd; padding:8px;"">Water-resistant up to a pressure of 10 bar (100 m / 330 ft)</td></tr><tr><td style=""font-weight:bold; border:1px solid #ddd; padding:8px;"">Weight (g)</td><td style=""border:1px solid #ddd; padding:8px;"">72.0</td></tr><tr><td style=""font-weight:bold; border:1px solid #ddd; padding:8px;"">Case Shape</td><td style=""border:1px solid #ddd; padding:8px;"">Round</td></tr><tr><td style=""font-weight:bold; border:1px solid #ddd; padding:8px;"">Case Diameter (mm)</td><td style=""border:1px solid #ddd; padding:8px;"">42.0</td></tr><tr><td style=""font-weight:bold; border:1px solid #ddd; padding:8px;"">Case Thickness (mm)</td><td style=""border:1px solid #ddd; padding:8px;"">10.97</td></tr><tr><td style=""font-weight:bold; border:1px solid #ddd; padding:8px;"">Lug Width (mm)</td><td style=""border:1px solid #ddd; padding:8px;"">22.00</td></tr><tr><td style=""font-weight:bold; border:1px solid #ddd; padding:8px;"">Crystal</td><td style=""border:1px solid #ddd; padding:8px;"">Scratch-resistant sapphire crystal with antireflective coating</td></tr><tr><td style=""font-weight:bold; border:1px solid #ddd; padding:8px;"">Caliber</td><td style=""border:1px solid #ddd; padding:8px;"">13 1/4'''</td></tr><tr><td style=""font-weight:bold; border:1px solid #ddd; padding:8px;"">Movement Diameter (mm)</td><td style=""border:1px solid #ddd; padding:8px;"">29,8</td></tr><tr><td style=""font-weight:bold; border:1px solid #ddd; padding:8px;"">Functions</td><td style=""border:1px solid #ddd; padding:8px;"">EOL (battery end-of-life indicator), 30-minutes and 1/10 of a second counters, Central 60-seconds chronograph hand, ADD and SPLIT functions</td></tr><tr><td style=""font-weight:bold; border:1px solid #ddd; padding:8px;"">Dial Color</td><td style=""border:1px solid #ddd; padding:8px;"">Green</td></tr><tr><td style=""font-weight:bold; border:1px solid #ddd; padding:8px;"">Strap Color</td><td style=""border:1px solid #ddd; padding:8px;"">Brown</td></tr></table><br><br>
<div><strong>Easy Returns</strong></div>
<p>This item can be returned within 7 days.&nbsp;<a href=""https://theluxurydirect.com/pages/return-refund-policy"" rel=""noopener"" target=""_blank"">View our return policy</a><br><br></p>
<div><strong>USA Shipping</strong></div>
<p>All of our items ship from the United States.&nbsp;<a href=""https://theluxurydirect.com/pages/shipping-policy"" rel=""noopener"" target=""_blank"">Learn more</a></p>
<div><br></div>
<div><br></div>
",Tissot,Apparel & Accessories > Jewelry > Watches,Watches,"Watches, Wristwatches, SwiftCommerce_Tissot, Men's Watches",FALSE,Title,Default Title,,,,,,,,T116.417.16.092.00,90,shopify,deny,manual,425.00,,TRUE,TRUE,,,,,,https://www.tissotwatches.com/dw/image/v2/BKKD_PRD/on/demandware.static/-/Sites-Tissot-Catalogue/default/dw19df2a6b/product-pictures/8d2a584a-ff26-45f1-8ade-2d16644eb982_T116-417-16-092-00_PROFIL.png,1,Tissot Chrono L 42mm_1,FALSE,,,,316L stainless steel case,Men,Green,,,,,https://www.tissotwatches.com/en-us/T1164171609200.html,Water-resistant up to a pressure of 10 bar (100 m / 330 ft),,,adults,,,,,,,,,,,,,,,,,,,,,,male,,,,,,,,,,,g,,,draft
tissot-chrono-l-42mm,,,,,,,,,,,,,,,,,,,,,,,,,,,,,,,https://www.tissotwatches.com/dw/image/v2/BKKD_PRD/on/demandware.static/-/Sites-Tissot-Catalogue/default/dwfe3d9523/product-pictures/db857467-d2d3-40b8-9310-efd661b2f32b_T116-417-16-092-00_B1.png,2,Tissot Chrono L 42mm_2,,,,,,,,,,,,,,,,,,,,,,,,,,,,,,,,,,,,,,,,,,,,,,,,,,,,
tissot-chrono-l-42mm,,,,,,,,,,,,,,,,,,,,,,,,,,,,,,,https://www.tissotwatches.com/dw/image/v2/BKKD_PRD/on/demandware.static/-/Sites-Tissot-Catalogue/default/dw575d8c35/product-pictures/ddd647e8-deb5-47dc-acf1-dd60cbf574a6_T600-052-170_ZOOM.png,3,Tissot Chrono L 42mm_3,,,,,,,,,,,,,,,,,,,,,,,,,,,,,,,,,,,,,,,,,,,,,,,,,,,,
tissot-chrono-l-42mm,,,,,,,,,,,,,,,,,,,,,,,,,,,,,,,https://www.tissotwatches.com/dw/image/v2/BKKD_PRD/on/demandware.static/-/Sites-Tissot-Catalogue/default/dwcc897105/product-pictures/cdc49f77-392d-4859-9f44-26d5b94cb737_T116-417-16-092-00_WRIST.png,4,Tissot Chrono L 42mm_4,,,,,,,,,,,,,,,,,,,,,,,,,,,,,,,,,,,,,,,,,,,,,,,,,,,,
tissot-lovely-round-19-5mm,Tissot Lovely Round 19.5mm,"This stunning piece conveys the very essence of class with its discrete yet absolutely gorgeous mini-size and feminine round case. These watches carry their name well as they are truly lovely timepieces with completely irresistible charm. Discover this lovely version with its facetted sapphire glass, its burgundy dial and matching leather strap, for a chic and elevated look.<br><br><table style=""width:100%; border-collapse:collapse;""><tr><td style=""font-weight:bold; border:1px solid #ddd; padding:8px;"">Brand</td><td style=""border:1px solid #ddd; padding:8px;"">Tissot</td></tr><tr><td style=""font-weight:bold; border:1px solid #ddd; padding:8px;"">Reference</td><td style=""border:1px solid #ddd; padding:8px;"">T1400093637100</td></tr><tr><td style=""font-weight:bold; border:1px solid #ddd; padding:8px;"">Case Material</td><td style=""border:1px solid #ddd; padding:8px;"">316L stainless steel case with yellow gold PVD coating</td></tr><tr><td style=""font-weight:bold; border:1px solid #ddd; padding:8px;"">Movement</td><td style=""border:1px solid #ddd; padding:8px;"">Swiss quartz</td></tr><tr><td style=""font-weight:bold; border:1px solid #ddd; padding:8px;"">Water Resistance</td><td style=""border:1px solid #ddd; padding:8px;"">Water-resistant up to a pressure of 3 bar (30 m / 100 ft)</td></tr><tr><td style=""font-weight:bold; border:1px solid #ddd; padding:8px;"">Weight (g)</td><td style=""border:1px solid #ddd; padding:8px;"">13.0</td></tr><tr><td style=""font-weight:bold; border:1px solid #ddd; padding:8px;"">Case Shape</td><td style=""border:1px solid #ddd; padding:8px;"">Round</td></tr><tr><td style=""font-weight:bold; border:1px solid #ddd; padding:8px;"">Case Diameter (mm)</td><td style=""border:1px solid #ddd; padding:8px;"">19.5</td></tr><tr><td style=""font-weight:bold; border:1px solid #ddd; padding:8px;"">Case Thickness (mm)</td><td style=""border:1px solid #ddd; padding:8px;"">6.3</td></tr><tr><td style=""font-weight:bold; border:1px solid #ddd; padding:8px;"">Lug Width (mm)</td><td style=""border:1px solid #ddd; padding:8px;"">6.00</td></tr><tr><td style=""font-weight:bold; border:1px solid #ddd; padding:8px;"">Crystal</td><td style=""border:1px solid #ddd; padding:8px;"">Scratch-resistant sapphire crystal</td></tr><tr><td style=""font-weight:bold; border:1px solid #ddd; padding:8px;"">Caliber</td><td style=""border:1px solid #ddd; padding:8px;"">5 1/2''' x 6 3/4'''</td></tr><tr><td style=""font-weight:bold; border:1px solid #ddd; padding:8px;"">Movement Diameter (mm)</td><td style=""border:1px solid #ddd; padding:8px;"">13 x 15.15</td></tr><tr><td style=""font-weight:bold; border:1px solid #ddd; padding:8px;"">Dial Color</td><td style=""border:1px solid #ddd; padding:8px;"">Bordeaux</td></tr><tr><td style=""font-weight:bold; border:1px solid #ddd; padding:8px;"">Strap Color</td><td style=""border:1px solid #ddd; padding:8px;"">Burgundy</td></tr></table><br><br>
<div><strong>Easy Returns</strong></div>
<p>This item can be returned within 7 days.&nbsp;<a href=""https://theluxurydirect.com/pages/return-refund-policy"" rel=""noopener"" target=""_blank"">View our return policy</a><br><br></p>
<div><strong>USA Shipping</strong></div>
<p>All of our items ship from the United States.&nbsp;<a href=""https://theluxurydirect.com/pages/shipping-policy"" rel=""noopener"" target=""_blank"">Learn more</a></p>
<div><br></div>
<div><br></div>
",Tissot,Apparel & Accessories > Jewelry > Watches,Watches,"Watches, Wristwatches, SwiftCommerce_Tissot, Women's Watches",FALSE,Title,Default Title,,,,,,,,T140.009.36.371.00,90,shopify,deny,manual,395.00,,TRUE,TRUE,,,,,,https://www.tissotwatches.com/dw/image/v2/BKKD_PRD/on/demandware.static/-/Sites-Tissot-Catalogue/default/dw89229f09/product-pictures/f81d9960-b169-48fb-94cd-22bc907d0e27_T140-009-36-371-00_PROFIL.png,1,Tissot Lovely Round 19.5mm_1,FALSE,,,,316L stainless steel case with yellow gold PVD coating,Women,Bordeaux,,,,,https://www.tissotwatches.com/en-us/T1400093637100.html,Water-resistant up to a pressure of 3 bar (30 m / 100 ft),,,adults,,,,,,,,,,,,,,,,,,,,,,female,,,,,,,,,,,g,,,draft
tissot-lovely-round-19-5mm,,,,,,,,,,,,,,,,,,,,,,,,,,,,,,,https://www.tissotwatches.com/dw/image/v2/BKKD_PRD/on/demandware.static/-/Sites-Tissot-Catalogue/default/dw9169a360/product-pictures/dd1b5213-ce2d-4de7-87df-5943ff6c23a3_T140-009-36-371-00_B1.png,2,Tissot Lovely Round 19.5mm_2,,,,,,,,,,,,,,,,,,,,,,,,,,,,,,,,,,,,,,,,,,,,,,,,,,,,
tissot-lovely-round-19-5mm,,,,,,,,,,,,,,,,,,,,,,,,,,,,,,,https://www.tissotwatches.com/dw/image/v2/BKKD_PRD/on/demandware.static/-/Sites-Tissot-Catalogue/default/dw68e41c25/product-pictures/75ec1d99-10df-40ff-b83a-c17afec18732_T600-051-846_ZOOM.png,3,Tissot Lovely Round 19.5mm_3,,,,,,,,,,,,,,,,,,,,,,,,,,,,,,,,,,,,,,,,,,,,,,,,,,,,
tissot-lovely-round-19-5mm,,,,,,,,,,,,,,,,,,,,,,,,,,,,,,,https://www.tissotwatches.com/dw/image/v2/BKKD_PRD/on/demandware.static/-/Sites-Tissot-Catalogue/default/dwf8716c0a/product-pictures/5dcbdab3-8d96-411c-ba9f-10a562c041b7_T140-009-36-371-00_WRIST.png,4,Tissot Lovely Round 19.5mm_4,,,,,,,,,,,,,,,,,,,,,,,,,,,,,,,,,,,,,,,,,,,,,,,,,,,,
tissot-rockwatch-38mm,Tissot Rockwatch 38mm,"The Rockwatch is coming back. A legacy carved in stone Alpine granite from the Jungfrau massif takes on a new form. In 1985, Tissot achieved a world first by carving time into stone: the Rockwatch. Today, it returns, transforming raw granite into a 38 mm case, whose surface reveals natural textures shaped by time. Each watch is unique, each with its own story to tell. Limited to 999 numbered pieces worldwide, the Rockwatch is available exclusively at select retailers.<br><br><table style=""width:100%; border-collapse:collapse;""><tr><td style=""font-weight:bold; border:1px solid #ddd; padding:8px;"">Brand</td><td style=""border:1px solid #ddd; padding:8px;"">Tissot</td></tr><tr><td style=""font-weight:bold; border:1px solid #ddd; padding:8px;"">Reference</td><td style=""border:1px solid #ddd; padding:8px;"">T1474099651000</td></tr><tr><td style=""font-weight:bold; border:1px solid #ddd; padding:8px;"">Case Material</td><td style=""border:1px solid #ddd; padding:8px;"">Granite stone with 316L stainless steel caseback</td></tr><tr><td style=""font-weight:bold; border:1px solid #ddd; padding:8px;"">Movement</td><td style=""border:1px solid #ddd; padding:8px;"">Swiss quartz</td></tr><tr><td style=""font-weight:bold; border:1px solid #ddd; padding:8px;"">Weight (g)</td><td style=""border:1px solid #ddd; padding:8px;"">36.0</td></tr><tr><td style=""font-weight:bold; border:1px solid #ddd; padding:8px;"">Case Shape</td><td style=""border:1px solid #ddd; padding:8px;"">Round</td></tr><tr><td style=""font-weight:bold; border:1px solid #ddd; padding:8px;"">Case Diameter (mm)</td><td style=""border:1px solid #ddd; padding:8px;"">38.0</td></tr><tr><td style=""font-weight:bold; border:1px solid #ddd; padding:8px;"">Case Thickness (mm)</td><td style=""border:1px solid #ddd; padding:8px;"">8.6</td></tr><tr><td style=""font-weight:bold; border:1px solid #ddd; padding:8px;"">Lug Width (mm)</td><td style=""border:1px solid #ddd; padding:8px;"">9.00</td></tr><tr><td style=""font-weight:bold; border:1px solid #ddd; padding:8px;"">Crystal</td><td style=""border:1px solid #ddd; padding:8px;"">Domed scratch-resistant sapphire crystal with antireflective coating</td></tr><tr><td style=""font-weight:bold; border:1px solid #ddd; padding:8px;"">Caliber</td><td style=""border:1px solid #ddd; padding:8px;"">7 3/4'''</td></tr><tr><td style=""font-weight:bold; border:1px solid #ddd; padding:8px;"">Movement Diameter (mm)</td><td style=""border:1px solid #ddd; padding:8px;"">17,2</td></tr><tr><td style=""font-weight:bold; border:1px solid #ddd; padding:8px;"">Functions</td><td style=""border:1px solid #ddd; padding:8px;"">EOL (battery end-of-life indicator)</td></tr><tr><td style=""font-weight:bold; border:1px solid #ddd; padding:8px;"">Dial Color</td><td style=""border:1px solid #ddd; padding:8px;"">No dial</td></tr><tr><td style=""font-weight:bold; border:1px solid #ddd; padding:8px;"">Strap Color</td><td style=""border:1px solid #ddd; padding:8px;"">Black</td></tr></table><br><br>
<div><strong>Easy Returns</strong></div>
<p>This item can be returned within 7 days.&nbsp;<a href=""https://theluxurydirect.com/pages/return-refund-policy"" rel=""noopener"" target=""_blank"">View our return policy</a><br><br></p>
<div><strong>USA Shipping</strong></div>
<p>All of our items ship from the United States.&nbsp;<a href=""https://theluxurydirect.com/pages/shipping-policy"" rel=""noopener"" target=""_blank"">Learn more</a></p>
<div><br></div>
<div><br></div>
",Tissot,Apparel & Accessories > Jewelry > Watches,Watches,"Watches, Wristwatches, SwiftCommerce_Tissot",FALSE,Title,Default Title,,,,,,,,T147.409.96.510.00 - Limited edition 999 pieces,90,shopify,deny,manual,1.225.00,,TRUE,TRUE,,,,,,https://www.tissotwatches.com/dw/image/v2/BKKD_PRD/on/demandware.static/-/Sites-Tissot-Catalogue/default/dw9eb80672/product-pictures/3aa0a466-f936-4b52-ae8a-c5fe44477a51_T147-409-96-510-00_PROFIL.png,1,Tissot Rockwatch 38mm_1,FALSE,,,,Granite stone with 316L stainless steel caseback,Unisex,No dial,,,,,https://www.tissotwatches.com/en-us/T1474099651000.html,,,,adults,,,,,,,,,,,,,,,,,,,,,,unisex,,,,,,,,,,,g,,,draft
tissot-rockwatch-38mm,,,,,,,,,,,,,,,,,,,,,,,,,,,,,,,https://www.tissotwatches.com/dw/image/v2/BKKD_PRD/on/demandware.static/-/Sites-Tissot-Catalogue/default/dwc78f649c/product-pictures/aff6a136-7e01-4598-a85d-64933029794e_T147-409-96-510-00_B1.png,2,Tissot Rockwatch 38mm_2,,,,,,,,,,,,,,,,,,,,,,,,,,,,,,,,,,,,,,,,,,,,,,,,,,,,
tissot-rockwatch-38mm,,,,,,,,,,,,,,,,,,,,,,,,,,,,,,,https://www.tissotwatches.com/dw/image/v2/BKKD_PRD/on/demandware.static/-/Sites-Tissot-Catalogue/default/dwe91d014b/product-pictures/682303b0-afbc-45fd-98f5-2a161babd3de_T600-051-292_ZOOM.png,3,Tissot Rockwatch 38mm_3,,,,,,,,,,,,,,,,,,,,,,,,,,,,,,,,,,,,,,,,,,,,,,,,,,,,
tissot-rockwatch-38mm,,,,,,,,,,,,,,,,,,,,,,,,,,,,,,,https://www.tissotwatches.com/dw/image/v2/BKKD_PRD/on/demandware.static/-/Sites-Tissot-Catalogue/default/dwcbc79734/product-pictures/fb3cdce7-768a-4f77-8f28-9f7b6c87cfe1_T147-409-96-510-00_WRIST.png,4,Tissot Rockwatch 38mm_4,,,,,,,,,,,,,,,,,,,,,,,,,,,,,,,,,,,,,,,,,,,,,,,,,,,,
tissot-rockwatch-38mm,,,,,,,,,,,,,,,,,,,,,,,,,,,,,,,https://www.tissotwatches.com/dw/image/v2/BKKD_PRD/on/demandware.static/-/Sites-Tissot-Catalogue/default/dw553f6172/product-pictures/2376438f-0626-4f58-ade0-9b0723794d29_T147-409-96-510-00_DETAIL-1.png,5,Tissot Rockwatch 38mm_5,,,,,,,,,,,,,,,,,,,,,,,,,,,,,,,,,,,,,,,,,,,,,,,,,,,,
tissot-rockwatch-38mm,,,,,,,,,,,,,,,,,,,,,,,,,,,,,,,https://www.tissotwatches.com/dw/image/v2/BKKD_PRD/on/demandware.static/-/Sites-Tissot-Catalogue/default/dw03bb8f20/product-pictures/263147ac-5a85-4749-a94a-12fe810c5a60_T147-409-96-510-00_DETAIL-2.png,6,Tissot Rockwatch 38mm_6,,,,,,,,,,,,,,,,,,,,,,,,,,,,,,,,,,,,,,,,,,,,,,,,,,,,
tissot-rockwatch-38mm,,,,,,,,,,,,,,,,,,,,,,,,,,,,,,,https://www.tissotwatches.com/dw/image/v2/BKKD_PRD/on/demandware.static/-/Sites-Tissot-Catalogue/default/dw39825f66/product-pictures/78c43ea1-5e16-4746-94d3-86f74bf562a7_T147-409-96-510-00_SLEEVED-BOX.png,7,Tissot Rockwatch 38mm_7,,,,,,,,,,,,,,,,,,,,,,,,,,,,,,,,,,,,,,,,,,,,,,,,,,,,
tissot-rockwatch-38mm,,,,,,,,,,,,,,,,,,,,,,,,,,,,,,,https://www.tissotwatches.com/dw/image/v2/BKKD_PRD/on/demandware.static/-/Sites-Tissot-Catalogue/default/dw89417767/product-pictures/56289465-94e8-4480-a6c5-8e468d9d6bb6_T147-409-96-510-00_OPENED-BOX.png,8,Tissot Rockwatch 38mm_8,,,,,,,,,,,,,,,,,,,,,,,,,,,,,,,,,,,,,,,,,,,,,,,,,,,,
tissot-rockwatch-38mm,,,,,,,,,,,,,,,,,,,,,,,,,,,,,,,https://www.tissotwatches.com/dw/image/v2/BKKD_PRD/on/demandware.static/-/Sites-Tissot-Catalogue/default/dwde45566e/product-pictures/e0254015-be40-4c8a-8fb8-c267f8d274ee_T147-409-96-510-00_CLOSED-BOX.png,9,Tissot Rockwatch 38mm_9,,,,,,,,,,,,,,,,,,,,,,,,,,,,,,,,,,,,,,,,,,,,,,,,,,,,
tissot-srv-30mm,Tissot SRV 30mm,"The SRV watch is inspired by Art Deco, a distinctive style which flourished in the 1920s. Characterized by geometric shapes and abstract patterns, it became a dominant style in architecture, interior design, fashion and graphic arts. While the SRV is directly inspired from a model from 1975, that very design was itself a reinterpretation of Tissot’s earlier creations from the 1920s. SRV stands for Sapphire Rectangle V, the perfect name for a faceted sapphire glass with a rectangular silhouette, and a 5-bar water resistance, symbolized by the roman number 5. Its quartz movement delivers reliable precision while the End-Of-Life indicator lets you know when it’s time for a battery change. This rectangular watch with a mother-of-pearl dial will elevate your look and offer you confidence and comfort. The metal bracelet is comfortable, robust, easy to clean and long-lasting.<br><br><table style=""width:100%; border-collapse:collapse;""><tr><td style=""font-weight:bold; border:1px solid #ddd; padding:8px;"">Brand</td><td style=""border:1px solid #ddd; padding:8px;"">Tissot</td></tr><tr><td style=""font-weight:bold; border:1px solid #ddd; padding:8px;"">Reference</td><td style=""border:1px solid #ddd; padding:8px;"">T1601103311300</td></tr><tr><td style=""font-weight:bold; border:1px solid #ddd; padding:8px;"">Case Material</td><td style=""border:1px solid #ddd; padding:8px;"">316L stainless steel case with yellow gold PVD coating</td></tr><tr><td style=""font-weight:bold; border:1px solid #ddd; padding:8px;"">Movement</td><td style=""border:1px solid #ddd; padding:8px;"">Swiss quartz</td></tr><tr><td style=""font-weight:bold; border:1px solid #ddd; padding:8px;"">Water Resistance</td><td style=""border:1px solid #ddd; padding:8px;"">Water-resistant up to a pressure of 5 bar (50 m / 165 ft)</td></tr><tr><td style=""font-weight:bold; border:1px solid #ddd; padding:8px;"">Weight (g)</td><td style=""border:1px solid #ddd; padding:8px;"">74.0</td></tr><tr><td style=""font-weight:bold; border:1px solid #ddd; padding:8px;"">Case Shape</td><td style=""border:1px solid #ddd; padding:8px;"">Rectangular</td></tr><tr><td style=""font-weight:bold; border:1px solid #ddd; padding:8px;"">Case Diameter (mm)</td><td style=""border:1px solid #ddd; padding:8px;"">21.8</td></tr><tr><td style=""font-weight:bold; border:1px solid #ddd; padding:8px;"">Case Thickness (mm)</td><td style=""border:1px solid #ddd; padding:8px;"">7.25</td></tr><tr><td style=""font-weight:bold; border:1px solid #ddd; padding:8px;"">Lug Width (mm)</td><td style=""border:1px solid #ddd; padding:8px;"">12.00</td></tr><tr><td style=""font-weight:bold; border:1px solid #ddd; padding:8px;"">Crystal</td><td style=""border:1px solid #ddd; padding:8px;"">Scratch-resistant sapphire crystal</td></tr><tr><td style=""font-weight:bold; border:1px solid #ddd; padding:8px;"">Caliber</td><td style=""border:1px solid #ddd; padding:8px;"">6 3/4''' x 8'''</td></tr><tr><td style=""font-weight:bold; border:1px solid #ddd; padding:8px;"">Movement Diameter (mm)</td><td style=""border:1px solid #ddd; padding:8px;"">15.30 x 17.80</td></tr><tr><td style=""font-weight:bold; border:1px solid #ddd; padding:8px;"">Dial Color</td><td style=""border:1px solid #ddd; padding:8px;"">White mother-of-pearl</td></tr><tr><td style=""font-weight:bold; border:1px solid #ddd; padding:8px;"">Strap Color</td><td style=""border:1px solid #ddd; padding:8px;"">Yellow Gold 1N14</td></tr></table><br><br>
<div><strong>Easy Returns</strong></div>
<p>This item can be returned within 7 days.&nbsp;<a href=""https://theluxurydirect.com/pages/return-refund-policy"" rel=""noopener"" target=""_blank"">View our return policy</a><br><br></p>
<div><strong>USA Shipping</strong></div>
<p>All of our items ship from the United States.&nbsp;<a href=""https://theluxurydirect.com/pages/shipping-policy"" rel=""noopener"" target=""_blank"">Learn more</a></p>
<div><br></div>
<div><br></div>
",Tissot,Apparel & Accessories > Jewelry > Watches,Watches,"Watches, Wristwatches, SwiftCommerce_Tissot, Women's Watches",FALSE,Title,Default Title,,,,,,,,T160.110.33.113.00,90,shopify,deny,manual,575.00,,TRUE,TRUE,,,,,,https://www.tissotwatches.com/dw/image/v2/BKKD_PRD/on/demandware.static/-/Sites-Tissot-Catalogue/default/dw251347e0/product-pictures/97098c8b-cef2-4d3b-99b9-0356e3b65d18_T160-110-33-113-00_PROFIL.png,1,Tissot SRV 30mm_1,FALSE,,,,316L stainless steel case with yellow gold PVD coating,Women,White mother-of-pearl,,,,,https://www.tissotwatches.com/en-us/T1601103311300.html,Water-resistant up to a pressure of 5 bar (50 m / 165 ft),,,adults,,,,,,,,,,,,,,,,,,,,,,female,,,,,,,,,,,g,,,draft
tissot-srv-30mm,,,,,,,,,,,,,,,,,,,,,,,,,,,,,,,https://www.tissotwatches.com/dw/image/v2/BKKD_PRD/on/demandware.static/-/Sites-Tissot-Catalogue/default/dwf5f70161/product-pictures/669a4ac7-e50e-4278-8327-fbd850a87f80_T160-110-33-113-00_B1.png,2,Tissot SRV 30mm_2,,,,,,,,,,,,,,,,,,,,,,,,,,,,,,,,,,,,,,,,,,,,,,,,,,,,
tissot-srv-30mm,,,,,,,,,,,,,,,,,,,,,,,,,,,,,,,https://www.tissotwatches.com/dw/image/v2/BKKD_PRD/on/demandware.static/-/Sites-Tissot-Catalogue/default/dw920aaf6c/product-pictures/2e3cc4ee-4f01-4cff-b368-b397cf9ac7ee_T605-051-132_ZOOM.png,3,Tissot SRV 30mm_3,,,,,,,,,,,,,,,,,,,,,,,,,,,,,,,,,,,,,,,,,,,,,,,,,,,,
tissot-srv-30mm,,,,,,,,,,,,,,,,,,,,,,,,,,,,,,,https://www.tissotwatches.com/dw/image/v2/BKKD_PRD/on/demandware.static/-/Sites-Tissot-Catalogue/default/dw08b76d03/product-pictures/46243114-488d-4453-a787-42f1840f9188_T160-110-33-113-00_DETAIL-1.png,4,Tissot SRV 30mm_4,,,,,,,,,,,,,,,,,,,,,,,,,,,,,,,,,,,,,,,,,,,,,,,,,,,,
